[2026-06-29T00:00:49.324+0000] {processor.py:161} INFO - Started process (PID=407) to work on /opt/airflow/dags/pipeline_economia.py
[2026-06-29T00:00:49.326+0000] {processor.py:830} INFO - Processing file /opt/airflow/dags/pipeline_economia.py for tasks to queue
[2026-06-29T00:00:49.329+0000] {logging_mixin.py:188} INFO - [2026-06-29T00:00:49.328+0000] {dagbag.py:540} INFO - Filling up the DagBag from /opt/airflow/dags/pipeline_economia.py
[2026-06-29T00:00:50.454+0000] {processor.py:840} INFO - DAG(s) 'pipeline_economia_br' retrieved from /opt/airflow/dags/pipeline_economia.py
[2026-06-29T00:00:50.480+0000] {logging_mixin.py:188} INFO - [2026-06-29T00:00:50.480+0000] {dag.py:3096} INFO - Sync 1 DAGs
[2026-06-29T00:00:50.500+0000] {logging_mixin.py:188} INFO - [2026-06-29T00:00:50.500+0000] {dag.py:3954} INFO - Setting next_dagrun for pipeline_economia_br to 2026-06-27 08:00:00+00:00, run_after=2026-06-28 08:00:00+00:00
[2026-06-29T00:00:50.545+0000] {processor.py:183} INFO - Processing /opt/airflow/dags/pipeline_economia.py took 1.241 seconds
[2026-06-29T00:01:20.992+0000] {processor.py:161} INFO - Started process (PID=416) to work on /opt/airflow/dags/pipeline_economia.py
[2026-06-29T00:01:20.994+0000] {processor.py:830} INFO - Processing file /opt/airflow/dags/pipeline_economia.py for tasks to queue
[2026-06-29T00:01:20.996+0000] {logging_mixin.py:188} INFO - [2026-06-29T00:01:20.995+0000] {dagbag.py:540} INFO - Filling up the DagBag from /opt/airflow/dags/pipeline_economia.py
[2026-06-29T00:01:21.573+0000] {processor.py:840} INFO - DAG(s) 'pipeline_economia_br' retrieved from /opt/airflow/dags/pipeline_economia.py
[2026-06-29T00:01:21.595+0000] {logging_mixin.py:188} INFO - [2026-06-29T00:01:21.594+0000] {dag.py:3096} INFO - Sync 1 DAGs
[2026-06-29T00:01:21.609+0000] {logging_mixin.py:188} INFO - [2026-06-29T00:01:21.609+0000] {dag.py:3954} INFO - Setting next_dagrun for pipeline_economia_br to 2026-06-27 08:00:00+00:00, run_after=2026-06-28 08:00:00+00:00
[2026-06-29T00:01:21.625+0000] {processor.py:183} INFO - Processing /opt/airflow/dags/pipeline_economia.py took 0.638 seconds
[2026-06-29T00:01:51.845+0000] {processor.py:161} INFO - Started process (PID=423) to work on /opt/airflow/dags/pipeline_economia.py
[2026-06-29T00:01:51.847+0000] {processor.py:830} INFO - Processing file /opt/airflow/dags/pipeline_economia.py for tasks to queue
[2026-06-29T00:01:51.848+0000] {logging_mixin.py:188} INFO - [2026-06-29T00:01:51.848+0000] {dagbag.py:540} INFO - Filling up the DagBag from /opt/airflow/dags/pipeline_economia.py
[2026-06-29T00:01:52.439+0000] {processor.py:840} INFO - DAG(s) 'pipeline_economia_br' retrieved from /opt/airflow/dags/pipeline_economia.py
[2026-06-29T00:01:52.462+0000] {logging_mixin.py:188} INFO - [2026-06-29T00:01:52.461+0000] {dag.py:3096} INFO - Sync 1 DAGs
[2026-06-29T00:01:52.476+0000] {logging_mixin.py:188} INFO - [2026-06-29T00:01:52.476+0000] {dag.py:3954} INFO - Setting next_dagrun for pipeline_economia_br to 2026-06-27 08:00:00+00:00, run_after=2026-06-28 08:00:00+00:00
[2026-06-29T00:01:52.491+0000] {processor.py:183} INFO - Processing /opt/airflow/dags/pipeline_economia.py took 0.651 seconds
[2026-06-29T00:02:22.744+0000] {processor.py:161} INFO - Started process (PID=430) to work on /opt/airflow/dags/pipeline_economia.py
[2026-06-29T00:02:22.745+0000] {processor.py:830} INFO - Processing file /opt/airflow/dags/pipeline_economia.py for tasks to queue
[2026-06-29T00:02:22.746+0000] {logging_mixin.py:188} INFO - [2026-06-29T00:02:22.746+0000] {dagbag.py:540} INFO - Filling up the DagBag from /opt/airflow/dags/pipeline_economia.py
[2026-06-29T00:02:23.336+0000] {processor.py:840} INFO - DAG(s) 'pipeline_economia_br' retrieved from /opt/airflow/dags/pipeline_economia.py
[2026-06-29T00:02:23.356+0000] {logging_mixin.py:188} INFO - [2026-06-29T00:02:23.356+0000] {dag.py:3096} INFO - Sync 1 DAGs
[2026-06-29T00:02:23.373+0000] {logging_mixin.py:188} INFO - [2026-06-29T00:02:23.373+0000] {dag.py:3954} INFO - Setting next_dagrun for pipeline_economia_br to 2026-06-27 08:00:00+00:00, run_after=2026-06-28 08:00:00+00:00
[2026-06-29T00:02:23.387+0000] {processor.py:183} INFO - Processing /opt/airflow/dags/pipeline_economia.py took 0.648 seconds
[2026-06-29T00:02:53.632+0000] {processor.py:161} INFO - Started process (PID=437) to work on /opt/airflow/dags/pipeline_economia.py
[2026-06-29T00:02:53.633+0000] {processor.py:830} INFO - Processing file /opt/airflow/dags/pipeline_economia.py for tasks to queue
[2026-06-29T00:02:53.635+0000] {logging_mixin.py:188} INFO - [2026-06-29T00:02:53.635+0000] {dagbag.py:540} INFO - Filling up the DagBag from /opt/airflow/dags/pipeline_economia.py
[2026-06-29T00:02:54.365+0000] {processor.py:840} INFO - DAG(s) 'pipeline_economia_br' retrieved from /opt/airflow/dags/pipeline_economia.py
[2026-06-29T00:02:54.389+0000] {logging_mixin.py:188} INFO - [2026-06-29T00:02:54.389+0000] {dag.py:3096} INFO - Sync 1 DAGs
[2026-06-29T00:02:54.404+0000] {logging_mixin.py:188} INFO - [2026-06-29T00:02:54.403+0000] {dag.py:3954} INFO - Setting next_dagrun for pipeline_economia_br to 2026-06-27 08:00:00+00:00, run_after=2026-06-28 08:00:00+00:00
[2026-06-29T00:02:54.419+0000] {processor.py:183} INFO - Processing /opt/airflow/dags/pipeline_economia.py took 0.793 seconds
[2026-06-29T00:03:24.477+0000] {processor.py:161} INFO - Started process (PID=444) to work on /opt/airflow/dags/pipeline_economia.py
[2026-06-29T00:03:24.478+0000] {processor.py:830} INFO - Processing file /opt/airflow/dags/pipeline_economia.py for tasks to queue
[2026-06-29T00:03:24.480+0000] {logging_mixin.py:188} INFO - [2026-06-29T00:03:24.480+0000] {dagbag.py:540} INFO - Filling up the DagBag from /opt/airflow/dags/pipeline_economia.py
[2026-06-29T00:03:25.029+0000] {processor.py:840} INFO - DAG(s) 'pipeline_economia_br' retrieved from /opt/airflow/dags/pipeline_economia.py
[2026-06-29T00:03:25.049+0000] {logging_mixin.py:188} INFO - [2026-06-29T00:03:25.049+0000] {dag.py:3096} INFO - Sync 1 DAGs
[2026-06-29T00:03:25.064+0000] {logging_mixin.py:188} INFO - [2026-06-29T00:03:25.064+0000] {dag.py:3954} INFO - Setting next_dagrun for pipeline_economia_br to 2026-06-27 08:00:00+00:00, run_after=2026-06-28 08:00:00+00:00
[2026-06-29T00:03:25.078+0000] {processor.py:183} INFO - Processing /opt/airflow/dags/pipeline_economia.py took 0.607 seconds
[2026-06-29T00:03:55.305+0000] {processor.py:161} INFO - Started process (PID=451) to work on /opt/airflow/dags/pipeline_economia.py
[2026-06-29T00:03:55.306+0000] {processor.py:830} INFO - Processing file /opt/airflow/dags/pipeline_economia.py for tasks to queue
[2026-06-29T00:03:55.308+0000] {logging_mixin.py:188} INFO - [2026-06-29T00:03:55.307+0000] {dagbag.py:540} INFO - Filling up the DagBag from /opt/airflow/dags/pipeline_economia.py
[2026-06-29T00:03:56.048+0000] {processor.py:840} INFO - DAG(s) 'pipeline_economia_br' retrieved from /opt/airflow/dags/pipeline_economia.py
[2026-06-29T00:03:56.073+0000] {logging_mixin.py:188} INFO - [2026-06-29T00:03:56.072+0000] {dag.py:3096} INFO - Sync 1 DAGs
[2026-06-29T00:03:56.087+0000] {logging_mixin.py:188} INFO - [2026-06-29T00:03:56.087+0000] {dag.py:3954} INFO - Setting next_dagrun for pipeline_economia_br to 2026-06-27 08:00:00+00:00, run_after=2026-06-28 08:00:00+00:00
[2026-06-29T00:03:56.101+0000] {processor.py:183} INFO - Processing /opt/airflow/dags/pipeline_economia.py took 0.803 seconds
[2026-06-29T00:04:26.357+0000] {processor.py:161} INFO - Started process (PID=458) to work on /opt/airflow/dags/pipeline_economia.py
[2026-06-29T00:04:26.358+0000] {processor.py:830} INFO - Processing file /opt/airflow/dags/pipeline_economia.py for tasks to queue
[2026-06-29T00:04:26.360+0000] {logging_mixin.py:188} INFO - [2026-06-29T00:04:26.360+0000] {dagbag.py:540} INFO - Filling up the DagBag from /opt/airflow/dags/pipeline_economia.py
[2026-06-29T00:04:26.913+0000] {processor.py:840} INFO - DAG(s) 'pipeline_economia_br' retrieved from /opt/airflow/dags/pipeline_economia.py
[2026-06-29T00:04:26.934+0000] {logging_mixin.py:188} INFO - [2026-06-29T00:04:26.933+0000] {dag.py:3096} INFO - Sync 1 DAGs
[2026-06-29T00:04:26.948+0000] {logging_mixin.py:188} INFO - [2026-06-29T00:04:26.948+0000] {dag.py:3954} INFO - Setting next_dagrun for pipeline_economia_br to 2026-06-27 08:00:00+00:00, run_after=2026-06-28 08:00:00+00:00
[2026-06-29T00:04:26.963+0000] {processor.py:183} INFO - Processing /opt/airflow/dags/pipeline_economia.py took 0.611 seconds
[2026-06-29T00:04:57.228+0000] {processor.py:161} INFO - Started process (PID=465) to work on /opt/airflow/dags/pipeline_economia.py
[2026-06-29T00:04:57.229+0000] {processor.py:830} INFO - Processing file /opt/airflow/dags/pipeline_economia.py for tasks to queue
[2026-06-29T00:04:57.231+0000] {logging_mixin.py:188} INFO - [2026-06-29T00:04:57.231+0000] {dagbag.py:540} INFO - Filling up the DagBag from /opt/airflow/dags/pipeline_economia.py
[2026-06-29T00:04:57.814+0000] {processor.py:840} INFO - DAG(s) 'pipeline_economia_br' retrieved from /opt/airflow/dags/pipeline_economia.py
[2026-06-29T00:04:57.835+0000] {logging_mixin.py:188} INFO - [2026-06-29T00:04:57.835+0000] {dag.py:3096} INFO - Sync 1 DAGs
[2026-06-29T00:04:57.850+0000] {logging_mixin.py:188} INFO - [2026-06-29T00:04:57.849+0000] {dag.py:3954} INFO - Setting next_dagrun for pipeline_economia_br to 2026-06-27 08:00:00+00:00, run_after=2026-06-28 08:00:00+00:00
[2026-06-29T00:04:57.865+0000] {processor.py:183} INFO - Processing /opt/airflow/dags/pipeline_economia.py took 0.643 seconds
[2026-06-29T00:05:28.123+0000] {processor.py:161} INFO - Started process (PID=472) to work on /opt/airflow/dags/pipeline_economia.py
[2026-06-29T00:05:28.124+0000] {processor.py:830} INFO - Processing file /opt/airflow/dags/pipeline_economia.py for tasks to queue
[2026-06-29T00:05:28.126+0000] {logging_mixin.py:188} INFO - [2026-06-29T00:05:28.126+0000] {dagbag.py:540} INFO - Filling up the DagBag from /opt/airflow/dags/pipeline_economia.py
[2026-06-29T00:05:28.713+0000] {processor.py:840} INFO - DAG(s) 'pipeline_economia_br' retrieved from /opt/airflow/dags/pipeline_economia.py
[2026-06-29T00:05:28.734+0000] {logging_mixin.py:188} INFO - [2026-06-29T00:05:28.733+0000] {dag.py:3096} INFO - Sync 1 DAGs
[2026-06-29T00:05:28.749+0000] {logging_mixin.py:188} INFO - [2026-06-29T00:05:28.749+0000] {dag.py:3954} INFO - Setting next_dagrun for pipeline_economia_br to 2026-06-27 08:00:00+00:00, run_after=2026-06-28 08:00:00+00:00
[2026-06-29T00:05:28.763+0000] {processor.py:183} INFO - Processing /opt/airflow/dags/pipeline_economia.py took 0.645 seconds
[2026-06-29T00:05:58.977+0000] {processor.py:161} INFO - Started process (PID=479) to work on /opt/airflow/dags/pipeline_economia.py
[2026-06-29T00:05:58.978+0000] {processor.py:830} INFO - Processing file /opt/airflow/dags/pipeline_economia.py for tasks to queue
[2026-06-29T00:05:58.980+0000] {logging_mixin.py:188} INFO - [2026-06-29T00:05:58.980+0000] {dagbag.py:540} INFO - Filling up the DagBag from /opt/airflow/dags/pipeline_economia.py
[2026-06-29T00:05:59.551+0000] {processor.py:840} INFO - DAG(s) 'pipeline_economia_br' retrieved from /opt/airflow/dags/pipeline_economia.py
[2026-06-29T00:05:59.571+0000] {logging_mixin.py:188} INFO - [2026-06-29T00:05:59.571+0000] {dag.py:3096} INFO - Sync 1 DAGs
[2026-06-29T00:05:59.585+0000] {logging_mixin.py:188} INFO - [2026-06-29T00:05:59.585+0000] {dag.py:3954} INFO - Setting next_dagrun for pipeline_economia_br to 2026-06-27 08:00:00+00:00, run_after=2026-06-28 08:00:00+00:00
[2026-06-29T00:05:59.601+0000] {processor.py:183} INFO - Processing /opt/airflow/dags/pipeline_economia.py took 0.629 seconds
[2026-06-29T00:06:29.843+0000] {processor.py:161} INFO - Started process (PID=486) to work on /opt/airflow/dags/pipeline_economia.py
[2026-06-29T00:06:29.844+0000] {processor.py:830} INFO - Processing file /opt/airflow/dags/pipeline_economia.py for tasks to queue
[2026-06-29T00:06:29.846+0000] {logging_mixin.py:188} INFO - [2026-06-29T00:06:29.845+0000] {dagbag.py:540} INFO - Filling up the DagBag from /opt/airflow/dags/pipeline_economia.py
[2026-06-29T00:06:30.390+0000] {processor.py:840} INFO - DAG(s) 'pipeline_economia_br' retrieved from /opt/airflow/dags/pipeline_economia.py
[2026-06-29T00:06:30.410+0000] {logging_mixin.py:188} INFO - [2026-06-29T00:06:30.409+0000] {dag.py:3096} INFO - Sync 1 DAGs
[2026-06-29T00:06:30.426+0000] {logging_mixin.py:188} INFO - [2026-06-29T00:06:30.426+0000] {dag.py:3954} INFO - Setting next_dagrun for pipeline_economia_br to 2026-06-27 08:00:00+00:00, run_after=2026-06-28 08:00:00+00:00
[2026-06-29T00:06:30.441+0000] {processor.py:183} INFO - Processing /opt/airflow/dags/pipeline_economia.py took 0.603 seconds
[2026-06-29T00:07:00.671+0000] {processor.py:161} INFO - Started process (PID=493) to work on /opt/airflow/dags/pipeline_economia.py
[2026-06-29T00:07:00.672+0000] {processor.py:830} INFO - Processing file /opt/airflow/dags/pipeline_economia.py for tasks to queue
[2026-06-29T00:07:00.674+0000] {logging_mixin.py:188} INFO - [2026-06-29T00:07:00.673+0000] {dagbag.py:540} INFO - Filling up the DagBag from /opt/airflow/dags/pipeline_economia.py
[2026-06-29T00:07:01.270+0000] {processor.py:840} INFO - DAG(s) 'pipeline_economia_br' retrieved from /opt/airflow/dags/pipeline_economia.py
[2026-06-29T00:07:01.292+0000] {logging_mixin.py:188} INFO - [2026-06-29T00:07:01.291+0000] {dag.py:3096} INFO - Sync 1 DAGs
[2026-06-29T00:07:01.309+0000] {logging_mixin.py:188} INFO - [2026-06-29T00:07:01.309+0000] {dag.py:3954} INFO - Setting next_dagrun for pipeline_economia_br to 2026-06-27 08:00:00+00:00, run_after=2026-06-28 08:00:00+00:00
[2026-06-29T00:07:01.326+0000] {processor.py:183} INFO - Processing /opt/airflow/dags/pipeline_economia.py took 0.660 seconds
[2026-06-29T00:07:31.570+0000] {processor.py:161} INFO - Started process (PID=500) to work on /opt/airflow/dags/pipeline_economia.py
[2026-06-29T00:07:31.571+0000] {processor.py:830} INFO - Processing file /opt/airflow/dags/pipeline_economia.py for tasks to queue
[2026-06-29T00:07:31.573+0000] {logging_mixin.py:188} INFO - [2026-06-29T00:07:31.572+0000] {dagbag.py:540} INFO - Filling up the DagBag from /opt/airflow/dags/pipeline_economia.py
[2026-06-29T00:07:32.120+0000] {processor.py:840} INFO - DAG(s) 'pipeline_economia_br' retrieved from /opt/airflow/dags/pipeline_economia.py
[2026-06-29T00:07:32.139+0000] {logging_mixin.py:188} INFO - [2026-06-29T00:07:32.138+0000] {dag.py:3096} INFO - Sync 1 DAGs
[2026-06-29T00:07:32.153+0000] {logging_mixin.py:188} INFO - [2026-06-29T00:07:32.153+0000] {dag.py:3954} INFO - Setting next_dagrun for pipeline_economia_br to 2026-06-27 08:00:00+00:00, run_after=2026-06-28 08:00:00+00:00
[2026-06-29T00:07:32.167+0000] {processor.py:183} INFO - Processing /opt/airflow/dags/pipeline_economia.py took 0.602 seconds
[2026-06-29T00:08:02.411+0000] {processor.py:161} INFO - Started process (PID=507) to work on /opt/airflow/dags/pipeline_economia.py
[2026-06-29T00:08:02.412+0000] {processor.py:830} INFO - Processing file /opt/airflow/dags/pipeline_economia.py for tasks to queue
[2026-06-29T00:08:02.414+0000] {logging_mixin.py:188} INFO - [2026-06-29T00:08:02.414+0000] {dagbag.py:540} INFO - Filling up the DagBag from /opt/airflow/dags/pipeline_economia.py
[2026-06-29T00:08:03.145+0000] {processor.py:840} INFO - DAG(s) 'pipeline_economia_br' retrieved from /opt/airflow/dags/pipeline_economia.py
[2026-06-29T00:08:03.173+0000] {logging_mixin.py:188} INFO - [2026-06-29T00:08:03.173+0000] {dag.py:3096} INFO - Sync 1 DAGs
[2026-06-29T00:08:03.187+0000] {logging_mixin.py:188} INFO - [2026-06-29T00:08:03.187+0000] {dag.py:3954} INFO - Setting next_dagrun for pipeline_economia_br to 2026-06-27 08:00:00+00:00, run_after=2026-06-28 08:00:00+00:00
[2026-06-29T00:08:03.205+0000] {processor.py:183} INFO - Processing /opt/airflow/dags/pipeline_economia.py took 0.799 seconds
[2026-06-29T00:08:33.283+0000] {processor.py:161} INFO - Started process (PID=514) to work on /opt/airflow/dags/pipeline_economia.py
[2026-06-29T00:08:33.284+0000] {processor.py:830} INFO - Processing file /opt/airflow/dags/pipeline_economia.py for tasks to queue
[2026-06-29T00:08:33.286+0000] {logging_mixin.py:188} INFO - [2026-06-29T00:08:33.285+0000] {dagbag.py:540} INFO - Filling up the DagBag from /opt/airflow/dags/pipeline_economia.py
[2026-06-29T00:08:33.851+0000] {processor.py:840} INFO - DAG(s) 'pipeline_economia_br' retrieved from /opt/airflow/dags/pipeline_economia.py
[2026-06-29T00:08:33.870+0000] {logging_mixin.py:188} INFO - [2026-06-29T00:08:33.870+0000] {dag.py:3096} INFO - Sync 1 DAGs
[2026-06-29T00:08:33.885+0000] {logging_mixin.py:188} INFO - [2026-06-29T00:08:33.885+0000] {dag.py:3954} INFO - Setting next_dagrun for pipeline_economia_br to 2026-06-27 08:00:00+00:00, run_after=2026-06-28 08:00:00+00:00
[2026-06-29T00:08:33.900+0000] {processor.py:183} INFO - Processing /opt/airflow/dags/pipeline_economia.py took 0.622 seconds
[2026-06-29T00:09:04.161+0000] {processor.py:161} INFO - Started process (PID=521) to work on /opt/airflow/dags/pipeline_economia.py
[2026-06-29T00:09:04.162+0000] {processor.py:830} INFO - Processing file /opt/airflow/dags/pipeline_economia.py for tasks to queue
[2026-06-29T00:09:04.164+0000] {logging_mixin.py:188} INFO - [2026-06-29T00:09:04.164+0000] {dagbag.py:540} INFO - Filling up the DagBag from /opt/airflow/dags/pipeline_economia.py
[2026-06-29T00:09:04.923+0000] {processor.py:840} INFO - DAG(s) 'pipeline_economia_br' retrieved from /opt/airflow/dags/pipeline_economia.py
[2026-06-29T00:09:04.947+0000] {logging_mixin.py:188} INFO - [2026-06-29T00:09:04.947+0000] {dag.py:3096} INFO - Sync 1 DAGs
[2026-06-29T00:09:04.962+0000] {logging_mixin.py:188} INFO - [2026-06-29T00:09:04.962+0000] {dag.py:3954} INFO - Setting next_dagrun for pipeline_economia_br to 2026-06-27 08:00:00+00:00, run_after=2026-06-28 08:00:00+00:00
[2026-06-29T00:09:04.978+0000] {processor.py:183} INFO - Processing /opt/airflow/dags/pipeline_economia.py took 0.823 seconds
[2026-06-29T00:09:35.225+0000] {processor.py:161} INFO - Started process (PID=528) to work on /opt/airflow/dags/pipeline_economia.py
[2026-06-29T00:09:35.226+0000] {processor.py:830} INFO - Processing file /opt/airflow/dags/pipeline_economia.py for tasks to queue
[2026-06-29T00:09:35.228+0000] {logging_mixin.py:188} INFO - [2026-06-29T00:09:35.228+0000] {dagbag.py:540} INFO - Filling up the DagBag from /opt/airflow/dags/pipeline_economia.py
[2026-06-29T00:09:35.801+0000] {processor.py:840} INFO - DAG(s) 'pipeline_economia_br' retrieved from /opt/airflow/dags/pipeline_economia.py
[2026-06-29T00:09:35.823+0000] {logging_mixin.py:188} INFO - [2026-06-29T00:09:35.822+0000] {dag.py:3096} INFO - Sync 1 DAGs
[2026-06-29T00:09:35.838+0000] {logging_mixin.py:188} INFO - [2026-06-29T00:09:35.837+0000] {dag.py:3954} INFO - Setting next_dagrun for pipeline_economia_br to 2026-06-27 08:00:00+00:00, run_after=2026-06-28 08:00:00+00:00
[2026-06-29T00:09:35.853+0000] {processor.py:183} INFO - Processing /opt/airflow/dags/pipeline_economia.py took 0.633 seconds
[2026-06-29T00:10:06.111+0000] {processor.py:161} INFO - Started process (PID=535) to work on /opt/airflow/dags/pipeline_economia.py
[2026-06-29T00:10:06.112+0000] {processor.py:830} INFO - Processing file /opt/airflow/dags/pipeline_economia.py for tasks to queue
[2026-06-29T00:10:06.114+0000] {logging_mixin.py:188} INFO - [2026-06-29T00:10:06.113+0000] {dagbag.py:540} INFO - Filling up the DagBag from /opt/airflow/dags/pipeline_economia.py
[2026-06-29T00:10:06.816+0000] {processor.py:840} INFO - DAG(s) 'pipeline_economia_br' retrieved from /opt/airflow/dags/pipeline_economia.py
[2026-06-29T00:10:06.841+0000] {logging_mixin.py:188} INFO - [2026-06-29T00:10:06.841+0000] {dag.py:3096} INFO - Sync 1 DAGs
[2026-06-29T00:10:06.856+0000] {logging_mixin.py:188} INFO - [2026-06-29T00:10:06.856+0000] {dag.py:3954} INFO - Setting next_dagrun for pipeline_economia_br to 2026-06-27 08:00:00+00:00, run_after=2026-06-28 08:00:00+00:00
[2026-06-29T00:10:06.871+0000] {processor.py:183} INFO - Processing /opt/airflow/dags/pipeline_economia.py took 0.765 seconds
[2026-06-29T00:10:37.122+0000] {processor.py:161} INFO - Started process (PID=542) to work on /opt/airflow/dags/pipeline_economia.py
[2026-06-29T00:10:37.123+0000] {processor.py:830} INFO - Processing file /opt/airflow/dags/pipeline_economia.py for tasks to queue
[2026-06-29T00:10:37.125+0000] {logging_mixin.py:188} INFO - [2026-06-29T00:10:37.125+0000] {dagbag.py:540} INFO - Filling up the DagBag from /opt/airflow/dags/pipeline_economia.py
[2026-06-29T00:10:37.686+0000] {processor.py:840} INFO - DAG(s) 'pipeline_economia_br' retrieved from /opt/airflow/dags/pipeline_economia.py
[2026-06-29T00:10:37.707+0000] {logging_mixin.py:188} INFO - [2026-06-29T00:10:37.705+0000] {dag.py:3096} INFO - Sync 1 DAGs
[2026-06-29T00:10:37.723+0000] {logging_mixin.py:188} INFO - [2026-06-29T00:10:37.723+0000] {dag.py:3954} INFO - Setting next_dagrun for pipeline_economia_br to 2026-06-27 08:00:00+00:00, run_after=2026-06-28 08:00:00+00:00
[2026-06-29T00:10:37.740+0000] {processor.py:183} INFO - Processing /opt/airflow/dags/pipeline_economia.py took 0.623 seconds
[2026-06-29T00:11:07.958+0000] {processor.py:161} INFO - Started process (PID=549) to work on /opt/airflow/dags/pipeline_economia.py
[2026-06-29T00:11:07.959+0000] {processor.py:830} INFO - Processing file /opt/airflow/dags/pipeline_economia.py for tasks to queue
[2026-06-29T00:11:07.961+0000] {logging_mixin.py:188} INFO - [2026-06-29T00:11:07.961+0000] {dagbag.py:540} INFO - Filling up the DagBag from /opt/airflow/dags/pipeline_economia.py
[2026-06-29T00:11:09.249+0000] {processor.py:840} INFO - DAG(s) 'pipeline_economia_br' retrieved from /opt/airflow/dags/pipeline_economia.py
[2026-06-29T00:11:09.274+0000] {logging_mixin.py:188} INFO - [2026-06-29T00:11:09.273+0000] {dag.py:3096} INFO - Sync 1 DAGs
[2026-06-29T00:11:09.288+0000] {logging_mixin.py:188} INFO - [2026-06-29T00:11:09.288+0000] {dag.py:3954} INFO - Setting next_dagrun for pipeline_economia_br to 2026-06-27 08:00:00+00:00, run_after=2026-06-28 08:00:00+00:00
[2026-06-29T00:11:09.302+0000] {processor.py:183} INFO - Processing /opt/airflow/dags/pipeline_economia.py took 1.350 seconds
[2026-06-29T00:11:39.554+0000] {processor.py:161} INFO - Started process (PID=556) to work on /opt/airflow/dags/pipeline_economia.py
[2026-06-29T00:11:39.555+0000] {processor.py:830} INFO - Processing file /opt/airflow/dags/pipeline_economia.py for tasks to queue
[2026-06-29T00:11:39.557+0000] {logging_mixin.py:188} INFO - [2026-06-29T00:11:39.557+0000] {dagbag.py:540} INFO - Filling up the DagBag from /opt/airflow/dags/pipeline_economia.py
[2026-06-29T00:11:40.094+0000] {processor.py:840} INFO - DAG(s) 'pipeline_economia_br' retrieved from /opt/airflow/dags/pipeline_economia.py
[2026-06-29T00:11:40.114+0000] {logging_mixin.py:188} INFO - [2026-06-29T00:11:40.114+0000] {dag.py:3096} INFO - Sync 1 DAGs
[2026-06-29T00:11:40.129+0000] {logging_mixin.py:188} INFO - [2026-06-29T00:11:40.129+0000] {dag.py:3954} INFO - Setting next_dagrun for pipeline_economia_br to 2026-06-27 08:00:00+00:00, run_after=2026-06-28 08:00:00+00:00
[2026-06-29T00:11:40.144+0000] {processor.py:183} INFO - Processing /opt/airflow/dags/pipeline_economia.py took 0.595 seconds
[2026-06-29T00:12:10.348+0000] {processor.py:161} INFO - Started process (PID=563) to work on /opt/airflow/dags/pipeline_economia.py
[2026-06-29T00:12:10.349+0000] {processor.py:830} INFO - Processing file /opt/airflow/dags/pipeline_economia.py for tasks to queue
[2026-06-29T00:12:10.350+0000] {logging_mixin.py:188} INFO - [2026-06-29T00:12:10.350+0000] {dagbag.py:540} INFO - Filling up the DagBag from /opt/airflow/dags/pipeline_economia.py
[2026-06-29T00:12:10.906+0000] {processor.py:840} INFO - DAG(s) 'pipeline_economia_br' retrieved from /opt/airflow/dags/pipeline_economia.py
[2026-06-29T00:12:10.927+0000] {logging_mixin.py:188} INFO - [2026-06-29T00:12:10.926+0000] {dag.py:3096} INFO - Sync 1 DAGs
[2026-06-29T00:12:10.941+0000] {logging_mixin.py:188} INFO - [2026-06-29T00:12:10.941+0000] {dag.py:3954} INFO - Setting next_dagrun for pipeline_economia_br to 2026-06-27 08:00:00+00:00, run_after=2026-06-28 08:00:00+00:00
[2026-06-29T00:12:10.960+0000] {processor.py:183} INFO - Processing /opt/airflow/dags/pipeline_economia.py took 0.617 seconds
[2026-06-29T00:12:41.206+0000] {processor.py:161} INFO - Started process (PID=570) to work on /opt/airflow/dags/pipeline_economia.py
[2026-06-29T00:12:41.207+0000] {processor.py:830} INFO - Processing file /opt/airflow/dags/pipeline_economia.py for tasks to queue
[2026-06-29T00:12:41.209+0000] {logging_mixin.py:188} INFO - [2026-06-29T00:12:41.208+0000] {dagbag.py:540} INFO - Filling up the DagBag from /opt/airflow/dags/pipeline_economia.py
[2026-06-29T00:12:41.724+0000] {processor.py:840} INFO - DAG(s) 'pipeline_economia_br' retrieved from /opt/airflow/dags/pipeline_economia.py
[2026-06-29T00:12:41.743+0000] {logging_mixin.py:188} INFO - [2026-06-29T00:12:41.742+0000] {dag.py:3096} INFO - Sync 1 DAGs
[2026-06-29T00:12:41.758+0000] {logging_mixin.py:188} INFO - [2026-06-29T00:12:41.758+0000] {dag.py:3954} INFO - Setting next_dagrun for pipeline_economia_br to 2026-06-27 08:00:00+00:00, run_after=2026-06-28 08:00:00+00:00
[2026-06-29T00:12:41.773+0000] {processor.py:183} INFO - Processing /opt/airflow/dags/pipeline_economia.py took 0.573 seconds
[2026-06-29T02:11:47.459+0000] {processor.py:161} INFO - Started process (PID=579) to work on /opt/airflow/dags/pipeline_economia.py
[2026-06-29T02:11:47.583+0000] {processor.py:830} INFO - Processing file /opt/airflow/dags/pipeline_economia.py for tasks to queue
[2026-06-29T02:11:47.754+0000] {logging_mixin.py:188} INFO - [2026-06-29T02:11:47.749+0000] {dagbag.py:540} INFO - Filling up the DagBag from /opt/airflow/dags/pipeline_economia.py
[2026-06-29T02:11:59.723+0000] {processor.py:840} INFO - DAG(s) 'pipeline_economia_br' retrieved from /opt/airflow/dags/pipeline_economia.py
[2026-06-29T02:11:59.829+0000] {logging_mixin.py:188} INFO - [2026-06-29T02:11:59.828+0000] {dag.py:3096} INFO - Sync 1 DAGs
[2026-06-29T02:11:59.883+0000] {logging_mixin.py:188} INFO - [2026-06-29T02:11:59.882+0000] {dag.py:3954} INFO - Setting next_dagrun for pipeline_economia_br to 2026-06-27 08:00:00+00:00, run_after=2026-06-28 08:00:00+00:00
[2026-06-29T02:11:59.937+0000] {processor.py:183} INFO - Processing /opt/airflow/dags/pipeline_economia.py took 12.636 seconds
[2026-06-29T05:12:08.508+0000] {processor.py:161} INFO - Started process (PID=588) to work on /opt/airflow/dags/pipeline_economia.py
[2026-06-29T05:12:08.557+0000] {processor.py:830} INFO - Processing file /opt/airflow/dags/pipeline_economia.py for tasks to queue
[2026-06-29T05:12:08.585+0000] {logging_mixin.py:188} INFO - [2026-06-29T05:12:08.583+0000] {dagbag.py:540} INFO - Filling up the DagBag from /opt/airflow/dags/pipeline_economia.py
[2026-06-29T05:12:12.071+0000] {processor.py:840} INFO - DAG(s) 'pipeline_economia_br' retrieved from /opt/airflow/dags/pipeline_economia.py
[2026-06-29T05:12:12.109+0000] {logging_mixin.py:188} INFO - [2026-06-29T05:12:12.109+0000] {dag.py:3096} INFO - Sync 1 DAGs
[2026-06-29T05:12:12.129+0000] {logging_mixin.py:188} INFO - [2026-06-29T05:12:12.129+0000] {dag.py:3954} INFO - Setting next_dagrun for pipeline_economia_br to 2026-06-27 08:00:00+00:00, run_after=2026-06-28 08:00:00+00:00
[2026-06-29T05:12:12.197+0000] {processor.py:183} INFO - Processing /opt/airflow/dags/pipeline_economia.py took 3.707 seconds
[2026-06-29T21:29:46.156+0000] {processor.py:161} INFO - Started process (PID=597) to work on /opt/airflow/dags/pipeline_economia.py
[2026-06-29T21:29:46.165+0000] {processor.py:830} INFO - Processing file /opt/airflow/dags/pipeline_economia.py for tasks to queue
[2026-06-29T21:29:46.235+0000] {logging_mixin.py:188} INFO - [2026-06-29T21:29:46.229+0000] {dagbag.py:540} INFO - Filling up the DagBag from /opt/airflow/dags/pipeline_economia.py
[2026-06-29T21:29:53.920+0000] {processor.py:840} INFO - DAG(s) 'pipeline_economia_br' retrieved from /opt/airflow/dags/pipeline_economia.py
[2026-06-29T21:29:53.967+0000] {logging_mixin.py:188} INFO - [2026-06-29T21:29:53.965+0000] {dag.py:3096} INFO - Sync 1 DAGs
[2026-06-29T21:29:53.998+0000] {logging_mixin.py:188} INFO - [2026-06-29T21:29:53.998+0000] {dag.py:3954} INFO - Setting next_dagrun for pipeline_economia_br to 2026-06-28 08:00:00+00:00, run_after=2026-06-29 08:00:00+00:00
[2026-06-29T21:29:54.026+0000] {processor.py:183} INFO - Processing /opt/airflow/dags/pipeline_economia.py took 7.991 seconds
[2026-06-29T21:30:24.310+0000] {processor.py:161} INFO - Started process (PID=604) to work on /opt/airflow/dags/pipeline_economia.py
[2026-06-29T21:30:24.312+0000] {processor.py:830} INFO - Processing file /opt/airflow/dags/pipeline_economia.py for tasks to queue
[2026-06-29T21:30:24.322+0000] {logging_mixin.py:188} INFO - [2026-06-29T21:30:24.320+0000] {dagbag.py:540} INFO - Filling up the DagBag from /opt/airflow/dags/pipeline_economia.py
[2026-06-29T21:30:25.500+0000] {processor.py:840} INFO - DAG(s) 'pipeline_economia_br' retrieved from /opt/airflow/dags/pipeline_economia.py
[2026-06-29T21:30:25.528+0000] {logging_mixin.py:188} INFO - [2026-06-29T21:30:25.528+0000] {dag.py:3096} INFO - Sync 1 DAGs
[2026-06-29T21:30:25.546+0000] {logging_mixin.py:188} INFO - [2026-06-29T21:30:25.546+0000] {dag.py:3954} INFO - Setting next_dagrun for pipeline_economia_br to 2026-06-28 08:00:00+00:00, run_after=2026-06-29 08:00:00+00:00
[2026-06-29T21:30:25.564+0000] {processor.py:183} INFO - Processing /opt/airflow/dags/pipeline_economia.py took 1.282 seconds
[2026-06-29T21:30:55.918+0000] {processor.py:161} INFO - Started process (PID=611) to work on /opt/airflow/dags/pipeline_economia.py
[2026-06-29T21:30:55.919+0000] {processor.py:830} INFO - Processing file /opt/airflow/dags/pipeline_economia.py for tasks to queue
[2026-06-29T21:30:55.920+0000] {logging_mixin.py:188} INFO - [2026-06-29T21:30:55.920+0000] {dagbag.py:540} INFO - Filling up the DagBag from /opt/airflow/dags/pipeline_economia.py
[2026-06-29T21:30:56.447+0000] {processor.py:840} INFO - DAG(s) 'pipeline_economia_br' retrieved from /opt/airflow/dags/pipeline_economia.py
[2026-06-29T21:30:56.467+0000] {logging_mixin.py:188} INFO - [2026-06-29T21:30:56.467+0000] {dag.py:3096} INFO - Sync 1 DAGs
[2026-06-29T21:30:56.480+0000] {logging_mixin.py:188} INFO - [2026-06-29T21:30:56.480+0000] {dag.py:3954} INFO - Setting next_dagrun for pipeline_economia_br to 2026-06-28 08:00:00+00:00, run_after=2026-06-29 08:00:00+00:00
[2026-06-29T21:30:56.493+0000] {processor.py:183} INFO - Processing /opt/airflow/dags/pipeline_economia.py took 0.580 seconds
[2026-06-29T21:31:26.710+0000] {processor.py:161} INFO - Started process (PID=618) to work on /opt/airflow/dags/pipeline_economia.py
[2026-06-29T21:31:26.711+0000] {processor.py:830} INFO - Processing file /opt/airflow/dags/pipeline_economia.py for tasks to queue
[2026-06-29T21:31:26.713+0000] {logging_mixin.py:188} INFO - [2026-06-29T21:31:26.713+0000] {dagbag.py:540} INFO - Filling up the DagBag from /opt/airflow/dags/pipeline_economia.py
[2026-06-29T21:31:27.278+0000] {processor.py:840} INFO - DAG(s) 'pipeline_economia_br' retrieved from /opt/airflow/dags/pipeline_economia.py
[2026-06-29T21:31:27.300+0000] {logging_mixin.py:188} INFO - [2026-06-29T21:31:27.300+0000] {dag.py:3096} INFO - Sync 1 DAGs
[2026-06-29T21:31:27.317+0000] {logging_mixin.py:188} INFO - [2026-06-29T21:31:27.316+0000] {dag.py:3954} INFO - Setting next_dagrun for pipeline_economia_br to 2026-06-28 08:00:00+00:00, run_after=2026-06-29 08:00:00+00:00
[2026-06-29T21:31:27.335+0000] {processor.py:183} INFO - Processing /opt/airflow/dags/pipeline_economia.py took 0.630 seconds
[2026-06-29T21:31:57.556+0000] {processor.py:161} INFO - Started process (PID=625) to work on /opt/airflow/dags/pipeline_economia.py
[2026-06-29T21:31:57.558+0000] {processor.py:830} INFO - Processing file /opt/airflow/dags/pipeline_economia.py for tasks to queue
[2026-06-29T21:31:57.560+0000] {logging_mixin.py:188} INFO - [2026-06-29T21:31:57.559+0000] {dagbag.py:540} INFO - Filling up the DagBag from /opt/airflow/dags/pipeline_economia.py
[2026-06-29T21:31:58.163+0000] {processor.py:840} INFO - DAG(s) 'pipeline_economia_br' retrieved from /opt/airflow/dags/pipeline_economia.py
[2026-06-29T21:31:58.183+0000] {logging_mixin.py:188} INFO - [2026-06-29T21:31:58.182+0000] {dag.py:3096} INFO - Sync 1 DAGs
[2026-06-29T21:31:58.197+0000] {logging_mixin.py:188} INFO - [2026-06-29T21:31:58.197+0000] {dag.py:3954} INFO - Setting next_dagrun for pipeline_economia_br to 2026-06-28 08:00:00+00:00, run_after=2026-06-29 08:00:00+00:00
[2026-06-29T21:31:58.211+0000] {processor.py:183} INFO - Processing /opt/airflow/dags/pipeline_economia.py took 0.661 seconds
[2026-06-29T21:32:28.436+0000] {processor.py:161} INFO - Started process (PID=632) to work on /opt/airflow/dags/pipeline_economia.py
[2026-06-29T21:32:28.437+0000] {processor.py:830} INFO - Processing file /opt/airflow/dags/pipeline_economia.py for tasks to queue
[2026-06-29T21:32:28.439+0000] {logging_mixin.py:188} INFO - [2026-06-29T21:32:28.439+0000] {dagbag.py:540} INFO - Filling up the DagBag from /opt/airflow/dags/pipeline_economia.py
[2026-06-29T21:32:29.062+0000] {processor.py:840} INFO - DAG(s) 'pipeline_economia_br' retrieved from /opt/airflow/dags/pipeline_economia.py
[2026-06-29T21:32:29.084+0000] {logging_mixin.py:188} INFO - [2026-06-29T21:32:29.084+0000] {dag.py:3096} INFO - Sync 1 DAGs
[2026-06-29T21:32:29.100+0000] {logging_mixin.py:188} INFO - [2026-06-29T21:32:29.099+0000] {dag.py:3954} INFO - Setting next_dagrun for pipeline_economia_br to 2026-06-28 08:00:00+00:00, run_after=2026-06-29 08:00:00+00:00
[2026-06-29T21:32:29.116+0000] {processor.py:183} INFO - Processing /opt/airflow/dags/pipeline_economia.py took 0.686 seconds
[2026-06-29T21:32:59.247+0000] {processor.py:161} INFO - Started process (PID=639) to work on /opt/airflow/dags/pipeline_economia.py
[2026-06-29T21:32:59.248+0000] {processor.py:830} INFO - Processing file /opt/airflow/dags/pipeline_economia.py for tasks to queue
[2026-06-29T21:32:59.250+0000] {logging_mixin.py:188} INFO - [2026-06-29T21:32:59.250+0000] {dagbag.py:540} INFO - Filling up the DagBag from /opt/airflow/dags/pipeline_economia.py
[2026-06-29T21:32:59.804+0000] {processor.py:840} INFO - DAG(s) 'pipeline_economia_br' retrieved from /opt/airflow/dags/pipeline_economia.py
[2026-06-29T21:32:59.825+0000] {logging_mixin.py:188} INFO - [2026-06-29T21:32:59.824+0000] {dag.py:3096} INFO - Sync 1 DAGs
[2026-06-29T21:32:59.838+0000] {logging_mixin.py:188} INFO - [2026-06-29T21:32:59.838+0000] {dag.py:3954} INFO - Setting next_dagrun for pipeline_economia_br to 2026-06-28 08:00:00+00:00, run_after=2026-06-29 08:00:00+00:00
[2026-06-29T21:32:59.854+0000] {processor.py:183} INFO - Processing /opt/airflow/dags/pipeline_economia.py took 0.613 seconds
[2026-06-29T21:33:30.094+0000] {processor.py:161} INFO - Started process (PID=646) to work on /opt/airflow/dags/pipeline_economia.py
[2026-06-29T21:33:30.095+0000] {processor.py:830} INFO - Processing file /opt/airflow/dags/pipeline_economia.py for tasks to queue
[2026-06-29T21:33:30.097+0000] {logging_mixin.py:188} INFO - [2026-06-29T21:33:30.097+0000] {dagbag.py:540} INFO - Filling up the DagBag from /opt/airflow/dags/pipeline_economia.py
[2026-06-29T21:33:30.658+0000] {processor.py:840} INFO - DAG(s) 'pipeline_economia_br' retrieved from /opt/airflow/dags/pipeline_economia.py
[2026-06-29T21:33:30.678+0000] {logging_mixin.py:188} INFO - [2026-06-29T21:33:30.678+0000] {dag.py:3096} INFO - Sync 1 DAGs
[2026-06-29T21:33:30.692+0000] {logging_mixin.py:188} INFO - [2026-06-29T21:33:30.692+0000] {dag.py:3954} INFO - Setting next_dagrun for pipeline_economia_br to 2026-06-28 08:00:00+00:00, run_after=2026-06-29 08:00:00+00:00
[2026-06-29T21:33:30.707+0000] {processor.py:183} INFO - Processing /opt/airflow/dags/pipeline_economia.py took 0.618 seconds
[2026-06-29T21:34:00.751+0000] {processor.py:161} INFO - Started process (PID=653) to work on /opt/airflow/dags/pipeline_economia.py
[2026-06-29T21:34:00.752+0000] {processor.py:830} INFO - Processing file /opt/airflow/dags/pipeline_economia.py for tasks to queue
[2026-06-29T21:34:00.754+0000] {logging_mixin.py:188} INFO - [2026-06-29T21:34:00.753+0000] {dagbag.py:540} INFO - Filling up the DagBag from /opt/airflow/dags/pipeline_economia.py
[2026-06-29T21:34:01.390+0000] {processor.py:840} INFO - DAG(s) 'pipeline_economia_br' retrieved from /opt/airflow/dags/pipeline_economia.py
[2026-06-29T21:34:01.413+0000] {logging_mixin.py:188} INFO - [2026-06-29T21:34:01.413+0000] {dag.py:3096} INFO - Sync 1 DAGs
[2026-06-29T21:34:01.431+0000] {logging_mixin.py:188} INFO - [2026-06-29T21:34:01.430+0000] {dag.py:3954} INFO - Setting next_dagrun for pipeline_economia_br to 2026-06-28 08:00:00+00:00, run_after=2026-06-29 08:00:00+00:00
[2026-06-29T21:34:01.450+0000] {processor.py:183} INFO - Processing /opt/airflow/dags/pipeline_economia.py took 0.704 seconds
[2026-06-29T21:34:31.695+0000] {processor.py:161} INFO - Started process (PID=660) to work on /opt/airflow/dags/pipeline_economia.py
[2026-06-29T21:34:31.696+0000] {processor.py:830} INFO - Processing file /opt/airflow/dags/pipeline_economia.py for tasks to queue
[2026-06-29T21:34:31.698+0000] {logging_mixin.py:188} INFO - [2026-06-29T21:34:31.698+0000] {dagbag.py:540} INFO - Filling up the DagBag from /opt/airflow/dags/pipeline_economia.py
[2026-06-29T21:34:32.208+0000] {processor.py:840} INFO - DAG(s) 'pipeline_economia_br' retrieved from /opt/airflow/dags/pipeline_economia.py
[2026-06-29T21:34:32.228+0000] {logging_mixin.py:188} INFO - [2026-06-29T21:34:32.228+0000] {dag.py:3096} INFO - Sync 1 DAGs
[2026-06-29T21:34:32.241+0000] {logging_mixin.py:188} INFO - [2026-06-29T21:34:32.241+0000] {dag.py:3954} INFO - Setting next_dagrun for pipeline_economia_br to 2026-06-28 08:00:00+00:00, run_after=2026-06-29 08:00:00+00:00
[2026-06-29T21:34:32.256+0000] {processor.py:183} INFO - Processing /opt/airflow/dags/pipeline_economia.py took 0.565 seconds
[2026-06-29T21:35:02.319+0000] {processor.py:161} INFO - Started process (PID=667) to work on /opt/airflow/dags/pipeline_economia.py
[2026-06-29T21:35:02.321+0000] {processor.py:830} INFO - Processing file /opt/airflow/dags/pipeline_economia.py for tasks to queue
[2026-06-29T21:35:02.323+0000] {logging_mixin.py:188} INFO - [2026-06-29T21:35:02.322+0000] {dagbag.py:540} INFO - Filling up the DagBag from /opt/airflow/dags/pipeline_economia.py
[2026-06-29T21:35:02.936+0000] {processor.py:840} INFO - DAG(s) 'pipeline_economia_br' retrieved from /opt/airflow/dags/pipeline_economia.py
[2026-06-29T21:35:02.958+0000] {logging_mixin.py:188} INFO - [2026-06-29T21:35:02.957+0000] {dag.py:3096} INFO - Sync 1 DAGs
[2026-06-29T21:35:02.975+0000] {logging_mixin.py:188} INFO - [2026-06-29T21:35:02.975+0000] {dag.py:3954} INFO - Setting next_dagrun for pipeline_economia_br to 2026-06-28 08:00:00+00:00, run_after=2026-06-29 08:00:00+00:00
[2026-06-29T21:35:02.991+0000] {processor.py:183} INFO - Processing /opt/airflow/dags/pipeline_economia.py took 0.677 seconds
[2026-06-29T21:35:33.185+0000] {processor.py:161} INFO - Started process (PID=674) to work on /opt/airflow/dags/pipeline_economia.py
[2026-06-29T21:35:33.186+0000] {processor.py:830} INFO - Processing file /opt/airflow/dags/pipeline_economia.py for tasks to queue
[2026-06-29T21:35:33.188+0000] {logging_mixin.py:188} INFO - [2026-06-29T21:35:33.188+0000] {dagbag.py:540} INFO - Filling up the DagBag from /opt/airflow/dags/pipeline_economia.py
[2026-06-29T21:35:33.797+0000] {processor.py:840} INFO - DAG(s) 'pipeline_economia_br' retrieved from /opt/airflow/dags/pipeline_economia.py
[2026-06-29T21:35:33.822+0000] {logging_mixin.py:188} INFO - [2026-06-29T21:35:33.821+0000] {dag.py:3096} INFO - Sync 1 DAGs
[2026-06-29T21:35:33.846+0000] {logging_mixin.py:188} INFO - [2026-06-29T21:35:33.846+0000] {dag.py:3954} INFO - Setting next_dagrun for pipeline_economia_br to 2026-06-28 08:00:00+00:00, run_after=2026-06-29 08:00:00+00:00
[2026-06-29T21:35:33.880+0000] {processor.py:183} INFO - Processing /opt/airflow/dags/pipeline_economia.py took 0.700 seconds
[2026-06-29T21:36:04.077+0000] {processor.py:161} INFO - Started process (PID=681) to work on /opt/airflow/dags/pipeline_economia.py
[2026-06-29T21:36:04.078+0000] {processor.py:830} INFO - Processing file /opt/airflow/dags/pipeline_economia.py for tasks to queue
[2026-06-29T21:36:04.081+0000] {logging_mixin.py:188} INFO - [2026-06-29T21:36:04.080+0000] {dagbag.py:540} INFO - Filling up the DagBag from /opt/airflow/dags/pipeline_economia.py
[2026-06-29T21:36:04.611+0000] {processor.py:840} INFO - DAG(s) 'pipeline_economia_br' retrieved from /opt/airflow/dags/pipeline_economia.py
[2026-06-29T21:36:04.632+0000] {logging_mixin.py:188} INFO - [2026-06-29T21:36:04.631+0000] {dag.py:3096} INFO - Sync 1 DAGs
[2026-06-29T21:36:04.646+0000] {logging_mixin.py:188} INFO - [2026-06-29T21:36:04.646+0000] {dag.py:3954} INFO - Setting next_dagrun for pipeline_economia_br to 2026-06-28 08:00:00+00:00, run_after=2026-06-29 08:00:00+00:00
[2026-06-29T21:36:04.662+0000] {processor.py:183} INFO - Processing /opt/airflow/dags/pipeline_economia.py took 0.590 seconds
[2026-06-29T21:36:34.868+0000] {processor.py:161} INFO - Started process (PID=688) to work on /opt/airflow/dags/pipeline_economia.py
[2026-06-29T21:36:34.869+0000] {processor.py:830} INFO - Processing file /opt/airflow/dags/pipeline_economia.py for tasks to queue
[2026-06-29T21:36:34.871+0000] {logging_mixin.py:188} INFO - [2026-06-29T21:36:34.871+0000] {dagbag.py:540} INFO - Filling up the DagBag from /opt/airflow/dags/pipeline_economia.py
[2026-06-29T21:36:35.447+0000] {processor.py:840} INFO - DAG(s) 'pipeline_economia_br' retrieved from /opt/airflow/dags/pipeline_economia.py
[2026-06-29T21:36:35.469+0000] {logging_mixin.py:188} INFO - [2026-06-29T21:36:35.468+0000] {dag.py:3096} INFO - Sync 1 DAGs
[2026-06-29T21:36:35.489+0000] {logging_mixin.py:188} INFO - [2026-06-29T21:36:35.489+0000] {dag.py:3954} INFO - Setting next_dagrun for pipeline_economia_br to 2026-06-28 08:00:00+00:00, run_after=2026-06-29 08:00:00+00:00
[2026-06-29T21:36:35.505+0000] {processor.py:183} INFO - Processing /opt/airflow/dags/pipeline_economia.py took 0.642 seconds
[2026-06-29T21:37:05.726+0000] {processor.py:161} INFO - Started process (PID=695) to work on /opt/airflow/dags/pipeline_economia.py
[2026-06-29T21:37:05.728+0000] {processor.py:830} INFO - Processing file /opt/airflow/dags/pipeline_economia.py for tasks to queue
[2026-06-29T21:37:05.729+0000] {logging_mixin.py:188} INFO - [2026-06-29T21:37:05.729+0000] {dagbag.py:540} INFO - Filling up the DagBag from /opt/airflow/dags/pipeline_economia.py
[2026-06-29T21:37:06.282+0000] {processor.py:840} INFO - DAG(s) 'pipeline_economia_br' retrieved from /opt/airflow/dags/pipeline_economia.py
[2026-06-29T21:37:06.302+0000] {logging_mixin.py:188} INFO - [2026-06-29T21:37:06.302+0000] {dag.py:3096} INFO - Sync 1 DAGs
[2026-06-29T21:37:06.316+0000] {logging_mixin.py:188} INFO - [2026-06-29T21:37:06.315+0000] {dag.py:3954} INFO - Setting next_dagrun for pipeline_economia_br to 2026-06-28 08:00:00+00:00, run_after=2026-06-29 08:00:00+00:00
[2026-06-29T21:37:06.330+0000] {processor.py:183} INFO - Processing /opt/airflow/dags/pipeline_economia.py took 0.609 seconds
[2026-06-29T21:37:36.559+0000] {processor.py:161} INFO - Started process (PID=702) to work on /opt/airflow/dags/pipeline_economia.py
[2026-06-29T21:37:36.562+0000] {processor.py:830} INFO - Processing file /opt/airflow/dags/pipeline_economia.py for tasks to queue
[2026-06-29T21:37:36.564+0000] {logging_mixin.py:188} INFO - [2026-06-29T21:37:36.564+0000] {dagbag.py:540} INFO - Filling up the DagBag from /opt/airflow/dags/pipeline_economia.py
[2026-06-29T21:37:37.285+0000] {processor.py:840} INFO - DAG(s) 'pipeline_economia_br' retrieved from /opt/airflow/dags/pipeline_economia.py
[2026-06-29T21:37:37.309+0000] {logging_mixin.py:188} INFO - [2026-06-29T21:37:37.308+0000] {dag.py:3096} INFO - Sync 1 DAGs
[2026-06-29T21:37:37.326+0000] {logging_mixin.py:188} INFO - [2026-06-29T21:37:37.325+0000] {dag.py:3954} INFO - Setting next_dagrun for pipeline_economia_br to 2026-06-28 08:00:00+00:00, run_after=2026-06-29 08:00:00+00:00
[2026-06-29T21:37:37.346+0000] {processor.py:183} INFO - Processing /opt/airflow/dags/pipeline_economia.py took 0.793 seconds
[2026-06-29T21:38:07.574+0000] {processor.py:161} INFO - Started process (PID=709) to work on /opt/airflow/dags/pipeline_economia.py
[2026-06-29T21:38:07.576+0000] {processor.py:830} INFO - Processing file /opt/airflow/dags/pipeline_economia.py for tasks to queue
[2026-06-29T21:38:07.578+0000] {logging_mixin.py:188} INFO - [2026-06-29T21:38:07.578+0000] {dagbag.py:540} INFO - Filling up the DagBag from /opt/airflow/dags/pipeline_economia.py
[2026-06-29T21:38:08.172+0000] {processor.py:840} INFO - DAG(s) 'pipeline_economia_br' retrieved from /opt/airflow/dags/pipeline_economia.py
[2026-06-29T21:38:08.194+0000] {logging_mixin.py:188} INFO - [2026-06-29T21:38:08.193+0000] {dag.py:3096} INFO - Sync 1 DAGs
[2026-06-29T21:38:08.209+0000] {logging_mixin.py:188} INFO - [2026-06-29T21:38:08.208+0000] {dag.py:3954} INFO - Setting next_dagrun for pipeline_economia_br to 2026-06-28 08:00:00+00:00, run_after=2026-06-29 08:00:00+00:00
[2026-06-29T21:38:08.224+0000] {processor.py:183} INFO - Processing /opt/airflow/dags/pipeline_economia.py took 0.655 seconds
[2026-06-29T21:38:38.280+0000] {processor.py:161} INFO - Started process (PID=716) to work on /opt/airflow/dags/pipeline_economia.py
[2026-06-29T21:38:38.281+0000] {processor.py:830} INFO - Processing file /opt/airflow/dags/pipeline_economia.py for tasks to queue
[2026-06-29T21:38:38.283+0000] {logging_mixin.py:188} INFO - [2026-06-29T21:38:38.283+0000] {dagbag.py:540} INFO - Filling up the DagBag from /opt/airflow/dags/pipeline_economia.py
[2026-06-29T21:38:38.803+0000] {processor.py:840} INFO - DAG(s) 'pipeline_economia_br' retrieved from /opt/airflow/dags/pipeline_economia.py
[2026-06-29T21:38:38.822+0000] {logging_mixin.py:188} INFO - [2026-06-29T21:38:38.821+0000] {dag.py:3096} INFO - Sync 1 DAGs
[2026-06-29T21:38:38.837+0000] {logging_mixin.py:188} INFO - [2026-06-29T21:38:38.837+0000] {dag.py:3954} INFO - Setting next_dagrun for pipeline_economia_br to 2026-06-28 08:00:00+00:00, run_after=2026-06-29 08:00:00+00:00
[2026-06-29T21:38:38.851+0000] {processor.py:183} INFO - Processing /opt/airflow/dags/pipeline_economia.py took 0.575 seconds
[2026-06-29T21:39:09.063+0000] {processor.py:161} INFO - Started process (PID=723) to work on /opt/airflow/dags/pipeline_economia.py
[2026-06-29T21:39:09.064+0000] {processor.py:830} INFO - Processing file /opt/airflow/dags/pipeline_economia.py for tasks to queue
[2026-06-29T21:39:09.066+0000] {logging_mixin.py:188} INFO - [2026-06-29T21:39:09.065+0000] {dagbag.py:540} INFO - Filling up the DagBag from /opt/airflow/dags/pipeline_economia.py
[2026-06-29T21:39:09.593+0000] {processor.py:840} INFO - DAG(s) 'pipeline_economia_br' retrieved from /opt/airflow/dags/pipeline_economia.py
[2026-06-29T21:39:09.614+0000] {logging_mixin.py:188} INFO - [2026-06-29T21:39:09.614+0000] {dag.py:3096} INFO - Sync 1 DAGs
[2026-06-29T21:39:09.627+0000] {logging_mixin.py:188} INFO - [2026-06-29T21:39:09.627+0000] {dag.py:3954} INFO - Setting next_dagrun for pipeline_economia_br to 2026-06-28 08:00:00+00:00, run_after=2026-06-29 08:00:00+00:00
[2026-06-29T21:39:09.642+0000] {processor.py:183} INFO - Processing /opt/airflow/dags/pipeline_economia.py took 0.583 seconds
[2026-06-29T21:39:39.814+0000] {processor.py:161} INFO - Started process (PID=730) to work on /opt/airflow/dags/pipeline_economia.py
[2026-06-29T21:39:39.815+0000] {processor.py:830} INFO - Processing file /opt/airflow/dags/pipeline_economia.py for tasks to queue
[2026-06-29T21:39:39.817+0000] {logging_mixin.py:188} INFO - [2026-06-29T21:39:39.817+0000] {dagbag.py:540} INFO - Filling up the DagBag from /opt/airflow/dags/pipeline_economia.py
[2026-06-29T21:39:40.381+0000] {processor.py:840} INFO - DAG(s) 'pipeline_economia_br' retrieved from /opt/airflow/dags/pipeline_economia.py
[2026-06-29T21:39:40.402+0000] {logging_mixin.py:188} INFO - [2026-06-29T21:39:40.402+0000] {dag.py:3096} INFO - Sync 1 DAGs
[2026-06-29T21:39:40.418+0000] {logging_mixin.py:188} INFO - [2026-06-29T21:39:40.417+0000] {dag.py:3954} INFO - Setting next_dagrun for pipeline_economia_br to 2026-06-28 08:00:00+00:00, run_after=2026-06-29 08:00:00+00:00
[2026-06-29T21:39:40.433+0000] {processor.py:183} INFO - Processing /opt/airflow/dags/pipeline_economia.py took 0.624 seconds
[2026-06-29T21:40:10.712+0000] {processor.py:161} INFO - Started process (PID=737) to work on /opt/airflow/dags/pipeline_economia.py
[2026-06-29T21:40:10.713+0000] {processor.py:830} INFO - Processing file /opt/airflow/dags/pipeline_economia.py for tasks to queue
[2026-06-29T21:40:10.715+0000] {logging_mixin.py:188} INFO - [2026-06-29T21:40:10.714+0000] {dagbag.py:540} INFO - Filling up the DagBag from /opt/airflow/dags/pipeline_economia.py
[2026-06-29T21:40:11.406+0000] {processor.py:840} INFO - DAG(s) 'pipeline_economia_br' retrieved from /opt/airflow/dags/pipeline_economia.py
[2026-06-29T21:40:11.427+0000] {logging_mixin.py:188} INFO - [2026-06-29T21:40:11.426+0000] {dag.py:3096} INFO - Sync 1 DAGs
[2026-06-29T21:40:11.443+0000] {logging_mixin.py:188} INFO - [2026-06-29T21:40:11.443+0000] {dag.py:3954} INFO - Setting next_dagrun for pipeline_economia_br to 2026-06-28 08:00:00+00:00, run_after=2026-06-29 08:00:00+00:00
[2026-06-29T21:40:11.460+0000] {processor.py:183} INFO - Processing /opt/airflow/dags/pipeline_economia.py took 0.754 seconds
[2026-06-29T21:40:41.669+0000] {processor.py:161} INFO - Started process (PID=744) to work on /opt/airflow/dags/pipeline_economia.py
[2026-06-29T21:40:41.672+0000] {processor.py:830} INFO - Processing file /opt/airflow/dags/pipeline_economia.py for tasks to queue
[2026-06-29T21:40:41.674+0000] {logging_mixin.py:188} INFO - [2026-06-29T21:40:41.674+0000] {dagbag.py:540} INFO - Filling up the DagBag from /opt/airflow/dags/pipeline_economia.py
[2026-06-29T21:40:42.531+0000] {processor.py:840} INFO - DAG(s) 'pipeline_economia_br' retrieved from /opt/airflow/dags/pipeline_economia.py
[2026-06-29T21:40:42.559+0000] {logging_mixin.py:188} INFO - [2026-06-29T21:40:42.559+0000] {dag.py:3096} INFO - Sync 1 DAGs
[2026-06-29T21:40:42.575+0000] {logging_mixin.py:188} INFO - [2026-06-29T21:40:42.575+0000] {dag.py:3954} INFO - Setting next_dagrun for pipeline_economia_br to 2026-06-28 08:00:00+00:00, run_after=2026-06-29 08:00:00+00:00
[2026-06-29T21:40:42.593+0000] {processor.py:183} INFO - Processing /opt/airflow/dags/pipeline_economia.py took 0.929 seconds
[2026-06-29T21:41:12.803+0000] {processor.py:161} INFO - Started process (PID=751) to work on /opt/airflow/dags/pipeline_economia.py
[2026-06-29T21:41:12.804+0000] {processor.py:830} INFO - Processing file /opt/airflow/dags/pipeline_economia.py for tasks to queue
[2026-06-29T21:41:12.806+0000] {logging_mixin.py:188} INFO - [2026-06-29T21:41:12.805+0000] {dagbag.py:540} INFO - Filling up the DagBag from /opt/airflow/dags/pipeline_economia.py
[2026-06-29T21:41:13.401+0000] {processor.py:840} INFO - DAG(s) 'pipeline_economia_br' retrieved from /opt/airflow/dags/pipeline_economia.py
[2026-06-29T21:41:13.421+0000] {logging_mixin.py:188} INFO - [2026-06-29T21:41:13.421+0000] {dag.py:3096} INFO - Sync 1 DAGs
[2026-06-29T21:41:13.436+0000] {logging_mixin.py:188} INFO - [2026-06-29T21:41:13.436+0000] {dag.py:3954} INFO - Setting next_dagrun for pipeline_economia_br to 2026-06-28 08:00:00+00:00, run_after=2026-06-29 08:00:00+00:00
[2026-06-29T21:41:13.450+0000] {processor.py:183} INFO - Processing /opt/airflow/dags/pipeline_economia.py took 0.653 seconds
[2026-06-29T21:41:43.577+0000] {processor.py:161} INFO - Started process (PID=758) to work on /opt/airflow/dags/pipeline_economia.py
[2026-06-29T21:41:43.578+0000] {processor.py:830} INFO - Processing file /opt/airflow/dags/pipeline_economia.py for tasks to queue
[2026-06-29T21:41:43.579+0000] {logging_mixin.py:188} INFO - [2026-06-29T21:41:43.579+0000] {dagbag.py:540} INFO - Filling up the DagBag from /opt/airflow/dags/pipeline_economia.py
[2026-06-29T21:41:44.153+0000] {processor.py:840} INFO - DAG(s) 'pipeline_economia_br' retrieved from /opt/airflow/dags/pipeline_economia.py
[2026-06-29T21:41:44.174+0000] {logging_mixin.py:188} INFO - [2026-06-29T21:41:44.173+0000] {dag.py:3096} INFO - Sync 1 DAGs
[2026-06-29T21:41:44.190+0000] {logging_mixin.py:188} INFO - [2026-06-29T21:41:44.189+0000] {dag.py:3954} INFO - Setting next_dagrun for pipeline_economia_br to 2026-06-28 08:00:00+00:00, run_after=2026-06-29 08:00:00+00:00
[2026-06-29T21:41:44.205+0000] {processor.py:183} INFO - Processing /opt/airflow/dags/pipeline_economia.py took 0.633 seconds
[2026-06-29T21:42:14.447+0000] {processor.py:161} INFO - Started process (PID=765) to work on /opt/airflow/dags/pipeline_economia.py
[2026-06-29T21:42:14.448+0000] {processor.py:830} INFO - Processing file /opt/airflow/dags/pipeline_economia.py for tasks to queue
[2026-06-29T21:42:14.449+0000] {logging_mixin.py:188} INFO - [2026-06-29T21:42:14.449+0000] {dagbag.py:540} INFO - Filling up the DagBag from /opt/airflow/dags/pipeline_economia.py
[2026-06-29T21:42:15.033+0000] {processor.py:840} INFO - DAG(s) 'pipeline_economia_br' retrieved from /opt/airflow/dags/pipeline_economia.py
[2026-06-29T21:42:15.056+0000] {logging_mixin.py:188} INFO - [2026-06-29T21:42:15.055+0000] {dag.py:3096} INFO - Sync 1 DAGs
[2026-06-29T21:42:15.070+0000] {logging_mixin.py:188} INFO - [2026-06-29T21:42:15.070+0000] {dag.py:3954} INFO - Setting next_dagrun for pipeline_economia_br to 2026-06-28 08:00:00+00:00, run_after=2026-06-29 08:00:00+00:00
[2026-06-29T21:42:15.084+0000] {processor.py:183} INFO - Processing /opt/airflow/dags/pipeline_economia.py took 0.644 seconds
[2026-06-29T21:42:45.294+0000] {processor.py:161} INFO - Started process (PID=772) to work on /opt/airflow/dags/pipeline_economia.py
[2026-06-29T21:42:45.296+0000] {processor.py:830} INFO - Processing file /opt/airflow/dags/pipeline_economia.py for tasks to queue
[2026-06-29T21:42:45.298+0000] {logging_mixin.py:188} INFO - [2026-06-29T21:42:45.297+0000] {dagbag.py:540} INFO - Filling up the DagBag from /opt/airflow/dags/pipeline_economia.py
[2026-06-29T21:42:46.046+0000] {processor.py:840} INFO - DAG(s) 'pipeline_economia_br' retrieved from /opt/airflow/dags/pipeline_economia.py
[2026-06-29T21:42:46.071+0000] {logging_mixin.py:188} INFO - [2026-06-29T21:42:46.071+0000] {dag.py:3096} INFO - Sync 1 DAGs
[2026-06-29T21:42:46.087+0000] {logging_mixin.py:188} INFO - [2026-06-29T21:42:46.087+0000] {dag.py:3954} INFO - Setting next_dagrun for pipeline_economia_br to 2026-06-28 08:00:00+00:00, run_after=2026-06-29 08:00:00+00:00
[2026-06-29T21:42:46.101+0000] {processor.py:183} INFO - Processing /opt/airflow/dags/pipeline_economia.py took 0.812 seconds
[2026-06-29T21:43:16.244+0000] {processor.py:161} INFO - Started process (PID=779) to work on /opt/airflow/dags/pipeline_economia.py
[2026-06-29T21:43:16.246+0000] {processor.py:830} INFO - Processing file /opt/airflow/dags/pipeline_economia.py for tasks to queue
[2026-06-29T21:43:16.248+0000] {logging_mixin.py:188} INFO - [2026-06-29T21:43:16.247+0000] {dagbag.py:540} INFO - Filling up the DagBag from /opt/airflow/dags/pipeline_economia.py
[2026-06-29T21:43:16.833+0000] {processor.py:840} INFO - DAG(s) 'pipeline_economia_br' retrieved from /opt/airflow/dags/pipeline_economia.py
[2026-06-29T21:43:16.856+0000] {logging_mixin.py:188} INFO - [2026-06-29T21:43:16.856+0000] {dag.py:3096} INFO - Sync 1 DAGs
[2026-06-29T21:43:16.870+0000] {logging_mixin.py:188} INFO - [2026-06-29T21:43:16.870+0000] {dag.py:3954} INFO - Setting next_dagrun for pipeline_economia_br to 2026-06-28 08:00:00+00:00, run_after=2026-06-29 08:00:00+00:00
[2026-06-29T21:43:16.886+0000] {processor.py:183} INFO - Processing /opt/airflow/dags/pipeline_economia.py took 0.647 seconds
[2026-06-29T21:43:47.120+0000] {processor.py:161} INFO - Started process (PID=786) to work on /opt/airflow/dags/pipeline_economia.py
[2026-06-29T21:43:47.121+0000] {processor.py:830} INFO - Processing file /opt/airflow/dags/pipeline_economia.py for tasks to queue
[2026-06-29T21:43:47.123+0000] {logging_mixin.py:188} INFO - [2026-06-29T21:43:47.122+0000] {dagbag.py:540} INFO - Filling up the DagBag from /opt/airflow/dags/pipeline_economia.py
[2026-06-29T21:43:47.737+0000] {processor.py:840} INFO - DAG(s) 'pipeline_economia_br' retrieved from /opt/airflow/dags/pipeline_economia.py
[2026-06-29T21:43:47.760+0000] {logging_mixin.py:188} INFO - [2026-06-29T21:43:47.759+0000] {dag.py:3096} INFO - Sync 1 DAGs
[2026-06-29T21:43:47.775+0000] {logging_mixin.py:188} INFO - [2026-06-29T21:43:47.775+0000] {dag.py:3954} INFO - Setting next_dagrun for pipeline_economia_br to 2026-06-28 08:00:00+00:00, run_after=2026-06-29 08:00:00+00:00
[2026-06-29T21:43:47.792+0000] {processor.py:183} INFO - Processing /opt/airflow/dags/pipeline_economia.py took 0.678 seconds
[2026-06-29T21:44:18.025+0000] {processor.py:161} INFO - Started process (PID=793) to work on /opt/airflow/dags/pipeline_economia.py
[2026-06-29T21:44:18.026+0000] {processor.py:830} INFO - Processing file /opt/airflow/dags/pipeline_economia.py for tasks to queue
[2026-06-29T21:44:18.029+0000] {logging_mixin.py:188} INFO - [2026-06-29T21:44:18.028+0000] {dagbag.py:540} INFO - Filling up the DagBag from /opt/airflow/dags/pipeline_economia.py
[2026-06-29T21:44:18.658+0000] {processor.py:840} INFO - DAG(s) 'pipeline_economia_br' retrieved from /opt/airflow/dags/pipeline_economia.py
[2026-06-29T21:44:18.682+0000] {logging_mixin.py:188} INFO - [2026-06-29T21:44:18.682+0000] {dag.py:3096} INFO - Sync 1 DAGs
[2026-06-29T21:44:18.701+0000] {logging_mixin.py:188} INFO - [2026-06-29T21:44:18.701+0000] {dag.py:3954} INFO - Setting next_dagrun for pipeline_economia_br to 2026-06-28 08:00:00+00:00, run_after=2026-06-29 08:00:00+00:00
[2026-06-29T21:44:18.718+0000] {processor.py:183} INFO - Processing /opt/airflow/dags/pipeline_economia.py took 0.698 seconds
[2026-06-29T21:44:48.891+0000] {processor.py:161} INFO - Started process (PID=800) to work on /opt/airflow/dags/pipeline_economia.py
[2026-06-29T21:44:48.892+0000] {processor.py:830} INFO - Processing file /opt/airflow/dags/pipeline_economia.py for tasks to queue
[2026-06-29T21:44:48.894+0000] {logging_mixin.py:188} INFO - [2026-06-29T21:44:48.894+0000] {dagbag.py:540} INFO - Filling up the DagBag from /opt/airflow/dags/pipeline_economia.py
[2026-06-29T21:44:49.726+0000] {processor.py:840} INFO - DAG(s) 'pipeline_economia_br' retrieved from /opt/airflow/dags/pipeline_economia.py
[2026-06-29T21:44:49.779+0000] {logging_mixin.py:188} INFO - [2026-06-29T21:44:49.779+0000] {dag.py:3096} INFO - Sync 1 DAGs
[2026-06-29T21:44:49.796+0000] {logging_mixin.py:188} INFO - [2026-06-29T21:44:49.796+0000] {dag.py:3954} INFO - Setting next_dagrun for pipeline_economia_br to 2026-06-28 08:00:00+00:00, run_after=2026-06-29 08:00:00+00:00
[2026-06-29T21:44:49.816+0000] {processor.py:183} INFO - Processing /opt/airflow/dags/pipeline_economia.py took 0.931 seconds
[2026-06-29T21:45:20.034+0000] {processor.py:161} INFO - Started process (PID=807) to work on /opt/airflow/dags/pipeline_economia.py
[2026-06-29T21:45:20.035+0000] {processor.py:830} INFO - Processing file /opt/airflow/dags/pipeline_economia.py for tasks to queue
[2026-06-29T21:45:20.037+0000] {logging_mixin.py:188} INFO - [2026-06-29T21:45:20.037+0000] {dagbag.py:540} INFO - Filling up the DagBag from /opt/airflow/dags/pipeline_economia.py
[2026-06-29T21:45:20.714+0000] {processor.py:840} INFO - DAG(s) 'pipeline_economia_br' retrieved from /opt/airflow/dags/pipeline_economia.py
[2026-06-29T21:45:20.738+0000] {logging_mixin.py:188} INFO - [2026-06-29T21:45:20.738+0000] {dag.py:3096} INFO - Sync 1 DAGs
[2026-06-29T21:45:20.755+0000] {logging_mixin.py:188} INFO - [2026-06-29T21:45:20.755+0000] {dag.py:3954} INFO - Setting next_dagrun for pipeline_economia_br to 2026-06-28 08:00:00+00:00, run_after=2026-06-29 08:00:00+00:00
[2026-06-29T21:45:20.772+0000] {processor.py:183} INFO - Processing /opt/airflow/dags/pipeline_economia.py took 0.745 seconds
[2026-06-29T21:45:50.991+0000] {processor.py:161} INFO - Started process (PID=814) to work on /opt/airflow/dags/pipeline_economia.py
[2026-06-29T21:45:50.993+0000] {processor.py:830} INFO - Processing file /opt/airflow/dags/pipeline_economia.py for tasks to queue
[2026-06-29T21:45:50.994+0000] {logging_mixin.py:188} INFO - [2026-06-29T21:45:50.994+0000] {dagbag.py:540} INFO - Filling up the DagBag from /opt/airflow/dags/pipeline_economia.py
[2026-06-29T21:45:51.591+0000] {processor.py:840} INFO - DAG(s) 'pipeline_economia_br' retrieved from /opt/airflow/dags/pipeline_economia.py
[2026-06-29T21:45:51.613+0000] {logging_mixin.py:188} INFO - [2026-06-29T21:45:51.613+0000] {dag.py:3096} INFO - Sync 1 DAGs
[2026-06-29T21:45:51.627+0000] {logging_mixin.py:188} INFO - [2026-06-29T21:45:51.627+0000] {dag.py:3954} INFO - Setting next_dagrun for pipeline_economia_br to 2026-06-28 08:00:00+00:00, run_after=2026-06-29 08:00:00+00:00
[2026-06-29T21:45:51.644+0000] {processor.py:183} INFO - Processing /opt/airflow/dags/pipeline_economia.py took 0.657 seconds
[2026-06-29T21:46:21.861+0000] {processor.py:161} INFO - Started process (PID=821) to work on /opt/airflow/dags/pipeline_economia.py
[2026-06-29T21:46:21.862+0000] {processor.py:830} INFO - Processing file /opt/airflow/dags/pipeline_economia.py for tasks to queue
[2026-06-29T21:46:21.863+0000] {logging_mixin.py:188} INFO - [2026-06-29T21:46:21.863+0000] {dagbag.py:540} INFO - Filling up the DagBag from /opt/airflow/dags/pipeline_economia.py
[2026-06-29T21:46:22.464+0000] {processor.py:840} INFO - DAG(s) 'pipeline_economia_br' retrieved from /opt/airflow/dags/pipeline_economia.py
[2026-06-29T21:46:22.484+0000] {logging_mixin.py:188} INFO - [2026-06-29T21:46:22.483+0000] {dag.py:3096} INFO - Sync 1 DAGs
[2026-06-29T21:46:22.497+0000] {logging_mixin.py:188} INFO - [2026-06-29T21:46:22.497+0000] {dag.py:3954} INFO - Setting next_dagrun for pipeline_economia_br to 2026-06-28 08:00:00+00:00, run_after=2026-06-29 08:00:00+00:00
[2026-06-29T21:46:22.513+0000] {processor.py:183} INFO - Processing /opt/airflow/dags/pipeline_economia.py took 0.658 seconds
[2026-06-29T21:46:52.671+0000] {processor.py:161} INFO - Started process (PID=828) to work on /opt/airflow/dags/pipeline_economia.py
[2026-06-29T21:46:52.672+0000] {processor.py:830} INFO - Processing file /opt/airflow/dags/pipeline_economia.py for tasks to queue
[2026-06-29T21:46:52.674+0000] {logging_mixin.py:188} INFO - [2026-06-29T21:46:52.674+0000] {dagbag.py:540} INFO - Filling up the DagBag from /opt/airflow/dags/pipeline_economia.py
[2026-06-29T21:46:53.511+0000] {processor.py:840} INFO - DAG(s) 'pipeline_economia_br' retrieved from /opt/airflow/dags/pipeline_economia.py
[2026-06-29T21:46:53.536+0000] {logging_mixin.py:188} INFO - [2026-06-29T21:46:53.536+0000] {dag.py:3096} INFO - Sync 1 DAGs
[2026-06-29T21:46:53.550+0000] {logging_mixin.py:188} INFO - [2026-06-29T21:46:53.550+0000] {dag.py:3954} INFO - Setting next_dagrun for pipeline_economia_br to 2026-06-28 08:00:00+00:00, run_after=2026-06-29 08:00:00+00:00
[2026-06-29T21:46:53.566+0000] {processor.py:183} INFO - Processing /opt/airflow/dags/pipeline_economia.py took 0.902 seconds
[2026-06-29T21:47:23.812+0000] {processor.py:161} INFO - Started process (PID=835) to work on /opt/airflow/dags/pipeline_economia.py
[2026-06-29T21:47:23.813+0000] {processor.py:830} INFO - Processing file /opt/airflow/dags/pipeline_economia.py for tasks to queue
[2026-06-29T21:47:23.815+0000] {logging_mixin.py:188} INFO - [2026-06-29T21:47:23.814+0000] {dagbag.py:540} INFO - Filling up the DagBag from /opt/airflow/dags/pipeline_economia.py
[2026-06-29T21:47:24.438+0000] {processor.py:840} INFO - DAG(s) 'pipeline_economia_br' retrieved from /opt/airflow/dags/pipeline_economia.py
[2026-06-29T21:47:24.461+0000] {logging_mixin.py:188} INFO - [2026-06-29T21:47:24.461+0000] {dag.py:3096} INFO - Sync 1 DAGs
[2026-06-29T21:47:24.476+0000] {logging_mixin.py:188} INFO - [2026-06-29T21:47:24.476+0000] {dag.py:3954} INFO - Setting next_dagrun for pipeline_economia_br to 2026-06-28 08:00:00+00:00, run_after=2026-06-29 08:00:00+00:00
[2026-06-29T21:47:24.494+0000] {processor.py:183} INFO - Processing /opt/airflow/dags/pipeline_economia.py took 0.687 seconds
[2026-06-29T21:47:54.708+0000] {processor.py:161} INFO - Started process (PID=842) to work on /opt/airflow/dags/pipeline_economia.py
[2026-06-29T21:47:54.709+0000] {processor.py:830} INFO - Processing file /opt/airflow/dags/pipeline_economia.py for tasks to queue
[2026-06-29T21:47:54.711+0000] {logging_mixin.py:188} INFO - [2026-06-29T21:47:54.711+0000] {dagbag.py:540} INFO - Filling up the DagBag from /opt/airflow/dags/pipeline_economia.py
[2026-06-29T21:47:55.601+0000] {processor.py:840} INFO - DAG(s) 'pipeline_economia_br' retrieved from /opt/airflow/dags/pipeline_economia.py
[2026-06-29T21:47:55.633+0000] {logging_mixin.py:188} INFO - [2026-06-29T21:47:55.632+0000] {dag.py:3096} INFO - Sync 1 DAGs
[2026-06-29T21:47:55.652+0000] {logging_mixin.py:188} INFO - [2026-06-29T21:47:55.651+0000] {dag.py:3954} INFO - Setting next_dagrun for pipeline_economia_br to 2026-06-28 08:00:00+00:00, run_after=2026-06-29 08:00:00+00:00
[2026-06-29T21:47:55.669+0000] {processor.py:183} INFO - Processing /opt/airflow/dags/pipeline_economia.py took 0.967 seconds
[2026-06-29T21:48:25.891+0000] {processor.py:161} INFO - Started process (PID=849) to work on /opt/airflow/dags/pipeline_economia.py
[2026-06-29T21:48:25.892+0000] {processor.py:830} INFO - Processing file /opt/airflow/dags/pipeline_economia.py for tasks to queue
[2026-06-29T21:48:25.893+0000] {logging_mixin.py:188} INFO - [2026-06-29T21:48:25.893+0000] {dagbag.py:540} INFO - Filling up the DagBag from /opt/airflow/dags/pipeline_economia.py
[2026-06-29T21:48:26.588+0000] {processor.py:840} INFO - DAG(s) 'pipeline_economia_br' retrieved from /opt/airflow/dags/pipeline_economia.py
[2026-06-29T21:48:26.613+0000] {logging_mixin.py:188} INFO - [2026-06-29T21:48:26.613+0000] {dag.py:3096} INFO - Sync 1 DAGs
[2026-06-29T21:48:26.628+0000] {logging_mixin.py:188} INFO - [2026-06-29T21:48:26.628+0000] {dag.py:3954} INFO - Setting next_dagrun for pipeline_economia_br to 2026-06-28 08:00:00+00:00, run_after=2026-06-29 08:00:00+00:00
[2026-06-29T21:48:26.647+0000] {processor.py:183} INFO - Processing /opt/airflow/dags/pipeline_economia.py took 0.761 seconds
[2026-06-29T21:48:56.888+0000] {processor.py:161} INFO - Started process (PID=856) to work on /opt/airflow/dags/pipeline_economia.py
[2026-06-29T21:48:56.889+0000] {processor.py:830} INFO - Processing file /opt/airflow/dags/pipeline_economia.py for tasks to queue
[2026-06-29T21:48:56.891+0000] {logging_mixin.py:188} INFO - [2026-06-29T21:48:56.890+0000] {dagbag.py:540} INFO - Filling up the DagBag from /opt/airflow/dags/pipeline_economia.py
[2026-06-29T21:48:57.654+0000] {processor.py:840} INFO - DAG(s) 'pipeline_economia_br' retrieved from /opt/airflow/dags/pipeline_economia.py
[2026-06-29T21:48:57.677+0000] {logging_mixin.py:188} INFO - [2026-06-29T21:48:57.677+0000] {dag.py:3096} INFO - Sync 1 DAGs
[2026-06-29T21:48:57.692+0000] {logging_mixin.py:188} INFO - [2026-06-29T21:48:57.692+0000] {dag.py:3954} INFO - Setting next_dagrun for pipeline_economia_br to 2026-06-28 08:00:00+00:00, run_after=2026-06-29 08:00:00+00:00
[2026-06-29T21:48:57.708+0000] {processor.py:183} INFO - Processing /opt/airflow/dags/pipeline_economia.py took 0.826 seconds
[2026-06-29T21:49:27.918+0000] {processor.py:161} INFO - Started process (PID=863) to work on /opt/airflow/dags/pipeline_economia.py
[2026-06-29T21:49:27.920+0000] {processor.py:830} INFO - Processing file /opt/airflow/dags/pipeline_economia.py for tasks to queue
[2026-06-29T21:49:27.921+0000] {logging_mixin.py:188} INFO - [2026-06-29T21:49:27.921+0000] {dagbag.py:540} INFO - Filling up the DagBag from /opt/airflow/dags/pipeline_economia.py
[2026-06-29T21:49:28.559+0000] {processor.py:840} INFO - DAG(s) 'pipeline_economia_br' retrieved from /opt/airflow/dags/pipeline_economia.py
[2026-06-29T21:49:28.580+0000] {logging_mixin.py:188} INFO - [2026-06-29T21:49:28.580+0000] {dag.py:3096} INFO - Sync 1 DAGs
[2026-06-29T21:49:28.599+0000] {logging_mixin.py:188} INFO - [2026-06-29T21:49:28.599+0000] {dag.py:3954} INFO - Setting next_dagrun for pipeline_economia_br to 2026-06-28 08:00:00+00:00, run_after=2026-06-29 08:00:00+00:00
[2026-06-29T21:49:28.615+0000] {processor.py:183} INFO - Processing /opt/airflow/dags/pipeline_economia.py took 0.701 seconds
[2026-06-29T21:49:58.843+0000] {processor.py:161} INFO - Started process (PID=870) to work on /opt/airflow/dags/pipeline_economia.py
[2026-06-29T21:49:58.845+0000] {processor.py:830} INFO - Processing file /opt/airflow/dags/pipeline_economia.py for tasks to queue
[2026-06-29T21:49:58.847+0000] {logging_mixin.py:188} INFO - [2026-06-29T21:49:58.846+0000] {dagbag.py:540} INFO - Filling up the DagBag from /opt/airflow/dags/pipeline_economia.py
[2026-06-29T21:49:59.410+0000] {processor.py:840} INFO - DAG(s) 'pipeline_economia_br' retrieved from /opt/airflow/dags/pipeline_economia.py
[2026-06-29T21:49:59.430+0000] {logging_mixin.py:188} INFO - [2026-06-29T21:49:59.429+0000] {dag.py:3096} INFO - Sync 1 DAGs
[2026-06-29T21:49:59.446+0000] {logging_mixin.py:188} INFO - [2026-06-29T21:49:59.446+0000] {dag.py:3954} INFO - Setting next_dagrun for pipeline_economia_br to 2026-06-28 08:00:00+00:00, run_after=2026-06-29 08:00:00+00:00
[2026-06-29T21:49:59.464+0000] {processor.py:183} INFO - Processing /opt/airflow/dags/pipeline_economia.py took 0.626 seconds
[2026-06-29T21:50:29.692+0000] {processor.py:161} INFO - Started process (PID=877) to work on /opt/airflow/dags/pipeline_economia.py
[2026-06-29T21:50:29.693+0000] {processor.py:830} INFO - Processing file /opt/airflow/dags/pipeline_economia.py for tasks to queue
[2026-06-29T21:50:29.695+0000] {logging_mixin.py:188} INFO - [2026-06-29T21:50:29.695+0000] {dagbag.py:540} INFO - Filling up the DagBag from /opt/airflow/dags/pipeline_economia.py
[2026-06-29T21:50:30.226+0000] {processor.py:840} INFO - DAG(s) 'pipeline_economia_br' retrieved from /opt/airflow/dags/pipeline_economia.py
[2026-06-29T21:50:30.246+0000] {logging_mixin.py:188} INFO - [2026-06-29T21:50:30.245+0000] {dag.py:3096} INFO - Sync 1 DAGs
[2026-06-29T21:50:30.261+0000] {logging_mixin.py:188} INFO - [2026-06-29T21:50:30.260+0000] {dag.py:3954} INFO - Setting next_dagrun for pipeline_economia_br to 2026-06-28 08:00:00+00:00, run_after=2026-06-29 08:00:00+00:00
[2026-06-29T21:50:30.276+0000] {processor.py:183} INFO - Processing /opt/airflow/dags/pipeline_economia.py took 0.589 seconds
[2026-06-29T21:51:00.516+0000] {processor.py:161} INFO - Started process (PID=884) to work on /opt/airflow/dags/pipeline_economia.py
[2026-06-29T21:51:00.517+0000] {processor.py:830} INFO - Processing file /opt/airflow/dags/pipeline_economia.py for tasks to queue
[2026-06-29T21:51:00.519+0000] {logging_mixin.py:188} INFO - [2026-06-29T21:51:00.519+0000] {dagbag.py:540} INFO - Filling up the DagBag from /opt/airflow/dags/pipeline_economia.py
[2026-06-29T21:51:01.100+0000] {processor.py:840} INFO - DAG(s) 'pipeline_economia_br' retrieved from /opt/airflow/dags/pipeline_economia.py
[2026-06-29T21:51:01.121+0000] {logging_mixin.py:188} INFO - [2026-06-29T21:51:01.121+0000] {dag.py:3096} INFO - Sync 1 DAGs
[2026-06-29T21:51:01.136+0000] {logging_mixin.py:188} INFO - [2026-06-29T21:51:01.136+0000] {dag.py:3954} INFO - Setting next_dagrun for pipeline_economia_br to 2026-06-28 08:00:00+00:00, run_after=2026-06-29 08:00:00+00:00
[2026-06-29T21:51:01.153+0000] {processor.py:183} INFO - Processing /opt/airflow/dags/pipeline_economia.py took 0.642 seconds
[2026-06-29T21:51:31.354+0000] {processor.py:161} INFO - Started process (PID=891) to work on /opt/airflow/dags/pipeline_economia.py
[2026-06-29T21:51:31.356+0000] {processor.py:830} INFO - Processing file /opt/airflow/dags/pipeline_economia.py for tasks to queue
[2026-06-29T21:51:31.358+0000] {logging_mixin.py:188} INFO - [2026-06-29T21:51:31.358+0000] {dagbag.py:540} INFO - Filling up the DagBag from /opt/airflow/dags/pipeline_economia.py
[2026-06-29T21:51:31.953+0000] {processor.py:840} INFO - DAG(s) 'pipeline_economia_br' retrieved from /opt/airflow/dags/pipeline_economia.py
[2026-06-29T21:51:31.977+0000] {logging_mixin.py:188} INFO - [2026-06-29T21:51:31.977+0000] {dag.py:3096} INFO - Sync 1 DAGs
[2026-06-29T21:51:31.993+0000] {logging_mixin.py:188} INFO - [2026-06-29T21:51:31.993+0000] {dag.py:3954} INFO - Setting next_dagrun for pipeline_economia_br to 2026-06-28 08:00:00+00:00, run_after=2026-06-29 08:00:00+00:00
[2026-06-29T21:51:32.009+0000] {processor.py:183} INFO - Processing /opt/airflow/dags/pipeline_economia.py took 0.660 seconds
[2026-06-29T21:52:02.225+0000] {processor.py:161} INFO - Started process (PID=898) to work on /opt/airflow/dags/pipeline_economia.py
[2026-06-29T21:52:02.226+0000] {processor.py:830} INFO - Processing file /opt/airflow/dags/pipeline_economia.py for tasks to queue
[2026-06-29T21:52:02.228+0000] {logging_mixin.py:188} INFO - [2026-06-29T21:52:02.228+0000] {dagbag.py:540} INFO - Filling up the DagBag from /opt/airflow/dags/pipeline_economia.py
[2026-06-29T21:52:02.831+0000] {processor.py:840} INFO - DAG(s) 'pipeline_economia_br' retrieved from /opt/airflow/dags/pipeline_economia.py
[2026-06-29T21:52:02.854+0000] {logging_mixin.py:188} INFO - [2026-06-29T21:52:02.854+0000] {dag.py:3096} INFO - Sync 1 DAGs
[2026-06-29T21:52:02.869+0000] {logging_mixin.py:188} INFO - [2026-06-29T21:52:02.869+0000] {dag.py:3954} INFO - Setting next_dagrun for pipeline_economia_br to 2026-06-28 08:00:00+00:00, run_after=2026-06-29 08:00:00+00:00
[2026-06-29T21:52:02.885+0000] {processor.py:183} INFO - Processing /opt/airflow/dags/pipeline_economia.py took 0.665 seconds
[2026-06-29T21:52:33.114+0000] {processor.py:161} INFO - Started process (PID=905) to work on /opt/airflow/dags/pipeline_economia.py
[2026-06-29T21:52:33.115+0000] {processor.py:830} INFO - Processing file /opt/airflow/dags/pipeline_economia.py for tasks to queue
[2026-06-29T21:52:33.118+0000] {logging_mixin.py:188} INFO - [2026-06-29T21:52:33.118+0000] {dagbag.py:540} INFO - Filling up the DagBag from /opt/airflow/dags/pipeline_economia.py
[2026-06-29T21:52:33.981+0000] {processor.py:840} INFO - DAG(s) 'pipeline_economia_br' retrieved from /opt/airflow/dags/pipeline_economia.py
[2026-06-29T21:52:34.013+0000] {logging_mixin.py:188} INFO - [2026-06-29T21:52:34.012+0000] {dag.py:3096} INFO - Sync 1 DAGs
[2026-06-29T21:52:34.032+0000] {logging_mixin.py:188} INFO - [2026-06-29T21:52:34.032+0000] {dag.py:3954} INFO - Setting next_dagrun for pipeline_economia_br to 2026-06-28 08:00:00+00:00, run_after=2026-06-29 08:00:00+00:00
[2026-06-29T21:52:34.048+0000] {processor.py:183} INFO - Processing /opt/airflow/dags/pipeline_economia.py took 0.944 seconds
[2026-06-29T21:53:04.264+0000] {processor.py:161} INFO - Started process (PID=912) to work on /opt/airflow/dags/pipeline_economia.py
[2026-06-29T21:53:04.265+0000] {processor.py:830} INFO - Processing file /opt/airflow/dags/pipeline_economia.py for tasks to queue
[2026-06-29T21:53:04.268+0000] {logging_mixin.py:188} INFO - [2026-06-29T21:53:04.268+0000] {dagbag.py:540} INFO - Filling up the DagBag from /opt/airflow/dags/pipeline_economia.py
[2026-06-29T21:53:04.834+0000] {processor.py:840} INFO - DAG(s) 'pipeline_economia_br' retrieved from /opt/airflow/dags/pipeline_economia.py
[2026-06-29T21:53:04.855+0000] {logging_mixin.py:188} INFO - [2026-06-29T21:53:04.855+0000] {dag.py:3096} INFO - Sync 1 DAGs
[2026-06-29T21:53:04.869+0000] {logging_mixin.py:188} INFO - [2026-06-29T21:53:04.869+0000] {dag.py:3954} INFO - Setting next_dagrun for pipeline_economia_br to 2026-06-28 08:00:00+00:00, run_after=2026-06-29 08:00:00+00:00
[2026-06-29T21:53:04.885+0000] {processor.py:183} INFO - Processing /opt/airflow/dags/pipeline_economia.py took 0.626 seconds
[2026-06-29T21:53:35.080+0000] {processor.py:161} INFO - Started process (PID=919) to work on /opt/airflow/dags/pipeline_economia.py
[2026-06-29T21:53:35.081+0000] {processor.py:830} INFO - Processing file /opt/airflow/dags/pipeline_economia.py for tasks to queue
[2026-06-29T21:53:35.083+0000] {logging_mixin.py:188} INFO - [2026-06-29T21:53:35.082+0000] {dagbag.py:540} INFO - Filling up the DagBag from /opt/airflow/dags/pipeline_economia.py
[2026-06-29T21:53:35.859+0000] {processor.py:840} INFO - DAG(s) 'pipeline_economia_br' retrieved from /opt/airflow/dags/pipeline_economia.py
[2026-06-29T21:53:35.882+0000] {logging_mixin.py:188} INFO - [2026-06-29T21:53:35.881+0000] {dag.py:3096} INFO - Sync 1 DAGs
[2026-06-29T21:53:35.898+0000] {logging_mixin.py:188} INFO - [2026-06-29T21:53:35.898+0000] {dag.py:3954} INFO - Setting next_dagrun for pipeline_economia_br to 2026-06-28 08:00:00+00:00, run_after=2026-06-29 08:00:00+00:00
[2026-06-29T21:53:35.912+0000] {processor.py:183} INFO - Processing /opt/airflow/dags/pipeline_economia.py took 0.837 seconds
[2026-06-29T21:54:06.143+0000] {processor.py:161} INFO - Started process (PID=926) to work on /opt/airflow/dags/pipeline_economia.py
[2026-06-29T21:54:06.144+0000] {processor.py:830} INFO - Processing file /opt/airflow/dags/pipeline_economia.py for tasks to queue
[2026-06-29T21:54:06.146+0000] {logging_mixin.py:188} INFO - [2026-06-29T21:54:06.146+0000] {dagbag.py:540} INFO - Filling up the DagBag from /opt/airflow/dags/pipeline_economia.py
[2026-06-29T21:54:06.796+0000] {processor.py:840} INFO - DAG(s) 'pipeline_economia_br' retrieved from /opt/airflow/dags/pipeline_economia.py
[2026-06-29T21:54:06.817+0000] {logging_mixin.py:188} INFO - [2026-06-29T21:54:06.817+0000] {dag.py:3096} INFO - Sync 1 DAGs
[2026-06-29T21:54:06.833+0000] {logging_mixin.py:188} INFO - [2026-06-29T21:54:06.833+0000] {dag.py:3954} INFO - Setting next_dagrun for pipeline_economia_br to 2026-06-28 08:00:00+00:00, run_after=2026-06-29 08:00:00+00:00
[2026-06-29T21:54:06.850+0000] {processor.py:183} INFO - Processing /opt/airflow/dags/pipeline_economia.py took 0.712 seconds
[2026-06-29T21:54:37.081+0000] {processor.py:161} INFO - Started process (PID=933) to work on /opt/airflow/dags/pipeline_economia.py
[2026-06-29T21:54:37.083+0000] {processor.py:830} INFO - Processing file /opt/airflow/dags/pipeline_economia.py for tasks to queue
[2026-06-29T21:54:37.085+0000] {logging_mixin.py:188} INFO - [2026-06-29T21:54:37.085+0000] {dagbag.py:540} INFO - Filling up the DagBag from /opt/airflow/dags/pipeline_economia.py
[2026-06-29T21:54:37.638+0000] {processor.py:840} INFO - DAG(s) 'pipeline_economia_br' retrieved from /opt/airflow/dags/pipeline_economia.py
[2026-06-29T21:54:37.659+0000] {logging_mixin.py:188} INFO - [2026-06-29T21:54:37.659+0000] {dag.py:3096} INFO - Sync 1 DAGs
[2026-06-29T21:54:37.673+0000] {logging_mixin.py:188} INFO - [2026-06-29T21:54:37.673+0000] {dag.py:3954} INFO - Setting next_dagrun for pipeline_economia_br to 2026-06-28 08:00:00+00:00, run_after=2026-06-29 08:00:00+00:00
[2026-06-29T21:54:37.688+0000] {processor.py:183} INFO - Processing /opt/airflow/dags/pipeline_economia.py took 0.611 seconds
[2026-06-29T21:55:07.894+0000] {processor.py:161} INFO - Started process (PID=940) to work on /opt/airflow/dags/pipeline_economia.py
[2026-06-29T21:55:07.895+0000] {processor.py:830} INFO - Processing file /opt/airflow/dags/pipeline_economia.py for tasks to queue
[2026-06-29T21:55:07.897+0000] {logging_mixin.py:188} INFO - [2026-06-29T21:55:07.897+0000] {dagbag.py:540} INFO - Filling up the DagBag from /opt/airflow/dags/pipeline_economia.py
[2026-06-29T21:55:08.495+0000] {processor.py:840} INFO - DAG(s) 'pipeline_economia_br' retrieved from /opt/airflow/dags/pipeline_economia.py
[2026-06-29T21:55:08.516+0000] {logging_mixin.py:188} INFO - [2026-06-29T21:55:08.516+0000] {dag.py:3096} INFO - Sync 1 DAGs
[2026-06-29T21:55:08.530+0000] {logging_mixin.py:188} INFO - [2026-06-29T21:55:08.530+0000] {dag.py:3954} INFO - Setting next_dagrun for pipeline_economia_br to 2026-06-28 08:00:00+00:00, run_after=2026-06-29 08:00:00+00:00
[2026-06-29T21:55:08.545+0000] {processor.py:183} INFO - Processing /opt/airflow/dags/pipeline_economia.py took 0.656 seconds
[2026-06-29T21:55:38.749+0000] {processor.py:161} INFO - Started process (PID=947) to work on /opt/airflow/dags/pipeline_economia.py
[2026-06-29T21:55:38.750+0000] {processor.py:830} INFO - Processing file /opt/airflow/dags/pipeline_economia.py for tasks to queue
[2026-06-29T21:55:38.753+0000] {logging_mixin.py:188} INFO - [2026-06-29T21:55:38.753+0000] {dagbag.py:540} INFO - Filling up the DagBag from /opt/airflow/dags/pipeline_economia.py
[2026-06-29T21:55:39.307+0000] {processor.py:840} INFO - DAG(s) 'pipeline_economia_br' retrieved from /opt/airflow/dags/pipeline_economia.py
[2026-06-29T21:55:39.327+0000] {logging_mixin.py:188} INFO - [2026-06-29T21:55:39.326+0000] {dag.py:3096} INFO - Sync 1 DAGs
[2026-06-29T21:55:39.341+0000] {logging_mixin.py:188} INFO - [2026-06-29T21:55:39.341+0000] {dag.py:3954} INFO - Setting next_dagrun for pipeline_economia_br to 2026-06-28 08:00:00+00:00, run_after=2026-06-29 08:00:00+00:00
[2026-06-29T21:55:39.356+0000] {processor.py:183} INFO - Processing /opt/airflow/dags/pipeline_economia.py took 0.611 seconds
[2026-06-29T21:56:09.574+0000] {processor.py:161} INFO - Started process (PID=954) to work on /opt/airflow/dags/pipeline_economia.py
[2026-06-29T21:56:09.575+0000] {processor.py:830} INFO - Processing file /opt/airflow/dags/pipeline_economia.py for tasks to queue
[2026-06-29T21:56:09.578+0000] {logging_mixin.py:188} INFO - [2026-06-29T21:56:09.578+0000] {dagbag.py:540} INFO - Filling up the DagBag from /opt/airflow/dags/pipeline_economia.py
[2026-06-29T21:56:10.176+0000] {processor.py:840} INFO - DAG(s) 'pipeline_economia_br' retrieved from /opt/airflow/dags/pipeline_economia.py
[2026-06-29T21:56:10.198+0000] {logging_mixin.py:188} INFO - [2026-06-29T21:56:10.198+0000] {dag.py:3096} INFO - Sync 1 DAGs
[2026-06-29T21:56:10.213+0000] {logging_mixin.py:188} INFO - [2026-06-29T21:56:10.213+0000] {dag.py:3954} INFO - Setting next_dagrun for pipeline_economia_br to 2026-06-28 08:00:00+00:00, run_after=2026-06-29 08:00:00+00:00
[2026-06-29T21:56:10.230+0000] {processor.py:183} INFO - Processing /opt/airflow/dags/pipeline_economia.py took 0.662 seconds
[2026-06-29T21:56:40.510+0000] {processor.py:161} INFO - Started process (PID=961) to work on /opt/airflow/dags/pipeline_economia.py
[2026-06-29T21:56:40.512+0000] {processor.py:830} INFO - Processing file /opt/airflow/dags/pipeline_economia.py for tasks to queue
[2026-06-29T21:56:40.523+0000] {logging_mixin.py:188} INFO - [2026-06-29T21:56:40.522+0000] {dagbag.py:540} INFO - Filling up the DagBag from /opt/airflow/dags/pipeline_economia.py
[2026-06-29T21:56:41.997+0000] {processor.py:840} INFO - DAG(s) 'pipeline_economia_br' retrieved from /opt/airflow/dags/pipeline_economia.py
[2026-06-29T21:56:42.027+0000] {logging_mixin.py:188} INFO - [2026-06-29T21:56:42.026+0000] {dag.py:3096} INFO - Sync 1 DAGs
[2026-06-29T21:56:42.048+0000] {logging_mixin.py:188} INFO - [2026-06-29T21:56:42.048+0000] {dag.py:3954} INFO - Setting next_dagrun for pipeline_economia_br to 2026-06-28 08:00:00+00:00, run_after=2026-06-29 08:00:00+00:00
[2026-06-29T21:56:42.073+0000] {processor.py:183} INFO - Processing /opt/airflow/dags/pipeline_economia.py took 1.578 seconds
[2026-06-29T21:57:12.281+0000] {processor.py:161} INFO - Started process (PID=968) to work on /opt/airflow/dags/pipeline_economia.py
[2026-06-29T21:57:12.282+0000] {processor.py:830} INFO - Processing file /opt/airflow/dags/pipeline_economia.py for tasks to queue
[2026-06-29T21:57:12.285+0000] {logging_mixin.py:188} INFO - [2026-06-29T21:57:12.284+0000] {dagbag.py:540} INFO - Filling up the DagBag from /opt/airflow/dags/pipeline_economia.py
[2026-06-29T21:57:12.967+0000] {processor.py:840} INFO - DAG(s) 'pipeline_economia_br' retrieved from /opt/airflow/dags/pipeline_economia.py
[2026-06-29T21:57:12.987+0000] {logging_mixin.py:188} INFO - [2026-06-29T21:57:12.987+0000] {dag.py:3096} INFO - Sync 1 DAGs
[2026-06-29T21:57:13.004+0000] {logging_mixin.py:188} INFO - [2026-06-29T21:57:13.004+0000] {dag.py:3954} INFO - Setting next_dagrun for pipeline_economia_br to 2026-06-28 08:00:00+00:00, run_after=2026-06-29 08:00:00+00:00
[2026-06-29T21:57:13.066+0000] {processor.py:183} INFO - Processing /opt/airflow/dags/pipeline_economia.py took 0.790 seconds
[2026-06-29T21:57:43.219+0000] {processor.py:161} INFO - Started process (PID=975) to work on /opt/airflow/dags/pipeline_economia.py
[2026-06-29T21:57:43.220+0000] {processor.py:830} INFO - Processing file /opt/airflow/dags/pipeline_economia.py for tasks to queue
[2026-06-29T21:57:43.222+0000] {logging_mixin.py:188} INFO - [2026-06-29T21:57:43.222+0000] {dagbag.py:540} INFO - Filling up the DagBag from /opt/airflow/dags/pipeline_economia.py
[2026-06-29T21:57:43.763+0000] {processor.py:840} INFO - DAG(s) 'pipeline_economia_br' retrieved from /opt/airflow/dags/pipeline_economia.py
[2026-06-29T21:57:43.783+0000] {logging_mixin.py:188} INFO - [2026-06-29T21:57:43.783+0000] {dag.py:3096} INFO - Sync 1 DAGs
[2026-06-29T21:57:43.797+0000] {logging_mixin.py:188} INFO - [2026-06-29T21:57:43.797+0000] {dag.py:3954} INFO - Setting next_dagrun for pipeline_economia_br to 2026-06-28 08:00:00+00:00, run_after=2026-06-29 08:00:00+00:00
[2026-06-29T21:57:43.813+0000] {processor.py:183} INFO - Processing /opt/airflow/dags/pipeline_economia.py took 0.599 seconds
[2026-06-29T21:58:14.052+0000] {processor.py:161} INFO - Started process (PID=982) to work on /opt/airflow/dags/pipeline_economia.py
[2026-06-29T21:58:14.053+0000] {processor.py:830} INFO - Processing file /opt/airflow/dags/pipeline_economia.py for tasks to queue
[2026-06-29T21:58:14.055+0000] {logging_mixin.py:188} INFO - [2026-06-29T21:58:14.055+0000] {dagbag.py:540} INFO - Filling up the DagBag from /opt/airflow/dags/pipeline_economia.py
[2026-06-29T21:58:14.735+0000] {processor.py:840} INFO - DAG(s) 'pipeline_economia_br' retrieved from /opt/airflow/dags/pipeline_economia.py
[2026-06-29T21:58:14.757+0000] {logging_mixin.py:188} INFO - [2026-06-29T21:58:14.756+0000] {dag.py:3096} INFO - Sync 1 DAGs
[2026-06-29T21:58:14.770+0000] {logging_mixin.py:188} INFO - [2026-06-29T21:58:14.769+0000] {dag.py:3954} INFO - Setting next_dagrun for pipeline_economia_br to 2026-06-28 08:00:00+00:00, run_after=2026-06-29 08:00:00+00:00
[2026-06-29T21:58:14.782+0000] {processor.py:183} INFO - Processing /opt/airflow/dags/pipeline_economia.py took 0.736 seconds
[2026-06-29T21:58:45.012+0000] {processor.py:161} INFO - Started process (PID=989) to work on /opt/airflow/dags/pipeline_economia.py
[2026-06-29T21:58:45.013+0000] {processor.py:830} INFO - Processing file /opt/airflow/dags/pipeline_economia.py for tasks to queue
[2026-06-29T21:58:45.015+0000] {logging_mixin.py:188} INFO - [2026-06-29T21:58:45.015+0000] {dagbag.py:540} INFO - Filling up the DagBag from /opt/airflow/dags/pipeline_economia.py
[2026-06-29T21:58:45.530+0000] {processor.py:840} INFO - DAG(s) 'pipeline_economia_br' retrieved from /opt/airflow/dags/pipeline_economia.py
[2026-06-29T21:58:45.550+0000] {logging_mixin.py:188} INFO - [2026-06-29T21:58:45.549+0000] {dag.py:3096} INFO - Sync 1 DAGs
[2026-06-29T21:58:45.564+0000] {logging_mixin.py:188} INFO - [2026-06-29T21:58:45.564+0000] {dag.py:3954} INFO - Setting next_dagrun for pipeline_economia_br to 2026-06-28 08:00:00+00:00, run_after=2026-06-29 08:00:00+00:00
[2026-06-29T21:58:45.578+0000] {processor.py:183} INFO - Processing /opt/airflow/dags/pipeline_economia.py took 0.572 seconds
[2026-06-29T21:59:15.835+0000] {processor.py:161} INFO - Started process (PID=996) to work on /opt/airflow/dags/pipeline_economia.py
[2026-06-29T21:59:15.836+0000] {processor.py:830} INFO - Processing file /opt/airflow/dags/pipeline_economia.py for tasks to queue
[2026-06-29T21:59:15.840+0000] {logging_mixin.py:188} INFO - [2026-06-29T21:59:15.839+0000] {dagbag.py:540} INFO - Filling up the DagBag from /opt/airflow/dags/pipeline_economia.py
[2026-06-29T21:59:16.589+0000] {processor.py:840} INFO - DAG(s) 'pipeline_economia_br' retrieved from /opt/airflow/dags/pipeline_economia.py
[2026-06-29T21:59:16.613+0000] {logging_mixin.py:188} INFO - [2026-06-29T21:59:16.613+0000] {dag.py:3096} INFO - Sync 1 DAGs
[2026-06-29T21:59:16.634+0000] {logging_mixin.py:188} INFO - [2026-06-29T21:59:16.634+0000] {dag.py:3954} INFO - Setting next_dagrun for pipeline_economia_br to 2026-06-28 08:00:00+00:00, run_after=2026-06-29 08:00:00+00:00
[2026-06-29T21:59:16.655+0000] {processor.py:183} INFO - Processing /opt/airflow/dags/pipeline_economia.py took 0.826 seconds
[2026-06-29T21:59:46.910+0000] {processor.py:161} INFO - Started process (PID=1003) to work on /opt/airflow/dags/pipeline_economia.py
[2026-06-29T21:59:46.912+0000] {processor.py:830} INFO - Processing file /opt/airflow/dags/pipeline_economia.py for tasks to queue
[2026-06-29T21:59:46.914+0000] {logging_mixin.py:188} INFO - [2026-06-29T21:59:46.913+0000] {dagbag.py:540} INFO - Filling up the DagBag from /opt/airflow/dags/pipeline_economia.py
[2026-06-29T21:59:47.479+0000] {processor.py:840} INFO - DAG(s) 'pipeline_economia_br' retrieved from /opt/airflow/dags/pipeline_economia.py
[2026-06-29T21:59:47.507+0000] {logging_mixin.py:188} INFO - [2026-06-29T21:59:47.507+0000] {dag.py:3096} INFO - Sync 1 DAGs
[2026-06-29T21:59:47.528+0000] {logging_mixin.py:188} INFO - [2026-06-29T21:59:47.528+0000] {dag.py:3954} INFO - Setting next_dagrun for pipeline_economia_br to 2026-06-28 08:00:00+00:00, run_after=2026-06-29 08:00:00+00:00
[2026-06-29T21:59:47.543+0000] {processor.py:183} INFO - Processing /opt/airflow/dags/pipeline_economia.py took 0.638 seconds
[2026-06-29T22:00:17.673+0000] {processor.py:161} INFO - Started process (PID=1010) to work on /opt/airflow/dags/pipeline_economia.py
[2026-06-29T22:00:17.675+0000] {processor.py:830} INFO - Processing file /opt/airflow/dags/pipeline_economia.py for tasks to queue
[2026-06-29T22:00:17.677+0000] {logging_mixin.py:188} INFO - [2026-06-29T22:00:17.677+0000] {dagbag.py:540} INFO - Filling up the DagBag from /opt/airflow/dags/pipeline_economia.py
[2026-06-29T22:00:18.249+0000] {processor.py:840} INFO - DAG(s) 'pipeline_economia_br' retrieved from /opt/airflow/dags/pipeline_economia.py
[2026-06-29T22:00:18.268+0000] {logging_mixin.py:188} INFO - [2026-06-29T22:00:18.267+0000] {dag.py:3096} INFO - Sync 1 DAGs
[2026-06-29T22:00:18.283+0000] {logging_mixin.py:188} INFO - [2026-06-29T22:00:18.283+0000] {dag.py:3954} INFO - Setting next_dagrun for pipeline_economia_br to 2026-06-28 08:00:00+00:00, run_after=2026-06-29 08:00:00+00:00
[2026-06-29T22:00:18.297+0000] {processor.py:183} INFO - Processing /opt/airflow/dags/pipeline_economia.py took 0.629 seconds
[2026-06-29T22:00:48.550+0000] {processor.py:161} INFO - Started process (PID=1017) to work on /opt/airflow/dags/pipeline_economia.py
[2026-06-29T22:00:48.552+0000] {processor.py:830} INFO - Processing file /opt/airflow/dags/pipeline_economia.py for tasks to queue
[2026-06-29T22:00:48.554+0000] {logging_mixin.py:188} INFO - [2026-06-29T22:00:48.553+0000] {dagbag.py:540} INFO - Filling up the DagBag from /opt/airflow/dags/pipeline_economia.py
[2026-06-29T22:00:49.288+0000] {processor.py:840} INFO - DAG(s) 'pipeline_economia_br' retrieved from /opt/airflow/dags/pipeline_economia.py
[2026-06-29T22:00:49.312+0000] {logging_mixin.py:188} INFO - [2026-06-29T22:00:49.312+0000] {dag.py:3096} INFO - Sync 1 DAGs
[2026-06-29T22:00:49.327+0000] {logging_mixin.py:188} INFO - [2026-06-29T22:00:49.327+0000] {dag.py:3954} INFO - Setting next_dagrun for pipeline_economia_br to 2026-06-28 08:00:00+00:00, run_after=2026-06-29 08:00:00+00:00
[2026-06-29T22:00:49.340+0000] {processor.py:183} INFO - Processing /opt/airflow/dags/pipeline_economia.py took 0.795 seconds
[2026-06-29T22:01:19.597+0000] {processor.py:161} INFO - Started process (PID=1024) to work on /opt/airflow/dags/pipeline_economia.py
[2026-06-29T22:01:19.598+0000] {processor.py:830} INFO - Processing file /opt/airflow/dags/pipeline_economia.py for tasks to queue
[2026-06-29T22:01:19.600+0000] {logging_mixin.py:188} INFO - [2026-06-29T22:01:19.599+0000] {dagbag.py:540} INFO - Filling up the DagBag from /opt/airflow/dags/pipeline_economia.py
[2026-06-29T22:01:20.124+0000] {processor.py:840} INFO - DAG(s) 'pipeline_economia_br' retrieved from /opt/airflow/dags/pipeline_economia.py
[2026-06-29T22:01:20.144+0000] {logging_mixin.py:188} INFO - [2026-06-29T22:01:20.144+0000] {dag.py:3096} INFO - Sync 1 DAGs
[2026-06-29T22:01:20.158+0000] {logging_mixin.py:188} INFO - [2026-06-29T22:01:20.158+0000] {dag.py:3954} INFO - Setting next_dagrun for pipeline_economia_br to 2026-06-28 08:00:00+00:00, run_after=2026-06-29 08:00:00+00:00
[2026-06-29T22:01:20.174+0000] {processor.py:183} INFO - Processing /opt/airflow/dags/pipeline_economia.py took 0.582 seconds
[2026-06-29T22:01:50.311+0000] {processor.py:161} INFO - Started process (PID=1031) to work on /opt/airflow/dags/pipeline_economia.py
[2026-06-29T22:01:50.313+0000] {processor.py:830} INFO - Processing file /opt/airflow/dags/pipeline_economia.py for tasks to queue
[2026-06-29T22:01:50.314+0000] {logging_mixin.py:188} INFO - [2026-06-29T22:01:50.314+0000] {dagbag.py:540} INFO - Filling up the DagBag from /opt/airflow/dags/pipeline_economia.py
[2026-06-29T22:01:50.988+0000] {processor.py:840} INFO - DAG(s) 'pipeline_economia_br' retrieved from /opt/airflow/dags/pipeline_economia.py
[2026-06-29T22:01:51.009+0000] {logging_mixin.py:188} INFO - [2026-06-29T22:01:51.009+0000] {dag.py:3096} INFO - Sync 1 DAGs
[2026-06-29T22:01:51.022+0000] {logging_mixin.py:188} INFO - [2026-06-29T22:01:51.022+0000] {dag.py:3954} INFO - Setting next_dagrun for pipeline_economia_br to 2026-06-28 08:00:00+00:00, run_after=2026-06-29 08:00:00+00:00
[2026-06-29T22:01:51.036+0000] {processor.py:183} INFO - Processing /opt/airflow/dags/pipeline_economia.py took 0.730 seconds
[2026-06-29T22:02:21.304+0000] {processor.py:161} INFO - Started process (PID=1038) to work on /opt/airflow/dags/pipeline_economia.py
[2026-06-29T22:02:21.305+0000] {processor.py:830} INFO - Processing file /opt/airflow/dags/pipeline_economia.py for tasks to queue
[2026-06-29T22:02:21.306+0000] {logging_mixin.py:188} INFO - [2026-06-29T22:02:21.306+0000] {dagbag.py:540} INFO - Filling up the DagBag from /opt/airflow/dags/pipeline_economia.py
[2026-06-29T22:02:21.882+0000] {processor.py:840} INFO - DAG(s) 'pipeline_economia_br' retrieved from /opt/airflow/dags/pipeline_economia.py
[2026-06-29T22:02:21.900+0000] {logging_mixin.py:188} INFO - [2026-06-29T22:02:21.900+0000] {dag.py:3096} INFO - Sync 1 DAGs
[2026-06-29T22:02:21.915+0000] {logging_mixin.py:188} INFO - [2026-06-29T22:02:21.914+0000] {dag.py:3954} INFO - Setting next_dagrun for pipeline_economia_br to 2026-06-28 08:00:00+00:00, run_after=2026-06-29 08:00:00+00:00
[2026-06-29T22:02:21.929+0000] {processor.py:183} INFO - Processing /opt/airflow/dags/pipeline_economia.py took 0.630 seconds
[2026-06-29T22:02:52.169+0000] {processor.py:161} INFO - Started process (PID=1045) to work on /opt/airflow/dags/pipeline_economia.py
[2026-06-29T22:02:52.170+0000] {processor.py:830} INFO - Processing file /opt/airflow/dags/pipeline_economia.py for tasks to queue
[2026-06-29T22:02:52.172+0000] {logging_mixin.py:188} INFO - [2026-06-29T22:02:52.172+0000] {dagbag.py:540} INFO - Filling up the DagBag from /opt/airflow/dags/pipeline_economia.py
[2026-06-29T22:02:52.776+0000] {processor.py:840} INFO - DAG(s) 'pipeline_economia_br' retrieved from /opt/airflow/dags/pipeline_economia.py
[2026-06-29T22:02:52.795+0000] {logging_mixin.py:188} INFO - [2026-06-29T22:02:52.794+0000] {dag.py:3096} INFO - Sync 1 DAGs
[2026-06-29T22:02:52.809+0000] {logging_mixin.py:188} INFO - [2026-06-29T22:02:52.809+0000] {dag.py:3954} INFO - Setting next_dagrun for pipeline_economia_br to 2026-06-28 08:00:00+00:00, run_after=2026-06-29 08:00:00+00:00
[2026-06-29T22:02:52.823+0000] {processor.py:183} INFO - Processing /opt/airflow/dags/pipeline_economia.py took 0.660 seconds
[2026-06-29T22:03:23.084+0000] {processor.py:161} INFO - Started process (PID=1052) to work on /opt/airflow/dags/pipeline_economia.py
[2026-06-29T22:03:23.085+0000] {processor.py:830} INFO - Processing file /opt/airflow/dags/pipeline_economia.py for tasks to queue
[2026-06-29T22:03:23.087+0000] {logging_mixin.py:188} INFO - [2026-06-29T22:03:23.086+0000] {dagbag.py:540} INFO - Filling up the DagBag from /opt/airflow/dags/pipeline_economia.py
[2026-06-29T22:03:23.613+0000] {processor.py:840} INFO - DAG(s) 'pipeline_economia_br' retrieved from /opt/airflow/dags/pipeline_economia.py
[2026-06-29T22:03:23.632+0000] {logging_mixin.py:188} INFO - [2026-06-29T22:03:23.632+0000] {dag.py:3096} INFO - Sync 1 DAGs
[2026-06-29T22:03:23.646+0000] {logging_mixin.py:188} INFO - [2026-06-29T22:03:23.646+0000] {dag.py:3954} INFO - Setting next_dagrun for pipeline_economia_br to 2026-06-28 08:00:00+00:00, run_after=2026-06-29 08:00:00+00:00
[2026-06-29T22:03:23.660+0000] {processor.py:183} INFO - Processing /opt/airflow/dags/pipeline_economia.py took 0.580 seconds
[2026-06-29T22:03:53.892+0000] {processor.py:161} INFO - Started process (PID=1059) to work on /opt/airflow/dags/pipeline_economia.py
[2026-06-29T22:03:53.893+0000] {processor.py:830} INFO - Processing file /opt/airflow/dags/pipeline_economia.py for tasks to queue
[2026-06-29T22:03:53.894+0000] {logging_mixin.py:188} INFO - [2026-06-29T22:03:53.894+0000] {dagbag.py:540} INFO - Filling up the DagBag from /opt/airflow/dags/pipeline_economia.py
[2026-06-29T22:03:54.445+0000] {processor.py:840} INFO - DAG(s) 'pipeline_economia_br' retrieved from /opt/airflow/dags/pipeline_economia.py
[2026-06-29T22:03:54.465+0000] {logging_mixin.py:188} INFO - [2026-06-29T22:03:54.465+0000] {dag.py:3096} INFO - Sync 1 DAGs
[2026-06-29T22:03:54.479+0000] {logging_mixin.py:188} INFO - [2026-06-29T22:03:54.479+0000] {dag.py:3954} INFO - Setting next_dagrun for pipeline_economia_br to 2026-06-28 08:00:00+00:00, run_after=2026-06-29 08:00:00+00:00
[2026-06-29T22:03:54.492+0000] {processor.py:183} INFO - Processing /opt/airflow/dags/pipeline_economia.py took 0.605 seconds
[2026-06-29T22:04:24.544+0000] {processor.py:161} INFO - Started process (PID=1066) to work on /opt/airflow/dags/pipeline_economia.py
[2026-06-29T22:04:24.545+0000] {processor.py:830} INFO - Processing file /opt/airflow/dags/pipeline_economia.py for tasks to queue
[2026-06-29T22:04:24.547+0000] {logging_mixin.py:188} INFO - [2026-06-29T22:04:24.547+0000] {dagbag.py:540} INFO - Filling up the DagBag from /opt/airflow/dags/pipeline_economia.py
[2026-06-29T22:04:25.103+0000] {processor.py:840} INFO - DAG(s) 'pipeline_economia_br' retrieved from /opt/airflow/dags/pipeline_economia.py
[2026-06-29T22:04:25.125+0000] {logging_mixin.py:188} INFO - [2026-06-29T22:04:25.124+0000] {dag.py:3096} INFO - Sync 1 DAGs
[2026-06-29T22:04:25.138+0000] {logging_mixin.py:188} INFO - [2026-06-29T22:04:25.138+0000] {dag.py:3954} INFO - Setting next_dagrun for pipeline_economia_br to 2026-06-28 08:00:00+00:00, run_after=2026-06-29 08:00:00+00:00
[2026-06-29T22:04:25.154+0000] {processor.py:183} INFO - Processing /opt/airflow/dags/pipeline_economia.py took 0.614 seconds
[2026-06-29T22:04:55.413+0000] {processor.py:161} INFO - Started process (PID=1073) to work on /opt/airflow/dags/pipeline_economia.py
[2026-06-29T22:04:55.414+0000] {processor.py:830} INFO - Processing file /opt/airflow/dags/pipeline_economia.py for tasks to queue
[2026-06-29T22:04:55.415+0000] {logging_mixin.py:188} INFO - [2026-06-29T22:04:55.415+0000] {dagbag.py:540} INFO - Filling up the DagBag from /opt/airflow/dags/pipeline_economia.py
[2026-06-29T22:04:56.195+0000] {processor.py:840} INFO - DAG(s) 'pipeline_economia_br' retrieved from /opt/airflow/dags/pipeline_economia.py
[2026-06-29T22:04:56.221+0000] {logging_mixin.py:188} INFO - [2026-06-29T22:04:56.221+0000] {dag.py:3096} INFO - Sync 1 DAGs
[2026-06-29T22:04:56.237+0000] {logging_mixin.py:188} INFO - [2026-06-29T22:04:56.237+0000] {dag.py:3954} INFO - Setting next_dagrun for pipeline_economia_br to 2026-06-28 08:00:00+00:00, run_after=2026-06-29 08:00:00+00:00
[2026-06-29T22:04:56.253+0000] {processor.py:183} INFO - Processing /opt/airflow/dags/pipeline_economia.py took 0.846 seconds
[2026-06-29T22:05:26.517+0000] {processor.py:161} INFO - Started process (PID=1080) to work on /opt/airflow/dags/pipeline_economia.py
[2026-06-29T22:05:26.519+0000] {processor.py:830} INFO - Processing file /opt/airflow/dags/pipeline_economia.py for tasks to queue
[2026-06-29T22:05:26.520+0000] {logging_mixin.py:188} INFO - [2026-06-29T22:05:26.520+0000] {dagbag.py:540} INFO - Filling up the DagBag from /opt/airflow/dags/pipeline_economia.py
[2026-06-29T22:05:27.217+0000] {processor.py:840} INFO - DAG(s) 'pipeline_economia_br' retrieved from /opt/airflow/dags/pipeline_economia.py
[2026-06-29T22:05:27.240+0000] {logging_mixin.py:188} INFO - [2026-06-29T22:05:27.240+0000] {dag.py:3096} INFO - Sync 1 DAGs
[2026-06-29T22:05:27.255+0000] {logging_mixin.py:188} INFO - [2026-06-29T22:05:27.254+0000] {dag.py:3954} INFO - Setting next_dagrun for pipeline_economia_br to 2026-06-28 08:00:00+00:00, run_after=2026-06-29 08:00:00+00:00
[2026-06-29T22:05:27.268+0000] {processor.py:183} INFO - Processing /opt/airflow/dags/pipeline_economia.py took 0.756 seconds
[2026-06-29T22:05:57.486+0000] {processor.py:161} INFO - Started process (PID=1087) to work on /opt/airflow/dags/pipeline_economia.py
[2026-06-29T22:05:57.487+0000] {processor.py:830} INFO - Processing file /opt/airflow/dags/pipeline_economia.py for tasks to queue
[2026-06-29T22:05:57.490+0000] {logging_mixin.py:188} INFO - [2026-06-29T22:05:57.489+0000] {dagbag.py:540} INFO - Filling up the DagBag from /opt/airflow/dags/pipeline_economia.py
[2026-06-29T22:05:58.090+0000] {processor.py:840} INFO - DAG(s) 'pipeline_economia_br' retrieved from /opt/airflow/dags/pipeline_economia.py
[2026-06-29T22:05:58.112+0000] {logging_mixin.py:188} INFO - [2026-06-29T22:05:58.111+0000] {dag.py:3096} INFO - Sync 1 DAGs
[2026-06-29T22:05:58.128+0000] {logging_mixin.py:188} INFO - [2026-06-29T22:05:58.128+0000] {dag.py:3954} INFO - Setting next_dagrun for pipeline_economia_br to 2026-06-28 08:00:00+00:00, run_after=2026-06-29 08:00:00+00:00
[2026-06-29T22:05:58.145+0000] {processor.py:183} INFO - Processing /opt/airflow/dags/pipeline_economia.py took 0.664 seconds
[2026-06-29T22:06:28.388+0000] {processor.py:161} INFO - Started process (PID=1094) to work on /opt/airflow/dags/pipeline_economia.py
[2026-06-29T22:06:28.389+0000] {processor.py:830} INFO - Processing file /opt/airflow/dags/pipeline_economia.py for tasks to queue
[2026-06-29T22:06:28.391+0000] {logging_mixin.py:188} INFO - [2026-06-29T22:06:28.391+0000] {dagbag.py:540} INFO - Filling up the DagBag from /opt/airflow/dags/pipeline_economia.py
[2026-06-29T22:06:29.086+0000] {processor.py:840} INFO - DAG(s) 'pipeline_economia_br' retrieved from /opt/airflow/dags/pipeline_economia.py
[2026-06-29T22:06:29.111+0000] {logging_mixin.py:188} INFO - [2026-06-29T22:06:29.109+0000] {dag.py:3096} INFO - Sync 1 DAGs
[2026-06-29T22:06:29.125+0000] {logging_mixin.py:188} INFO - [2026-06-29T22:06:29.124+0000] {dag.py:3954} INFO - Setting next_dagrun for pipeline_economia_br to 2026-06-28 08:00:00+00:00, run_after=2026-06-29 08:00:00+00:00
[2026-06-29T22:06:29.137+0000] {processor.py:183} INFO - Processing /opt/airflow/dags/pipeline_economia.py took 0.754 seconds
[2026-06-29T22:06:59.379+0000] {processor.py:161} INFO - Started process (PID=1101) to work on /opt/airflow/dags/pipeline_economia.py
[2026-06-29T22:06:59.380+0000] {processor.py:830} INFO - Processing file /opt/airflow/dags/pipeline_economia.py for tasks to queue
[2026-06-29T22:06:59.382+0000] {logging_mixin.py:188} INFO - [2026-06-29T22:06:59.382+0000] {dagbag.py:540} INFO - Filling up the DagBag from /opt/airflow/dags/pipeline_economia.py
[2026-06-29T22:06:59.910+0000] {processor.py:840} INFO - DAG(s) 'pipeline_economia_br' retrieved from /opt/airflow/dags/pipeline_economia.py
[2026-06-29T22:06:59.930+0000] {logging_mixin.py:188} INFO - [2026-06-29T22:06:59.930+0000] {dag.py:3096} INFO - Sync 1 DAGs
[2026-06-29T22:06:59.945+0000] {logging_mixin.py:188} INFO - [2026-06-29T22:06:59.944+0000] {dag.py:3954} INFO - Setting next_dagrun for pipeline_economia_br to 2026-06-28 08:00:00+00:00, run_after=2026-06-29 08:00:00+00:00
[2026-06-29T22:06:59.958+0000] {processor.py:183} INFO - Processing /opt/airflow/dags/pipeline_economia.py took 0.584 seconds
[2026-06-29T22:07:30.175+0000] {processor.py:161} INFO - Started process (PID=1108) to work on /opt/airflow/dags/pipeline_economia.py
[2026-06-29T22:07:30.176+0000] {processor.py:830} INFO - Processing file /opt/airflow/dags/pipeline_economia.py for tasks to queue
[2026-06-29T22:07:30.178+0000] {logging_mixin.py:188} INFO - [2026-06-29T22:07:30.178+0000] {dagbag.py:540} INFO - Filling up the DagBag from /opt/airflow/dags/pipeline_economia.py
[2026-06-29T22:07:30.884+0000] {processor.py:840} INFO - DAG(s) 'pipeline_economia_br' retrieved from /opt/airflow/dags/pipeline_economia.py
[2026-06-29T22:07:30.911+0000] {logging_mixin.py:188} INFO - [2026-06-29T22:07:30.911+0000] {dag.py:3096} INFO - Sync 1 DAGs
[2026-06-29T22:07:30.927+0000] {logging_mixin.py:188} INFO - [2026-06-29T22:07:30.927+0000] {dag.py:3954} INFO - Setting next_dagrun for pipeline_economia_br to 2026-06-28 08:00:00+00:00, run_after=2026-06-29 08:00:00+00:00
[2026-06-29T22:07:30.942+0000] {processor.py:183} INFO - Processing /opt/airflow/dags/pipeline_economia.py took 0.774 seconds
[2026-06-29T22:08:01.204+0000] {processor.py:161} INFO - Started process (PID=1115) to work on /opt/airflow/dags/pipeline_economia.py
[2026-06-29T22:08:01.205+0000] {processor.py:830} INFO - Processing file /opt/airflow/dags/pipeline_economia.py for tasks to queue
[2026-06-29T22:08:01.207+0000] {logging_mixin.py:188} INFO - [2026-06-29T22:08:01.207+0000] {dagbag.py:540} INFO - Filling up the DagBag from /opt/airflow/dags/pipeline_economia.py
[2026-06-29T22:08:01.739+0000] {processor.py:840} INFO - DAG(s) 'pipeline_economia_br' retrieved from /opt/airflow/dags/pipeline_economia.py
[2026-06-29T22:08:01.759+0000] {logging_mixin.py:188} INFO - [2026-06-29T22:08:01.759+0000] {dag.py:3096} INFO - Sync 1 DAGs
[2026-06-29T22:08:01.773+0000] {logging_mixin.py:188} INFO - [2026-06-29T22:08:01.772+0000] {dag.py:3954} INFO - Setting next_dagrun for pipeline_economia_br to 2026-06-28 08:00:00+00:00, run_after=2026-06-29 08:00:00+00:00
[2026-06-29T22:08:01.792+0000] {processor.py:183} INFO - Processing /opt/airflow/dags/pipeline_economia.py took 0.592 seconds
[2026-06-29T22:08:32.016+0000] {processor.py:161} INFO - Started process (PID=1122) to work on /opt/airflow/dags/pipeline_economia.py
[2026-06-29T22:08:32.017+0000] {processor.py:830} INFO - Processing file /opt/airflow/dags/pipeline_economia.py for tasks to queue
[2026-06-29T22:08:32.019+0000] {logging_mixin.py:188} INFO - [2026-06-29T22:08:32.019+0000] {dagbag.py:540} INFO - Filling up the DagBag from /opt/airflow/dags/pipeline_economia.py
[2026-06-29T22:08:32.699+0000] {processor.py:840} INFO - DAG(s) 'pipeline_economia_br' retrieved from /opt/airflow/dags/pipeline_economia.py
[2026-06-29T22:08:32.721+0000] {logging_mixin.py:188} INFO - [2026-06-29T22:08:32.720+0000] {dag.py:3096} INFO - Sync 1 DAGs
[2026-06-29T22:08:32.735+0000] {logging_mixin.py:188} INFO - [2026-06-29T22:08:32.735+0000] {dag.py:3954} INFO - Setting next_dagrun for pipeline_economia_br to 2026-06-28 08:00:00+00:00, run_after=2026-06-29 08:00:00+00:00
[2026-06-29T22:08:32.749+0000] {processor.py:183} INFO - Processing /opt/airflow/dags/pipeline_economia.py took 0.738 seconds
[2026-06-29T22:09:02.878+0000] {processor.py:161} INFO - Started process (PID=1129) to work on /opt/airflow/dags/pipeline_economia.py
[2026-06-29T22:09:02.879+0000] {processor.py:830} INFO - Processing file /opt/airflow/dags/pipeline_economia.py for tasks to queue
[2026-06-29T22:09:02.881+0000] {logging_mixin.py:188} INFO - [2026-06-29T22:09:02.881+0000] {dagbag.py:540} INFO - Filling up the DagBag from /opt/airflow/dags/pipeline_economia.py
[2026-06-29T22:09:03.454+0000] {processor.py:840} INFO - DAG(s) 'pipeline_economia_br' retrieved from /opt/airflow/dags/pipeline_economia.py
[2026-06-29T22:09:03.475+0000] {logging_mixin.py:188} INFO - [2026-06-29T22:09:03.475+0000] {dag.py:3096} INFO - Sync 1 DAGs
[2026-06-29T22:09:03.491+0000] {logging_mixin.py:188} INFO - [2026-06-29T22:09:03.491+0000] {dag.py:3954} INFO - Setting next_dagrun for pipeline_economia_br to 2026-06-28 08:00:00+00:00, run_after=2026-06-29 08:00:00+00:00
[2026-06-29T22:09:03.505+0000] {processor.py:183} INFO - Processing /opt/airflow/dags/pipeline_economia.py took 0.632 seconds
[2026-06-29T22:09:33.763+0000] {processor.py:161} INFO - Started process (PID=1136) to work on /opt/airflow/dags/pipeline_economia.py
[2026-06-29T22:09:33.764+0000] {processor.py:830} INFO - Processing file /opt/airflow/dags/pipeline_economia.py for tasks to queue
[2026-06-29T22:09:33.766+0000] {logging_mixin.py:188} INFO - [2026-06-29T22:09:33.765+0000] {dagbag.py:540} INFO - Filling up the DagBag from /opt/airflow/dags/pipeline_economia.py
[2026-06-29T22:09:34.383+0000] {processor.py:840} INFO - DAG(s) 'pipeline_economia_br' retrieved from /opt/airflow/dags/pipeline_economia.py
[2026-06-29T22:09:34.404+0000] {logging_mixin.py:188} INFO - [2026-06-29T22:09:34.402+0000] {dag.py:3096} INFO - Sync 1 DAGs
[2026-06-29T22:09:34.420+0000] {logging_mixin.py:188} INFO - [2026-06-29T22:09:34.420+0000] {dag.py:3954} INFO - Setting next_dagrun for pipeline_economia_br to 2026-06-28 08:00:00+00:00, run_after=2026-06-29 08:00:00+00:00
[2026-06-29T22:09:34.436+0000] {processor.py:183} INFO - Processing /opt/airflow/dags/pipeline_economia.py took 0.678 seconds
[2026-06-29T22:10:04.693+0000] {processor.py:161} INFO - Started process (PID=1143) to work on /opt/airflow/dags/pipeline_economia.py
[2026-06-29T22:10:04.694+0000] {processor.py:830} INFO - Processing file /opt/airflow/dags/pipeline_economia.py for tasks to queue
[2026-06-29T22:10:04.695+0000] {logging_mixin.py:188} INFO - [2026-06-29T22:10:04.695+0000] {dagbag.py:540} INFO - Filling up the DagBag from /opt/airflow/dags/pipeline_economia.py
[2026-06-29T22:10:05.233+0000] {processor.py:840} INFO - DAG(s) 'pipeline_economia_br' retrieved from /opt/airflow/dags/pipeline_economia.py
[2026-06-29T22:10:05.252+0000] {logging_mixin.py:188} INFO - [2026-06-29T22:10:05.252+0000] {dag.py:3096} INFO - Sync 1 DAGs
[2026-06-29T22:10:05.265+0000] {logging_mixin.py:188} INFO - [2026-06-29T22:10:05.265+0000] {dag.py:3954} INFO - Setting next_dagrun for pipeline_economia_br to 2026-06-28 08:00:00+00:00, run_after=2026-06-29 08:00:00+00:00
[2026-06-29T22:10:05.281+0000] {processor.py:183} INFO - Processing /opt/airflow/dags/pipeline_economia.py took 0.593 seconds
[2026-06-29T22:10:35.541+0000] {processor.py:161} INFO - Started process (PID=1150) to work on /opt/airflow/dags/pipeline_economia.py
[2026-06-29T22:10:35.542+0000] {processor.py:830} INFO - Processing file /opt/airflow/dags/pipeline_economia.py for tasks to queue
[2026-06-29T22:10:35.544+0000] {logging_mixin.py:188} INFO - [2026-06-29T22:10:35.544+0000] {dagbag.py:540} INFO - Filling up the DagBag from /opt/airflow/dags/pipeline_economia.py
[2026-06-29T22:10:36.190+0000] {processor.py:840} INFO - DAG(s) 'pipeline_economia_br' retrieved from /opt/airflow/dags/pipeline_economia.py
[2026-06-29T22:10:36.215+0000] {logging_mixin.py:188} INFO - [2026-06-29T22:10:36.215+0000] {dag.py:3096} INFO - Sync 1 DAGs
[2026-06-29T22:10:36.231+0000] {logging_mixin.py:188} INFO - [2026-06-29T22:10:36.231+0000] {dag.py:3954} INFO - Setting next_dagrun for pipeline_economia_br to 2026-06-28 08:00:00+00:00, run_after=2026-06-29 08:00:00+00:00
[2026-06-29T22:10:36.246+0000] {processor.py:183} INFO - Processing /opt/airflow/dags/pipeline_economia.py took 0.710 seconds
[2026-06-29T22:11:06.511+0000] {processor.py:161} INFO - Started process (PID=1157) to work on /opt/airflow/dags/pipeline_economia.py
[2026-06-29T22:11:06.512+0000] {processor.py:830} INFO - Processing file /opt/airflow/dags/pipeline_economia.py for tasks to queue
[2026-06-29T22:11:06.513+0000] {logging_mixin.py:188} INFO - [2026-06-29T22:11:06.513+0000] {dagbag.py:540} INFO - Filling up the DagBag from /opt/airflow/dags/pipeline_economia.py
[2026-06-29T22:11:07.054+0000] {processor.py:840} INFO - DAG(s) 'pipeline_economia_br' retrieved from /opt/airflow/dags/pipeline_economia.py
[2026-06-29T22:11:07.078+0000] {logging_mixin.py:188} INFO - [2026-06-29T22:11:07.078+0000] {dag.py:3096} INFO - Sync 1 DAGs
[2026-06-29T22:11:07.093+0000] {logging_mixin.py:188} INFO - [2026-06-29T22:11:07.093+0000] {dag.py:3954} INFO - Setting next_dagrun for pipeline_economia_br to 2026-06-28 08:00:00+00:00, run_after=2026-06-29 08:00:00+00:00
[2026-06-29T22:11:07.108+0000] {processor.py:183} INFO - Processing /opt/airflow/dags/pipeline_economia.py took 0.602 seconds
[2026-06-29T22:11:37.330+0000] {processor.py:161} INFO - Started process (PID=1164) to work on /opt/airflow/dags/pipeline_economia.py
[2026-06-29T22:11:37.331+0000] {processor.py:830} INFO - Processing file /opt/airflow/dags/pipeline_economia.py for tasks to queue
[2026-06-29T22:11:37.332+0000] {logging_mixin.py:188} INFO - [2026-06-29T22:11:37.332+0000] {dagbag.py:540} INFO - Filling up the DagBag from /opt/airflow/dags/pipeline_economia.py
[2026-06-29T22:11:37.884+0000] {processor.py:840} INFO - DAG(s) 'pipeline_economia_br' retrieved from /opt/airflow/dags/pipeline_economia.py
[2026-06-29T22:11:37.903+0000] {logging_mixin.py:188} INFO - [2026-06-29T22:11:37.903+0000] {dag.py:3096} INFO - Sync 1 DAGs
[2026-06-29T22:11:37.918+0000] {logging_mixin.py:188} INFO - [2026-06-29T22:11:37.918+0000] {dag.py:3954} INFO - Setting next_dagrun for pipeline_economia_br to 2026-06-28 08:00:00+00:00, run_after=2026-06-29 08:00:00+00:00
[2026-06-29T22:11:37.932+0000] {processor.py:183} INFO - Processing /opt/airflow/dags/pipeline_economia.py took 0.606 seconds
[2026-06-29T22:12:08.171+0000] {processor.py:161} INFO - Started process (PID=1171) to work on /opt/airflow/dags/pipeline_economia.py
[2026-06-29T22:12:08.172+0000] {processor.py:830} INFO - Processing file /opt/airflow/dags/pipeline_economia.py for tasks to queue
[2026-06-29T22:12:08.174+0000] {logging_mixin.py:188} INFO - [2026-06-29T22:12:08.174+0000] {dagbag.py:540} INFO - Filling up the DagBag from /opt/airflow/dags/pipeline_economia.py
[2026-06-29T22:12:08.676+0000] {processor.py:840} INFO - DAG(s) 'pipeline_economia_br' retrieved from /opt/airflow/dags/pipeline_economia.py
[2026-06-29T22:12:08.694+0000] {logging_mixin.py:188} INFO - [2026-06-29T22:12:08.694+0000] {dag.py:3096} INFO - Sync 1 DAGs
[2026-06-29T22:12:08.709+0000] {logging_mixin.py:188} INFO - [2026-06-29T22:12:08.708+0000] {dag.py:3954} INFO - Setting next_dagrun for pipeline_economia_br to 2026-06-28 08:00:00+00:00, run_after=2026-06-29 08:00:00+00:00
[2026-06-29T22:12:08.722+0000] {processor.py:183} INFO - Processing /opt/airflow/dags/pipeline_economia.py took 0.555 seconds
[2026-06-29T22:12:38.801+0000] {processor.py:161} INFO - Started process (PID=1178) to work on /opt/airflow/dags/pipeline_economia.py
[2026-06-29T22:12:38.802+0000] {processor.py:830} INFO - Processing file /opt/airflow/dags/pipeline_economia.py for tasks to queue
[2026-06-29T22:12:38.803+0000] {logging_mixin.py:188} INFO - [2026-06-29T22:12:38.803+0000] {dagbag.py:540} INFO - Filling up the DagBag from /opt/airflow/dags/pipeline_economia.py
[2026-06-29T22:12:39.368+0000] {processor.py:840} INFO - DAG(s) 'pipeline_economia_br' retrieved from /opt/airflow/dags/pipeline_economia.py
[2026-06-29T22:12:39.388+0000] {logging_mixin.py:188} INFO - [2026-06-29T22:12:39.387+0000] {dag.py:3096} INFO - Sync 1 DAGs
[2026-06-29T22:12:39.401+0000] {logging_mixin.py:188} INFO - [2026-06-29T22:12:39.401+0000] {dag.py:3954} INFO - Setting next_dagrun for pipeline_economia_br to 2026-06-28 08:00:00+00:00, run_after=2026-06-29 08:00:00+00:00
[2026-06-29T22:12:39.414+0000] {processor.py:183} INFO - Processing /opt/airflow/dags/pipeline_economia.py took 0.618 seconds
[2026-06-29T22:13:09.661+0000] {processor.py:161} INFO - Started process (PID=1185) to work on /opt/airflow/dags/pipeline_economia.py
[2026-06-29T22:13:09.662+0000] {processor.py:830} INFO - Processing file /opt/airflow/dags/pipeline_economia.py for tasks to queue
[2026-06-29T22:13:09.664+0000] {logging_mixin.py:188} INFO - [2026-06-29T22:13:09.664+0000] {dagbag.py:540} INFO - Filling up the DagBag from /opt/airflow/dags/pipeline_economia.py
[2026-06-29T22:13:10.193+0000] {processor.py:840} INFO - DAG(s) 'pipeline_economia_br' retrieved from /opt/airflow/dags/pipeline_economia.py
[2026-06-29T22:13:10.213+0000] {logging_mixin.py:188} INFO - [2026-06-29T22:13:10.213+0000] {dag.py:3096} INFO - Sync 1 DAGs
[2026-06-29T22:13:10.229+0000] {logging_mixin.py:188} INFO - [2026-06-29T22:13:10.228+0000] {dag.py:3954} INFO - Setting next_dagrun for pipeline_economia_br to 2026-06-28 08:00:00+00:00, run_after=2026-06-29 08:00:00+00:00
[2026-06-29T22:13:10.244+0000] {processor.py:183} INFO - Processing /opt/airflow/dags/pipeline_economia.py took 0.587 seconds
[2026-06-29T22:13:40.400+0000] {processor.py:161} INFO - Started process (PID=1192) to work on /opt/airflow/dags/pipeline_economia.py
[2026-06-29T22:13:40.401+0000] {processor.py:830} INFO - Processing file /opt/airflow/dags/pipeline_economia.py for tasks to queue
[2026-06-29T22:13:40.402+0000] {logging_mixin.py:188} INFO - [2026-06-29T22:13:40.402+0000] {dagbag.py:540} INFO - Filling up the DagBag from /opt/airflow/dags/pipeline_economia.py
[2026-06-29T22:13:41.094+0000] {processor.py:840} INFO - DAG(s) 'pipeline_economia_br' retrieved from /opt/airflow/dags/pipeline_economia.py
[2026-06-29T22:13:41.115+0000] {logging_mixin.py:188} INFO - [2026-06-29T22:13:41.115+0000] {dag.py:3096} INFO - Sync 1 DAGs
[2026-06-29T22:13:41.129+0000] {logging_mixin.py:188} INFO - [2026-06-29T22:13:41.129+0000] {dag.py:3954} INFO - Setting next_dagrun for pipeline_economia_br to 2026-06-28 08:00:00+00:00, run_after=2026-06-29 08:00:00+00:00
[2026-06-29T22:13:41.142+0000] {processor.py:183} INFO - Processing /opt/airflow/dags/pipeline_economia.py took 0.749 seconds
[2026-06-29T22:14:11.410+0000] {processor.py:161} INFO - Started process (PID=1199) to work on /opt/airflow/dags/pipeline_economia.py
[2026-06-29T22:14:11.411+0000] {processor.py:830} INFO - Processing file /opt/airflow/dags/pipeline_economia.py for tasks to queue
[2026-06-29T22:14:11.412+0000] {logging_mixin.py:188} INFO - [2026-06-29T22:14:11.412+0000] {dagbag.py:540} INFO - Filling up the DagBag from /opt/airflow/dags/pipeline_economia.py
[2026-06-29T22:14:11.904+0000] {processor.py:840} INFO - DAG(s) 'pipeline_economia_br' retrieved from /opt/airflow/dags/pipeline_economia.py
[2026-06-29T22:14:11.922+0000] {logging_mixin.py:188} INFO - [2026-06-29T22:14:11.921+0000] {dag.py:3096} INFO - Sync 1 DAGs
[2026-06-29T22:14:11.934+0000] {logging_mixin.py:188} INFO - [2026-06-29T22:14:11.934+0000] {dag.py:3954} INFO - Setting next_dagrun for pipeline_economia_br to 2026-06-28 08:00:00+00:00, run_after=2026-06-29 08:00:00+00:00
[2026-06-29T22:14:11.950+0000] {processor.py:183} INFO - Processing /opt/airflow/dags/pipeline_economia.py took 0.545 seconds
[2026-06-29T22:14:42.173+0000] {processor.py:161} INFO - Started process (PID=1206) to work on /opt/airflow/dags/pipeline_economia.py
[2026-06-29T22:14:42.174+0000] {processor.py:830} INFO - Processing file /opt/airflow/dags/pipeline_economia.py for tasks to queue
[2026-06-29T22:14:42.176+0000] {logging_mixin.py:188} INFO - [2026-06-29T22:14:42.176+0000] {dagbag.py:540} INFO - Filling up the DagBag from /opt/airflow/dags/pipeline_economia.py
[2026-06-29T22:14:42.845+0000] {processor.py:840} INFO - DAG(s) 'pipeline_economia_br' retrieved from /opt/airflow/dags/pipeline_economia.py
[2026-06-29T22:14:42.868+0000] {logging_mixin.py:188} INFO - [2026-06-29T22:14:42.868+0000] {dag.py:3096} INFO - Sync 1 DAGs
[2026-06-29T22:14:42.883+0000] {logging_mixin.py:188} INFO - [2026-06-29T22:14:42.883+0000] {dag.py:3954} INFO - Setting next_dagrun for pipeline_economia_br to 2026-06-28 08:00:00+00:00, run_after=2026-06-29 08:00:00+00:00
[2026-06-29T22:14:42.898+0000] {processor.py:183} INFO - Processing /opt/airflow/dags/pipeline_economia.py took 0.731 seconds
[2026-06-29T22:15:13.191+0000] {processor.py:161} INFO - Started process (PID=1213) to work on /opt/airflow/dags/pipeline_economia.py
[2026-06-29T22:15:13.192+0000] {processor.py:830} INFO - Processing file /opt/airflow/dags/pipeline_economia.py for tasks to queue
[2026-06-29T22:15:13.194+0000] {logging_mixin.py:188} INFO - [2026-06-29T22:15:13.194+0000] {dagbag.py:540} INFO - Filling up the DagBag from /opt/airflow/dags/pipeline_economia.py
[2026-06-29T22:15:13.745+0000] {processor.py:840} INFO - DAG(s) 'pipeline_economia_br' retrieved from /opt/airflow/dags/pipeline_economia.py
[2026-06-29T22:15:13.765+0000] {logging_mixin.py:188} INFO - [2026-06-29T22:15:13.764+0000] {dag.py:3096} INFO - Sync 1 DAGs
[2026-06-29T22:15:13.779+0000] {logging_mixin.py:188} INFO - [2026-06-29T22:15:13.779+0000] {dag.py:3954} INFO - Setting next_dagrun for pipeline_economia_br to 2026-06-28 08:00:00+00:00, run_after=2026-06-29 08:00:00+00:00
[2026-06-29T22:15:13.794+0000] {processor.py:183} INFO - Processing /opt/airflow/dags/pipeline_economia.py took 0.607 seconds
[2026-06-29T22:15:44.045+0000] {processor.py:161} INFO - Started process (PID=1220) to work on /opt/airflow/dags/pipeline_economia.py
[2026-06-29T22:15:44.046+0000] {processor.py:830} INFO - Processing file /opt/airflow/dags/pipeline_economia.py for tasks to queue
[2026-06-29T22:15:44.047+0000] {logging_mixin.py:188} INFO - [2026-06-29T22:15:44.047+0000] {dagbag.py:540} INFO - Filling up the DagBag from /opt/airflow/dags/pipeline_economia.py
[2026-06-29T22:15:44.595+0000] {processor.py:840} INFO - DAG(s) 'pipeline_economia_br' retrieved from /opt/airflow/dags/pipeline_economia.py
[2026-06-29T22:15:44.615+0000] {logging_mixin.py:188} INFO - [2026-06-29T22:15:44.613+0000] {dag.py:3096} INFO - Sync 1 DAGs
[2026-06-29T22:15:44.628+0000] {logging_mixin.py:188} INFO - [2026-06-29T22:15:44.628+0000] {dag.py:3954} INFO - Setting next_dagrun for pipeline_economia_br to 2026-06-28 08:00:00+00:00, run_after=2026-06-29 08:00:00+00:00
[2026-06-29T22:15:44.641+0000] {processor.py:183} INFO - Processing /opt/airflow/dags/pipeline_economia.py took 0.601 seconds
[2026-06-29T22:16:14.761+0000] {processor.py:161} INFO - Started process (PID=1227) to work on /opt/airflow/dags/pipeline_economia.py
[2026-06-29T22:16:14.763+0000] {processor.py:830} INFO - Processing file /opt/airflow/dags/pipeline_economia.py for tasks to queue
[2026-06-29T22:16:14.764+0000] {logging_mixin.py:188} INFO - [2026-06-29T22:16:14.764+0000] {dagbag.py:540} INFO - Filling up the DagBag from /opt/airflow/dags/pipeline_economia.py
[2026-06-29T22:16:15.267+0000] {processor.py:840} INFO - DAG(s) 'pipeline_economia_br' retrieved from /opt/airflow/dags/pipeline_economia.py
[2026-06-29T22:16:15.287+0000] {logging_mixin.py:188} INFO - [2026-06-29T22:16:15.287+0000] {dag.py:3096} INFO - Sync 1 DAGs
[2026-06-29T22:16:15.301+0000] {logging_mixin.py:188} INFO - [2026-06-29T22:16:15.301+0000] {dag.py:3954} INFO - Setting next_dagrun for pipeline_economia_br to 2026-06-28 08:00:00+00:00, run_after=2026-06-29 08:00:00+00:00
[2026-06-29T22:16:15.314+0000] {processor.py:183} INFO - Processing /opt/airflow/dags/pipeline_economia.py took 0.558 seconds
[2026-06-29T22:16:45.564+0000] {processor.py:161} INFO - Started process (PID=1234) to work on /opt/airflow/dags/pipeline_economia.py
[2026-06-29T22:16:45.565+0000] {processor.py:830} INFO - Processing file /opt/airflow/dags/pipeline_economia.py for tasks to queue
[2026-06-29T22:16:45.567+0000] {logging_mixin.py:188} INFO - [2026-06-29T22:16:45.567+0000] {dagbag.py:540} INFO - Filling up the DagBag from /opt/airflow/dags/pipeline_economia.py
[2026-06-29T22:16:46.202+0000] {processor.py:840} INFO - DAG(s) 'pipeline_economia_br' retrieved from /opt/airflow/dags/pipeline_economia.py
[2026-06-29T22:16:46.225+0000] {logging_mixin.py:188} INFO - [2026-06-29T22:16:46.225+0000] {dag.py:3096} INFO - Sync 1 DAGs
[2026-06-29T22:16:46.239+0000] {logging_mixin.py:188} INFO - [2026-06-29T22:16:46.239+0000] {dag.py:3954} INFO - Setting next_dagrun for pipeline_economia_br to 2026-06-28 08:00:00+00:00, run_after=2026-06-29 08:00:00+00:00
[2026-06-29T22:16:46.251+0000] {processor.py:183} INFO - Processing /opt/airflow/dags/pipeline_economia.py took 0.693 seconds
[2026-06-29T22:17:16.345+0000] {processor.py:161} INFO - Started process (PID=1241) to work on /opt/airflow/dags/pipeline_economia.py
[2026-06-29T22:17:16.346+0000] {processor.py:830} INFO - Processing file /opt/airflow/dags/pipeline_economia.py for tasks to queue
[2026-06-29T22:17:16.348+0000] {logging_mixin.py:188} INFO - [2026-06-29T22:17:16.348+0000] {dagbag.py:540} INFO - Filling up the DagBag from /opt/airflow/dags/pipeline_economia.py
[2026-06-29T22:17:16.903+0000] {processor.py:840} INFO - DAG(s) 'pipeline_economia_br' retrieved from /opt/airflow/dags/pipeline_economia.py
[2026-06-29T22:17:16.920+0000] {logging_mixin.py:188} INFO - [2026-06-29T22:17:16.920+0000] {dag.py:3096} INFO - Sync 1 DAGs
[2026-06-29T22:17:16.933+0000] {logging_mixin.py:188} INFO - [2026-06-29T22:17:16.933+0000] {dag.py:3954} INFO - Setting next_dagrun for pipeline_economia_br to 2026-06-28 08:00:00+00:00, run_after=2026-06-29 08:00:00+00:00
[2026-06-29T22:17:16.949+0000] {processor.py:183} INFO - Processing /opt/airflow/dags/pipeline_economia.py took 0.609 seconds
[2026-06-29T22:17:47.211+0000] {processor.py:161} INFO - Started process (PID=1248) to work on /opt/airflow/dags/pipeline_economia.py
[2026-06-29T22:17:47.213+0000] {processor.py:830} INFO - Processing file /opt/airflow/dags/pipeline_economia.py for tasks to queue
[2026-06-29T22:17:47.214+0000] {logging_mixin.py:188} INFO - [2026-06-29T22:17:47.214+0000] {dagbag.py:540} INFO - Filling up the DagBag from /opt/airflow/dags/pipeline_economia.py
[2026-06-29T22:17:47.783+0000] {processor.py:840} INFO - DAG(s) 'pipeline_economia_br' retrieved from /opt/airflow/dags/pipeline_economia.py
[2026-06-29T22:17:47.803+0000] {logging_mixin.py:188} INFO - [2026-06-29T22:17:47.802+0000] {dag.py:3096} INFO - Sync 1 DAGs
[2026-06-29T22:17:47.817+0000] {logging_mixin.py:188} INFO - [2026-06-29T22:17:47.817+0000] {dag.py:3954} INFO - Setting next_dagrun for pipeline_economia_br to 2026-06-28 08:00:00+00:00, run_after=2026-06-29 08:00:00+00:00
[2026-06-29T22:17:47.831+0000] {processor.py:183} INFO - Processing /opt/airflow/dags/pipeline_economia.py took 0.624 seconds
[2026-06-29T22:18:17.944+0000] {processor.py:161} INFO - Started process (PID=1255) to work on /opt/airflow/dags/pipeline_economia.py
[2026-06-29T22:18:17.945+0000] {processor.py:830} INFO - Processing file /opt/airflow/dags/pipeline_economia.py for tasks to queue
[2026-06-29T22:18:17.946+0000] {logging_mixin.py:188} INFO - [2026-06-29T22:18:17.946+0000] {dagbag.py:540} INFO - Filling up the DagBag from /opt/airflow/dags/pipeline_economia.py
[2026-06-29T22:18:18.480+0000] {processor.py:840} INFO - DAG(s) 'pipeline_economia_br' retrieved from /opt/airflow/dags/pipeline_economia.py
[2026-06-29T22:18:18.500+0000] {logging_mixin.py:188} INFO - [2026-06-29T22:18:18.499+0000] {dag.py:3096} INFO - Sync 1 DAGs
[2026-06-29T22:18:18.514+0000] {logging_mixin.py:188} INFO - [2026-06-29T22:18:18.514+0000] {dag.py:3954} INFO - Setting next_dagrun for pipeline_economia_br to 2026-06-28 08:00:00+00:00, run_after=2026-06-29 08:00:00+00:00
[2026-06-29T22:18:18.529+0000] {processor.py:183} INFO - Processing /opt/airflow/dags/pipeline_economia.py took 0.590 seconds
[2026-06-29T22:18:48.780+0000] {processor.py:161} INFO - Started process (PID=1262) to work on /opt/airflow/dags/pipeline_economia.py
[2026-06-29T22:18:48.782+0000] {processor.py:830} INFO - Processing file /opt/airflow/dags/pipeline_economia.py for tasks to queue
[2026-06-29T22:18:48.783+0000] {logging_mixin.py:188} INFO - [2026-06-29T22:18:48.783+0000] {dagbag.py:540} INFO - Filling up the DagBag from /opt/airflow/dags/pipeline_economia.py
[2026-06-29T22:18:49.487+0000] {processor.py:840} INFO - DAG(s) 'pipeline_economia_br' retrieved from /opt/airflow/dags/pipeline_economia.py
[2026-06-29T22:18:49.511+0000] {logging_mixin.py:188} INFO - [2026-06-29T22:18:49.509+0000] {dag.py:3096} INFO - Sync 1 DAGs
[2026-06-29T22:18:49.524+0000] {logging_mixin.py:188} INFO - [2026-06-29T22:18:49.524+0000] {dag.py:3954} INFO - Setting next_dagrun for pipeline_economia_br to 2026-06-28 08:00:00+00:00, run_after=2026-06-29 08:00:00+00:00
[2026-06-29T22:18:49.540+0000] {processor.py:183} INFO - Processing /opt/airflow/dags/pipeline_economia.py took 0.766 seconds
[2026-06-29T22:19:19.785+0000] {processor.py:161} INFO - Started process (PID=1269) to work on /opt/airflow/dags/pipeline_economia.py
[2026-06-29T22:19:19.786+0000] {processor.py:830} INFO - Processing file /opt/airflow/dags/pipeline_economia.py for tasks to queue
[2026-06-29T22:19:19.788+0000] {logging_mixin.py:188} INFO - [2026-06-29T22:19:19.787+0000] {dagbag.py:540} INFO - Filling up the DagBag from /opt/airflow/dags/pipeline_economia.py
[2026-06-29T22:19:20.275+0000] {processor.py:840} INFO - DAG(s) 'pipeline_economia_br' retrieved from /opt/airflow/dags/pipeline_economia.py
[2026-06-29T22:19:20.295+0000] {logging_mixin.py:188} INFO - [2026-06-29T22:19:20.295+0000] {dag.py:3096} INFO - Sync 1 DAGs
[2026-06-29T22:19:20.308+0000] {logging_mixin.py:188} INFO - [2026-06-29T22:19:20.308+0000] {dag.py:3954} INFO - Setting next_dagrun for pipeline_economia_br to 2026-06-28 08:00:00+00:00, run_after=2026-06-29 08:00:00+00:00
[2026-06-29T22:19:20.321+0000] {processor.py:183} INFO - Processing /opt/airflow/dags/pipeline_economia.py took 0.541 seconds
[2026-06-29T22:19:50.551+0000] {processor.py:161} INFO - Started process (PID=1276) to work on /opt/airflow/dags/pipeline_economia.py
[2026-06-29T22:19:50.552+0000] {processor.py:830} INFO - Processing file /opt/airflow/dags/pipeline_economia.py for tasks to queue
[2026-06-29T22:19:50.553+0000] {logging_mixin.py:188} INFO - [2026-06-29T22:19:50.553+0000] {dagbag.py:540} INFO - Filling up the DagBag from /opt/airflow/dags/pipeline_economia.py
[2026-06-29T22:19:51.087+0000] {processor.py:840} INFO - DAG(s) 'pipeline_economia_br' retrieved from /opt/airflow/dags/pipeline_economia.py
[2026-06-29T22:19:51.106+0000] {logging_mixin.py:188} INFO - [2026-06-29T22:19:51.105+0000] {dag.py:3096} INFO - Sync 1 DAGs
[2026-06-29T22:19:51.121+0000] {logging_mixin.py:188} INFO - [2026-06-29T22:19:51.121+0000] {dag.py:3954} INFO - Setting next_dagrun for pipeline_economia_br to 2026-06-28 08:00:00+00:00, run_after=2026-06-29 08:00:00+00:00
[2026-06-29T22:19:51.136+0000] {processor.py:183} INFO - Processing /opt/airflow/dags/pipeline_economia.py took 0.589 seconds
[2026-06-29T22:20:21.256+0000] {processor.py:161} INFO - Started process (PID=1283) to work on /opt/airflow/dags/pipeline_economia.py
[2026-06-29T22:20:21.257+0000] {processor.py:830} INFO - Processing file /opt/airflow/dags/pipeline_economia.py for tasks to queue
[2026-06-29T22:20:21.258+0000] {logging_mixin.py:188} INFO - [2026-06-29T22:20:21.258+0000] {dagbag.py:540} INFO - Filling up the DagBag from /opt/airflow/dags/pipeline_economia.py
[2026-06-29T22:20:21.768+0000] {processor.py:840} INFO - DAG(s) 'pipeline_economia_br' retrieved from /opt/airflow/dags/pipeline_economia.py
[2026-06-29T22:20:21.787+0000] {logging_mixin.py:188} INFO - [2026-06-29T22:20:21.786+0000] {dag.py:3096} INFO - Sync 1 DAGs
[2026-06-29T22:20:21.799+0000] {logging_mixin.py:188} INFO - [2026-06-29T22:20:21.799+0000] {dag.py:3954} INFO - Setting next_dagrun for pipeline_economia_br to 2026-06-28 08:00:00+00:00, run_after=2026-06-29 08:00:00+00:00
[2026-06-29T22:20:21.814+0000] {processor.py:183} INFO - Processing /opt/airflow/dags/pipeline_economia.py took 0.563 seconds
[2026-06-29T22:20:52.079+0000] {processor.py:161} INFO - Started process (PID=1290) to work on /opt/airflow/dags/pipeline_economia.py
[2026-06-29T22:20:52.080+0000] {processor.py:830} INFO - Processing file /opt/airflow/dags/pipeline_economia.py for tasks to queue
[2026-06-29T22:20:52.081+0000] {logging_mixin.py:188} INFO - [2026-06-29T22:20:52.081+0000] {dagbag.py:540} INFO - Filling up the DagBag from /opt/airflow/dags/pipeline_economia.py
[2026-06-29T22:20:52.742+0000] {processor.py:840} INFO - DAG(s) 'pipeline_economia_br' retrieved from /opt/airflow/dags/pipeline_economia.py
[2026-06-29T22:20:52.764+0000] {logging_mixin.py:188} INFO - [2026-06-29T22:20:52.764+0000] {dag.py:3096} INFO - Sync 1 DAGs
[2026-06-29T22:20:52.779+0000] {logging_mixin.py:188} INFO - [2026-06-29T22:20:52.779+0000] {dag.py:3954} INFO - Setting next_dagrun for pipeline_economia_br to 2026-06-28 08:00:00+00:00, run_after=2026-06-29 08:00:00+00:00
[2026-06-29T22:20:52.793+0000] {processor.py:183} INFO - Processing /opt/airflow/dags/pipeline_economia.py took 0.719 seconds
[2026-06-29T22:21:23.056+0000] {processor.py:161} INFO - Started process (PID=1297) to work on /opt/airflow/dags/pipeline_economia.py
[2026-06-29T22:21:23.057+0000] {processor.py:830} INFO - Processing file /opt/airflow/dags/pipeline_economia.py for tasks to queue
[2026-06-29T22:21:23.059+0000] {logging_mixin.py:188} INFO - [2026-06-29T22:21:23.059+0000] {dagbag.py:540} INFO - Filling up the DagBag from /opt/airflow/dags/pipeline_economia.py
[2026-06-29T22:21:23.606+0000] {processor.py:840} INFO - DAG(s) 'pipeline_economia_br' retrieved from /opt/airflow/dags/pipeline_economia.py
[2026-06-29T22:21:23.629+0000] {logging_mixin.py:188} INFO - [2026-06-29T22:21:23.628+0000] {dag.py:3096} INFO - Sync 1 DAGs
[2026-06-29T22:21:23.643+0000] {logging_mixin.py:188} INFO - [2026-06-29T22:21:23.643+0000] {dag.py:3954} INFO - Setting next_dagrun for pipeline_economia_br to 2026-06-28 08:00:00+00:00, run_after=2026-06-29 08:00:00+00:00
[2026-06-29T22:21:23.658+0000] {processor.py:183} INFO - Processing /opt/airflow/dags/pipeline_economia.py took 0.606 seconds
[2026-06-29T22:21:53.909+0000] {processor.py:161} INFO - Started process (PID=1304) to work on /opt/airflow/dags/pipeline_economia.py
[2026-06-29T22:21:53.910+0000] {processor.py:830} INFO - Processing file /opt/airflow/dags/pipeline_economia.py for tasks to queue
[2026-06-29T22:21:53.912+0000] {logging_mixin.py:188} INFO - [2026-06-29T22:21:53.912+0000] {dagbag.py:540} INFO - Filling up the DagBag from /opt/airflow/dags/pipeline_economia.py
[2026-06-29T22:21:54.603+0000] {processor.py:840} INFO - DAG(s) 'pipeline_economia_br' retrieved from /opt/airflow/dags/pipeline_economia.py
[2026-06-29T22:21:54.627+0000] {logging_mixin.py:188} INFO - [2026-06-29T22:21:54.626+0000] {dag.py:3096} INFO - Sync 1 DAGs
[2026-06-29T22:21:54.641+0000] {logging_mixin.py:188} INFO - [2026-06-29T22:21:54.641+0000] {dag.py:3954} INFO - Setting next_dagrun for pipeline_economia_br to 2026-06-28 08:00:00+00:00, run_after=2026-06-29 08:00:00+00:00
[2026-06-29T22:21:54.654+0000] {processor.py:183} INFO - Processing /opt/airflow/dags/pipeline_economia.py took 0.753 seconds
[2026-06-29T22:22:24.920+0000] {processor.py:161} INFO - Started process (PID=1311) to work on /opt/airflow/dags/pipeline_economia.py
[2026-06-29T22:22:24.921+0000] {processor.py:830} INFO - Processing file /opt/airflow/dags/pipeline_economia.py for tasks to queue
[2026-06-29T22:22:24.923+0000] {logging_mixin.py:188} INFO - [2026-06-29T22:22:24.923+0000] {dagbag.py:540} INFO - Filling up the DagBag from /opt/airflow/dags/pipeline_economia.py
[2026-06-29T22:22:25.470+0000] {processor.py:840} INFO - DAG(s) 'pipeline_economia_br' retrieved from /opt/airflow/dags/pipeline_economia.py
[2026-06-29T22:22:25.492+0000] {logging_mixin.py:188} INFO - [2026-06-29T22:22:25.492+0000] {dag.py:3096} INFO - Sync 1 DAGs
[2026-06-29T22:22:25.506+0000] {logging_mixin.py:188} INFO - [2026-06-29T22:22:25.506+0000] {dag.py:3954} INFO - Setting next_dagrun for pipeline_economia_br to 2026-06-28 08:00:00+00:00, run_after=2026-06-29 08:00:00+00:00
[2026-06-29T22:22:25.519+0000] {processor.py:183} INFO - Processing /opt/airflow/dags/pipeline_economia.py took 0.603 seconds
[2026-06-29T22:22:55.711+0000] {processor.py:161} INFO - Started process (PID=1318) to work on /opt/airflow/dags/pipeline_economia.py
[2026-06-29T22:22:55.713+0000] {processor.py:830} INFO - Processing file /opt/airflow/dags/pipeline_economia.py for tasks to queue
[2026-06-29T22:22:55.714+0000] {logging_mixin.py:188} INFO - [2026-06-29T22:22:55.714+0000] {dagbag.py:540} INFO - Filling up the DagBag from /opt/airflow/dags/pipeline_economia.py
[2026-06-29T22:22:56.402+0000] {processor.py:840} INFO - DAG(s) 'pipeline_economia_br' retrieved from /opt/airflow/dags/pipeline_economia.py
[2026-06-29T22:22:56.423+0000] {logging_mixin.py:188} INFO - [2026-06-29T22:22:56.423+0000] {dag.py:3096} INFO - Sync 1 DAGs
[2026-06-29T22:22:56.437+0000] {logging_mixin.py:188} INFO - [2026-06-29T22:22:56.436+0000] {dag.py:3954} INFO - Setting next_dagrun for pipeline_economia_br to 2026-06-28 08:00:00+00:00, run_after=2026-06-29 08:00:00+00:00
[2026-06-29T22:22:56.449+0000] {processor.py:183} INFO - Processing /opt/airflow/dags/pipeline_economia.py took 0.743 seconds
[2026-06-29T22:23:26.702+0000] {processor.py:161} INFO - Started process (PID=1325) to work on /opt/airflow/dags/pipeline_economia.py
[2026-06-29T22:23:26.703+0000] {processor.py:830} INFO - Processing file /opt/airflow/dags/pipeline_economia.py for tasks to queue
[2026-06-29T22:23:26.705+0000] {logging_mixin.py:188} INFO - [2026-06-29T22:23:26.705+0000] {dagbag.py:540} INFO - Filling up the DagBag from /opt/airflow/dags/pipeline_economia.py
[2026-06-29T22:23:27.222+0000] {processor.py:840} INFO - DAG(s) 'pipeline_economia_br' retrieved from /opt/airflow/dags/pipeline_economia.py
[2026-06-29T22:23:27.241+0000] {logging_mixin.py:188} INFO - [2026-06-29T22:23:27.241+0000] {dag.py:3096} INFO - Sync 1 DAGs
[2026-06-29T22:23:27.256+0000] {logging_mixin.py:188} INFO - [2026-06-29T22:23:27.256+0000] {dag.py:3954} INFO - Setting next_dagrun for pipeline_economia_br to 2026-06-28 08:00:00+00:00, run_after=2026-06-29 08:00:00+00:00
[2026-06-29T22:23:27.271+0000] {processor.py:183} INFO - Processing /opt/airflow/dags/pipeline_economia.py took 0.574 seconds
[2026-06-29T22:23:57.520+0000] {processor.py:161} INFO - Started process (PID=1332) to work on /opt/airflow/dags/pipeline_economia.py
[2026-06-29T22:23:57.521+0000] {processor.py:830} INFO - Processing file /opt/airflow/dags/pipeline_economia.py for tasks to queue
[2026-06-29T22:23:57.523+0000] {logging_mixin.py:188} INFO - [2026-06-29T22:23:57.523+0000] {dagbag.py:540} INFO - Filling up the DagBag from /opt/airflow/dags/pipeline_economia.py
[2026-06-29T22:23:58.075+0000] {processor.py:840} INFO - DAG(s) 'pipeline_economia_br' retrieved from /opt/airflow/dags/pipeline_economia.py
[2026-06-29T22:23:58.096+0000] {logging_mixin.py:188} INFO - [2026-06-29T22:23:58.095+0000] {dag.py:3096} INFO - Sync 1 DAGs
[2026-06-29T22:23:58.111+0000] {logging_mixin.py:188} INFO - [2026-06-29T22:23:58.111+0000] {dag.py:3954} INFO - Setting next_dagrun for pipeline_economia_br to 2026-06-28 08:00:00+00:00, run_after=2026-06-29 08:00:00+00:00
[2026-06-29T22:23:58.126+0000] {processor.py:183} INFO - Processing /opt/airflow/dags/pipeline_economia.py took 0.611 seconds
[2026-06-29T22:24:28.392+0000] {processor.py:161} INFO - Started process (PID=1339) to work on /opt/airflow/dags/pipeline_economia.py
[2026-06-29T22:24:28.393+0000] {processor.py:830} INFO - Processing file /opt/airflow/dags/pipeline_economia.py for tasks to queue
[2026-06-29T22:24:28.395+0000] {logging_mixin.py:188} INFO - [2026-06-29T22:24:28.395+0000] {dagbag.py:540} INFO - Filling up the DagBag from /opt/airflow/dags/pipeline_economia.py
[2026-06-29T22:24:29.050+0000] {processor.py:840} INFO - DAG(s) 'pipeline_economia_br' retrieved from /opt/airflow/dags/pipeline_economia.py
[2026-06-29T22:24:29.072+0000] {logging_mixin.py:188} INFO - [2026-06-29T22:24:29.071+0000] {dag.py:3096} INFO - Sync 1 DAGs
[2026-06-29T22:24:29.086+0000] {logging_mixin.py:188} INFO - [2026-06-29T22:24:29.085+0000] {dag.py:3954} INFO - Setting next_dagrun for pipeline_economia_br to 2026-06-28 08:00:00+00:00, run_after=2026-06-29 08:00:00+00:00
[2026-06-29T22:24:29.099+0000] {processor.py:183} INFO - Processing /opt/airflow/dags/pipeline_economia.py took 0.713 seconds
[2026-06-29T22:24:59.419+0000] {processor.py:161} INFO - Started process (PID=1346) to work on /opt/airflow/dags/pipeline_economia.py
[2026-06-29T22:24:59.420+0000] {processor.py:830} INFO - Processing file /opt/airflow/dags/pipeline_economia.py for tasks to queue
[2026-06-29T22:24:59.422+0000] {logging_mixin.py:188} INFO - [2026-06-29T22:24:59.422+0000] {dagbag.py:540} INFO - Filling up the DagBag from /opt/airflow/dags/pipeline_economia.py
[2026-06-29T22:25:00.008+0000] {processor.py:840} INFO - DAG(s) 'pipeline_economia_br' retrieved from /opt/airflow/dags/pipeline_economia.py
[2026-06-29T22:25:00.032+0000] {logging_mixin.py:188} INFO - [2026-06-29T22:25:00.032+0000] {dag.py:3096} INFO - Sync 1 DAGs
[2026-06-29T22:25:00.048+0000] {logging_mixin.py:188} INFO - [2026-06-29T22:25:00.048+0000] {dag.py:3954} INFO - Setting next_dagrun for pipeline_economia_br to 2026-06-28 08:00:00+00:00, run_after=2026-06-29 08:00:00+00:00
[2026-06-29T22:25:00.065+0000] {processor.py:183} INFO - Processing /opt/airflow/dags/pipeline_economia.py took 0.651 seconds
[2026-06-29T22:25:30.201+0000] {processor.py:161} INFO - Started process (PID=1353) to work on /opt/airflow/dags/pipeline_economia.py
[2026-06-29T22:25:30.202+0000] {processor.py:830} INFO - Processing file /opt/airflow/dags/pipeline_economia.py for tasks to queue
[2026-06-29T22:25:30.204+0000] {logging_mixin.py:188} INFO - [2026-06-29T22:25:30.204+0000] {dagbag.py:540} INFO - Filling up the DagBag from /opt/airflow/dags/pipeline_economia.py
[2026-06-29T22:25:30.864+0000] {processor.py:840} INFO - DAG(s) 'pipeline_economia_br' retrieved from /opt/airflow/dags/pipeline_economia.py
[2026-06-29T22:25:30.886+0000] {logging_mixin.py:188} INFO - [2026-06-29T22:25:30.886+0000] {dag.py:3096} INFO - Sync 1 DAGs
[2026-06-29T22:25:30.900+0000] {logging_mixin.py:188} INFO - [2026-06-29T22:25:30.899+0000] {dag.py:3954} INFO - Setting next_dagrun for pipeline_economia_br to 2026-06-28 08:00:00+00:00, run_after=2026-06-29 08:00:00+00:00
[2026-06-29T22:25:30.915+0000] {processor.py:183} INFO - Processing /opt/airflow/dags/pipeline_economia.py took 0.720 seconds
[2026-06-29T22:26:01.169+0000] {processor.py:161} INFO - Started process (PID=1360) to work on /opt/airflow/dags/pipeline_economia.py
[2026-06-29T22:26:01.171+0000] {processor.py:830} INFO - Processing file /opt/airflow/dags/pipeline_economia.py for tasks to queue
[2026-06-29T22:26:01.172+0000] {logging_mixin.py:188} INFO - [2026-06-29T22:26:01.172+0000] {dagbag.py:540} INFO - Filling up the DagBag from /opt/airflow/dags/pipeline_economia.py
[2026-06-29T22:26:01.701+0000] {processor.py:840} INFO - DAG(s) 'pipeline_economia_br' retrieved from /opt/airflow/dags/pipeline_economia.py
[2026-06-29T22:26:01.720+0000] {logging_mixin.py:188} INFO - [2026-06-29T22:26:01.720+0000] {dag.py:3096} INFO - Sync 1 DAGs
[2026-06-29T22:26:01.733+0000] {logging_mixin.py:188} INFO - [2026-06-29T22:26:01.733+0000] {dag.py:3954} INFO - Setting next_dagrun for pipeline_economia_br to 2026-06-28 08:00:00+00:00, run_after=2026-06-29 08:00:00+00:00
[2026-06-29T22:26:01.748+0000] {processor.py:183} INFO - Processing /opt/airflow/dags/pipeline_economia.py took 0.583 seconds
[2026-06-29T22:26:31.980+0000] {processor.py:161} INFO - Started process (PID=1367) to work on /opt/airflow/dags/pipeline_economia.py
[2026-06-29T22:26:31.981+0000] {processor.py:830} INFO - Processing file /opt/airflow/dags/pipeline_economia.py for tasks to queue
[2026-06-29T22:26:31.984+0000] {logging_mixin.py:188} INFO - [2026-06-29T22:26:31.983+0000] {dagbag.py:540} INFO - Filling up the DagBag from /opt/airflow/dags/pipeline_economia.py
[2026-06-29T22:26:32.706+0000] {processor.py:840} INFO - DAG(s) 'pipeline_economia_br' retrieved from /opt/airflow/dags/pipeline_economia.py
[2026-06-29T22:26:32.729+0000] {logging_mixin.py:188} INFO - [2026-06-29T22:26:32.729+0000] {dag.py:3096} INFO - Sync 1 DAGs
[2026-06-29T22:26:32.742+0000] {logging_mixin.py:188} INFO - [2026-06-29T22:26:32.742+0000] {dag.py:3954} INFO - Setting next_dagrun for pipeline_economia_br to 2026-06-28 08:00:00+00:00, run_after=2026-06-29 08:00:00+00:00
[2026-06-29T22:26:32.757+0000] {processor.py:183} INFO - Processing /opt/airflow/dags/pipeline_economia.py took 0.782 seconds
[2026-06-29T22:27:02.915+0000] {processor.py:161} INFO - Started process (PID=1374) to work on /opt/airflow/dags/pipeline_economia.py
[2026-06-29T22:27:02.917+0000] {processor.py:830} INFO - Processing file /opt/airflow/dags/pipeline_economia.py for tasks to queue
[2026-06-29T22:27:02.919+0000] {logging_mixin.py:188} INFO - [2026-06-29T22:27:02.919+0000] {dagbag.py:540} INFO - Filling up the DagBag from /opt/airflow/dags/pipeline_economia.py
[2026-06-29T22:27:03.412+0000] {processor.py:840} INFO - DAG(s) 'pipeline_economia_br' retrieved from /opt/airflow/dags/pipeline_economia.py
[2026-06-29T22:27:03.431+0000] {logging_mixin.py:188} INFO - [2026-06-29T22:27:03.430+0000] {dag.py:3096} INFO - Sync 1 DAGs
[2026-06-29T22:27:03.446+0000] {logging_mixin.py:188} INFO - [2026-06-29T22:27:03.446+0000] {dag.py:3954} INFO - Setting next_dagrun for pipeline_economia_br to 2026-06-28 08:00:00+00:00, run_after=2026-06-29 08:00:00+00:00
[2026-06-29T22:27:03.460+0000] {processor.py:183} INFO - Processing /opt/airflow/dags/pipeline_economia.py took 0.551 seconds
[2026-06-29T22:27:33.719+0000] {processor.py:161} INFO - Started process (PID=1381) to work on /opt/airflow/dags/pipeline_economia.py
[2026-06-29T22:27:33.720+0000] {processor.py:830} INFO - Processing file /opt/airflow/dags/pipeline_economia.py for tasks to queue
[2026-06-29T22:27:33.722+0000] {logging_mixin.py:188} INFO - [2026-06-29T22:27:33.722+0000] {dagbag.py:540} INFO - Filling up the DagBag from /opt/airflow/dags/pipeline_economia.py
[2026-06-29T22:27:34.421+0000] {processor.py:840} INFO - DAG(s) 'pipeline_economia_br' retrieved from /opt/airflow/dags/pipeline_economia.py
[2026-06-29T22:27:34.445+0000] {logging_mixin.py:188} INFO - [2026-06-29T22:27:34.444+0000] {dag.py:3096} INFO - Sync 1 DAGs
[2026-06-29T22:27:34.459+0000] {logging_mixin.py:188} INFO - [2026-06-29T22:27:34.459+0000] {dag.py:3954} INFO - Setting next_dagrun for pipeline_economia_br to 2026-06-28 08:00:00+00:00, run_after=2026-06-29 08:00:00+00:00
[2026-06-29T22:27:34.474+0000] {processor.py:183} INFO - Processing /opt/airflow/dags/pipeline_economia.py took 0.761 seconds
[2026-06-29T22:28:04.709+0000] {processor.py:161} INFO - Started process (PID=1388) to work on /opt/airflow/dags/pipeline_economia.py
[2026-06-29T22:28:04.710+0000] {processor.py:830} INFO - Processing file /opt/airflow/dags/pipeline_economia.py for tasks to queue
[2026-06-29T22:28:04.712+0000] {logging_mixin.py:188} INFO - [2026-06-29T22:28:04.712+0000] {dagbag.py:540} INFO - Filling up the DagBag from /opt/airflow/dags/pipeline_economia.py
[2026-06-29T22:28:05.234+0000] {processor.py:840} INFO - DAG(s) 'pipeline_economia_br' retrieved from /opt/airflow/dags/pipeline_economia.py
[2026-06-29T22:28:05.255+0000] {logging_mixin.py:188} INFO - [2026-06-29T22:28:05.255+0000] {dag.py:3096} INFO - Sync 1 DAGs
[2026-06-29T22:28:05.269+0000] {logging_mixin.py:188} INFO - [2026-06-29T22:28:05.269+0000] {dag.py:3954} INFO - Setting next_dagrun for pipeline_economia_br to 2026-06-28 08:00:00+00:00, run_after=2026-06-29 08:00:00+00:00
[2026-06-29T22:28:05.284+0000] {processor.py:183} INFO - Processing /opt/airflow/dags/pipeline_economia.py took 0.579 seconds
[2026-06-29T22:28:35.516+0000] {processor.py:161} INFO - Started process (PID=1395) to work on /opt/airflow/dags/pipeline_economia.py
[2026-06-29T22:28:35.517+0000] {processor.py:830} INFO - Processing file /opt/airflow/dags/pipeline_economia.py for tasks to queue
[2026-06-29T22:28:35.519+0000] {logging_mixin.py:188} INFO - [2026-06-29T22:28:35.518+0000] {dagbag.py:540} INFO - Filling up the DagBag from /opt/airflow/dags/pipeline_economia.py
[2026-06-29T22:28:36.183+0000] {processor.py:840} INFO - DAG(s) 'pipeline_economia_br' retrieved from /opt/airflow/dags/pipeline_economia.py
[2026-06-29T22:28:36.207+0000] {logging_mixin.py:188} INFO - [2026-06-29T22:28:36.206+0000] {dag.py:3096} INFO - Sync 1 DAGs
[2026-06-29T22:28:36.221+0000] {logging_mixin.py:188} INFO - [2026-06-29T22:28:36.220+0000] {dag.py:3954} INFO - Setting next_dagrun for pipeline_economia_br to 2026-06-28 08:00:00+00:00, run_after=2026-06-29 08:00:00+00:00
[2026-06-29T22:28:36.234+0000] {processor.py:183} INFO - Processing /opt/airflow/dags/pipeline_economia.py took 0.723 seconds
[2026-06-29T22:29:06.482+0000] {processor.py:161} INFO - Started process (PID=1402) to work on /opt/airflow/dags/pipeline_economia.py
[2026-06-29T22:29:06.483+0000] {processor.py:830} INFO - Processing file /opt/airflow/dags/pipeline_economia.py for tasks to queue
[2026-06-29T22:29:06.485+0000] {logging_mixin.py:188} INFO - [2026-06-29T22:29:06.484+0000] {dagbag.py:540} INFO - Filling up the DagBag from /opt/airflow/dags/pipeline_economia.py
[2026-06-29T22:29:07.057+0000] {processor.py:840} INFO - DAG(s) 'pipeline_economia_br' retrieved from /opt/airflow/dags/pipeline_economia.py
[2026-06-29T22:29:07.075+0000] {logging_mixin.py:188} INFO - [2026-06-29T22:29:07.075+0000] {dag.py:3096} INFO - Sync 1 DAGs
[2026-06-29T22:29:07.089+0000] {logging_mixin.py:188} INFO - [2026-06-29T22:29:07.089+0000] {dag.py:3954} INFO - Setting next_dagrun for pipeline_economia_br to 2026-06-28 08:00:00+00:00, run_after=2026-06-29 08:00:00+00:00
[2026-06-29T22:29:07.104+0000] {processor.py:183} INFO - Processing /opt/airflow/dags/pipeline_economia.py took 0.627 seconds
[2026-06-29T22:29:37.364+0000] {processor.py:161} INFO - Started process (PID=1409) to work on /opt/airflow/dags/pipeline_economia.py
[2026-06-29T22:29:37.366+0000] {processor.py:830} INFO - Processing file /opt/airflow/dags/pipeline_economia.py for tasks to queue
[2026-06-29T22:29:37.367+0000] {logging_mixin.py:188} INFO - [2026-06-29T22:29:37.367+0000] {dagbag.py:540} INFO - Filling up the DagBag from /opt/airflow/dags/pipeline_economia.py
[2026-06-29T22:29:37.962+0000] {processor.py:840} INFO - DAG(s) 'pipeline_economia_br' retrieved from /opt/airflow/dags/pipeline_economia.py
[2026-06-29T22:29:37.986+0000] {logging_mixin.py:188} INFO - [2026-06-29T22:29:37.985+0000] {dag.py:3096} INFO - Sync 1 DAGs
[2026-06-29T22:29:38.003+0000] {logging_mixin.py:188} INFO - [2026-06-29T22:29:38.003+0000] {dag.py:3954} INFO - Setting next_dagrun for pipeline_economia_br to 2026-06-28 08:00:00+00:00, run_after=2026-06-29 08:00:00+00:00
[2026-06-29T22:29:38.021+0000] {processor.py:183} INFO - Processing /opt/airflow/dags/pipeline_economia.py took 0.663 seconds
[2026-06-29T22:30:08.285+0000] {processor.py:161} INFO - Started process (PID=1416) to work on /opt/airflow/dags/pipeline_economia.py
[2026-06-29T22:30:08.286+0000] {processor.py:830} INFO - Processing file /opt/airflow/dags/pipeline_economia.py for tasks to queue
[2026-06-29T22:30:08.288+0000] {logging_mixin.py:188} INFO - [2026-06-29T22:30:08.288+0000] {dagbag.py:540} INFO - Filling up the DagBag from /opt/airflow/dags/pipeline_economia.py
[2026-06-29T22:30:08.903+0000] {processor.py:840} INFO - DAG(s) 'pipeline_economia_br' retrieved from /opt/airflow/dags/pipeline_economia.py
[2026-06-29T22:30:08.924+0000] {logging_mixin.py:188} INFO - [2026-06-29T22:30:08.924+0000] {dag.py:3096} INFO - Sync 1 DAGs
[2026-06-29T22:30:08.942+0000] {logging_mixin.py:188} INFO - [2026-06-29T22:30:08.941+0000] {dag.py:3954} INFO - Setting next_dagrun for pipeline_economia_br to 2026-06-28 08:00:00+00:00, run_after=2026-06-29 08:00:00+00:00
[2026-06-29T22:30:08.957+0000] {processor.py:183} INFO - Processing /opt/airflow/dags/pipeline_economia.py took 0.677 seconds
[2026-06-29T22:30:39.209+0000] {processor.py:161} INFO - Started process (PID=1423) to work on /opt/airflow/dags/pipeline_economia.py
[2026-06-29T22:30:39.210+0000] {processor.py:830} INFO - Processing file /opt/airflow/dags/pipeline_economia.py for tasks to queue
[2026-06-29T22:30:39.212+0000] {logging_mixin.py:188} INFO - [2026-06-29T22:30:39.212+0000] {dagbag.py:540} INFO - Filling up the DagBag from /opt/airflow/dags/pipeline_economia.py
[2026-06-29T22:30:40.068+0000] {processor.py:840} INFO - DAG(s) 'pipeline_economia_br' retrieved from /opt/airflow/dags/pipeline_economia.py
[2026-06-29T22:30:40.099+0000] {logging_mixin.py:188} INFO - [2026-06-29T22:30:40.097+0000] {dag.py:3096} INFO - Sync 1 DAGs
[2026-06-29T22:30:40.116+0000] {logging_mixin.py:188} INFO - [2026-06-29T22:30:40.116+0000] {dag.py:3954} INFO - Setting next_dagrun for pipeline_economia_br to 2026-06-28 08:00:00+00:00, run_after=2026-06-29 08:00:00+00:00
[2026-06-29T22:30:40.133+0000] {processor.py:183} INFO - Processing /opt/airflow/dags/pipeline_economia.py took 0.929 seconds
[2026-06-29T22:31:10.412+0000] {processor.py:161} INFO - Started process (PID=1430) to work on /opt/airflow/dags/pipeline_economia.py
[2026-06-29T22:31:10.413+0000] {processor.py:830} INFO - Processing file /opt/airflow/dags/pipeline_economia.py for tasks to queue
[2026-06-29T22:31:10.415+0000] {logging_mixin.py:188} INFO - [2026-06-29T22:31:10.415+0000] {dagbag.py:540} INFO - Filling up the DagBag from /opt/airflow/dags/pipeline_economia.py
[2026-06-29T22:31:11.031+0000] {processor.py:840} INFO - DAG(s) 'pipeline_economia_br' retrieved from /opt/airflow/dags/pipeline_economia.py
[2026-06-29T22:31:11.052+0000] {logging_mixin.py:188} INFO - [2026-06-29T22:31:11.051+0000] {dag.py:3096} INFO - Sync 1 DAGs
[2026-06-29T22:31:11.067+0000] {logging_mixin.py:188} INFO - [2026-06-29T22:31:11.067+0000] {dag.py:3954} INFO - Setting next_dagrun for pipeline_economia_br to 2026-06-28 08:00:00+00:00, run_after=2026-06-29 08:00:00+00:00
[2026-06-29T22:31:11.083+0000] {processor.py:183} INFO - Processing /opt/airflow/dags/pipeline_economia.py took 0.678 seconds
[2026-06-29T22:31:41.336+0000] {processor.py:161} INFO - Started process (PID=1437) to work on /opt/airflow/dags/pipeline_economia.py
[2026-06-29T22:31:41.337+0000] {processor.py:830} INFO - Processing file /opt/airflow/dags/pipeline_economia.py for tasks to queue
[2026-06-29T22:31:41.340+0000] {logging_mixin.py:188} INFO - [2026-06-29T22:31:41.339+0000] {dagbag.py:540} INFO - Filling up the DagBag from /opt/airflow/dags/pipeline_economia.py
[2026-06-29T22:31:42.146+0000] {processor.py:840} INFO - DAG(s) 'pipeline_economia_br' retrieved from /opt/airflow/dags/pipeline_economia.py
[2026-06-29T22:31:42.171+0000] {logging_mixin.py:188} INFO - [2026-06-29T22:31:42.170+0000] {dag.py:3096} INFO - Sync 1 DAGs
[2026-06-29T22:31:42.186+0000] {logging_mixin.py:188} INFO - [2026-06-29T22:31:42.186+0000] {dag.py:3954} INFO - Setting next_dagrun for pipeline_economia_br to 2026-06-28 08:00:00+00:00, run_after=2026-06-29 08:00:00+00:00
[2026-06-29T22:31:42.202+0000] {processor.py:183} INFO - Processing /opt/airflow/dags/pipeline_economia.py took 0.871 seconds
[2026-06-29T22:32:12.460+0000] {processor.py:161} INFO - Started process (PID=1444) to work on /opt/airflow/dags/pipeline_economia.py
[2026-06-29T22:32:12.461+0000] {processor.py:830} INFO - Processing file /opt/airflow/dags/pipeline_economia.py for tasks to queue
[2026-06-29T22:32:12.464+0000] {logging_mixin.py:188} INFO - [2026-06-29T22:32:12.464+0000] {dagbag.py:540} INFO - Filling up the DagBag from /opt/airflow/dags/pipeline_economia.py
[2026-06-29T22:32:13.007+0000] {processor.py:840} INFO - DAG(s) 'pipeline_economia_br' retrieved from /opt/airflow/dags/pipeline_economia.py
[2026-06-29T22:32:13.026+0000] {logging_mixin.py:188} INFO - [2026-06-29T22:32:13.026+0000] {dag.py:3096} INFO - Sync 1 DAGs
[2026-06-29T22:32:13.040+0000] {logging_mixin.py:188} INFO - [2026-06-29T22:32:13.040+0000] {dag.py:3954} INFO - Setting next_dagrun for pipeline_economia_br to 2026-06-28 08:00:00+00:00, run_after=2026-06-29 08:00:00+00:00
[2026-06-29T22:32:13.054+0000] {processor.py:183} INFO - Processing /opt/airflow/dags/pipeline_economia.py took 0.599 seconds
[2026-06-29T22:32:43.301+0000] {processor.py:161} INFO - Started process (PID=1451) to work on /opt/airflow/dags/pipeline_economia.py
[2026-06-29T22:32:43.302+0000] {processor.py:830} INFO - Processing file /opt/airflow/dags/pipeline_economia.py for tasks to queue
[2026-06-29T22:32:43.304+0000] {logging_mixin.py:188} INFO - [2026-06-29T22:32:43.303+0000] {dagbag.py:540} INFO - Filling up the DagBag from /opt/airflow/dags/pipeline_economia.py
[2026-06-29T22:32:44.001+0000] {processor.py:840} INFO - DAG(s) 'pipeline_economia_br' retrieved from /opt/airflow/dags/pipeline_economia.py
[2026-06-29T22:32:44.024+0000] {logging_mixin.py:188} INFO - [2026-06-29T22:32:44.023+0000] {dag.py:3096} INFO - Sync 1 DAGs
[2026-06-29T22:32:44.037+0000] {logging_mixin.py:188} INFO - [2026-06-29T22:32:44.037+0000] {dag.py:3954} INFO - Setting next_dagrun for pipeline_economia_br to 2026-06-28 08:00:00+00:00, run_after=2026-06-29 08:00:00+00:00
[2026-06-29T22:32:44.051+0000] {processor.py:183} INFO - Processing /opt/airflow/dags/pipeline_economia.py took 0.756 seconds
[2026-06-29T22:33:14.254+0000] {processor.py:161} INFO - Started process (PID=1458) to work on /opt/airflow/dags/pipeline_economia.py
[2026-06-29T22:33:14.255+0000] {processor.py:830} INFO - Processing file /opt/airflow/dags/pipeline_economia.py for tasks to queue
[2026-06-29T22:33:14.258+0000] {logging_mixin.py:188} INFO - [2026-06-29T22:33:14.257+0000] {dagbag.py:540} INFO - Filling up the DagBag from /opt/airflow/dags/pipeline_economia.py
[2026-06-29T22:33:14.845+0000] {processor.py:840} INFO - DAG(s) 'pipeline_economia_br' retrieved from /opt/airflow/dags/pipeline_economia.py
[2026-06-29T22:33:14.867+0000] {logging_mixin.py:188} INFO - [2026-06-29T22:33:14.866+0000] {dag.py:3096} INFO - Sync 1 DAGs
[2026-06-29T22:33:14.884+0000] {logging_mixin.py:188} INFO - [2026-06-29T22:33:14.884+0000] {dag.py:3954} INFO - Setting next_dagrun for pipeline_economia_br to 2026-06-28 08:00:00+00:00, run_after=2026-06-29 08:00:00+00:00
[2026-06-29T22:33:14.899+0000] {processor.py:183} INFO - Processing /opt/airflow/dags/pipeline_economia.py took 0.650 seconds
[2026-06-29T22:33:45.149+0000] {processor.py:161} INFO - Started process (PID=1465) to work on /opt/airflow/dags/pipeline_economia.py
[2026-06-29T22:33:45.150+0000] {processor.py:830} INFO - Processing file /opt/airflow/dags/pipeline_economia.py for tasks to queue
[2026-06-29T22:33:45.152+0000] {logging_mixin.py:188} INFO - [2026-06-29T22:33:45.152+0000] {dagbag.py:540} INFO - Filling up the DagBag from /opt/airflow/dags/pipeline_economia.py
[2026-06-29T22:33:45.705+0000] {processor.py:840} INFO - DAG(s) 'pipeline_economia_br' retrieved from /opt/airflow/dags/pipeline_economia.py
[2026-06-29T22:33:45.724+0000] {logging_mixin.py:188} INFO - [2026-06-29T22:33:45.723+0000] {dag.py:3096} INFO - Sync 1 DAGs
[2026-06-29T22:33:45.738+0000] {logging_mixin.py:188} INFO - [2026-06-29T22:33:45.738+0000] {dag.py:3954} INFO - Setting next_dagrun for pipeline_economia_br to 2026-06-28 08:00:00+00:00, run_after=2026-06-29 08:00:00+00:00
[2026-06-29T22:33:45.755+0000] {processor.py:183} INFO - Processing /opt/airflow/dags/pipeline_economia.py took 0.611 seconds
[2026-06-29T22:34:16.017+0000] {processor.py:161} INFO - Started process (PID=1472) to work on /opt/airflow/dags/pipeline_economia.py
[2026-06-29T22:34:16.018+0000] {processor.py:830} INFO - Processing file /opt/airflow/dags/pipeline_economia.py for tasks to queue
[2026-06-29T22:34:16.020+0000] {logging_mixin.py:188} INFO - [2026-06-29T22:34:16.020+0000] {dagbag.py:540} INFO - Filling up the DagBag from /opt/airflow/dags/pipeline_economia.py
[2026-06-29T22:34:16.633+0000] {processor.py:840} INFO - DAG(s) 'pipeline_economia_br' retrieved from /opt/airflow/dags/pipeline_economia.py
[2026-06-29T22:34:16.656+0000] {logging_mixin.py:188} INFO - [2026-06-29T22:34:16.655+0000] {dag.py:3096} INFO - Sync 1 DAGs
[2026-06-29T22:34:16.670+0000] {logging_mixin.py:188} INFO - [2026-06-29T22:34:16.670+0000] {dag.py:3954} INFO - Setting next_dagrun for pipeline_economia_br to 2026-06-28 08:00:00+00:00, run_after=2026-06-29 08:00:00+00:00
[2026-06-29T22:34:16.687+0000] {processor.py:183} INFO - Processing /opt/airflow/dags/pipeline_economia.py took 0.676 seconds
[2026-06-29T22:34:46.868+0000] {processor.py:161} INFO - Started process (PID=1479) to work on /opt/airflow/dags/pipeline_economia.py
[2026-06-29T22:34:46.869+0000] {processor.py:830} INFO - Processing file /opt/airflow/dags/pipeline_economia.py for tasks to queue
[2026-06-29T22:34:46.870+0000] {logging_mixin.py:188} INFO - [2026-06-29T22:34:46.870+0000] {dagbag.py:540} INFO - Filling up the DagBag from /opt/airflow/dags/pipeline_economia.py
[2026-06-29T22:34:47.539+0000] {processor.py:840} INFO - DAG(s) 'pipeline_economia_br' retrieved from /opt/airflow/dags/pipeline_economia.py
[2026-06-29T22:34:47.565+0000] {logging_mixin.py:188} INFO - [2026-06-29T22:34:47.564+0000] {dag.py:3096} INFO - Sync 1 DAGs
[2026-06-29T22:34:47.579+0000] {logging_mixin.py:188} INFO - [2026-06-29T22:34:47.579+0000] {dag.py:3954} INFO - Setting next_dagrun for pipeline_economia_br to 2026-06-28 08:00:00+00:00, run_after=2026-06-29 08:00:00+00:00
[2026-06-29T22:34:47.593+0000] {processor.py:183} INFO - Processing /opt/airflow/dags/pipeline_economia.py took 0.731 seconds
[2026-06-29T22:35:17.822+0000] {processor.py:161} INFO - Started process (PID=1486) to work on /opt/airflow/dags/pipeline_economia.py
[2026-06-29T22:35:17.823+0000] {processor.py:830} INFO - Processing file /opt/airflow/dags/pipeline_economia.py for tasks to queue
[2026-06-29T22:35:17.825+0000] {logging_mixin.py:188} INFO - [2026-06-29T22:35:17.825+0000] {dagbag.py:540} INFO - Filling up the DagBag from /opt/airflow/dags/pipeline_economia.py
[2026-06-29T22:35:18.401+0000] {processor.py:840} INFO - DAG(s) 'pipeline_economia_br' retrieved from /opt/airflow/dags/pipeline_economia.py
[2026-06-29T22:35:18.419+0000] {logging_mixin.py:188} INFO - [2026-06-29T22:35:18.419+0000] {dag.py:3096} INFO - Sync 1 DAGs
[2026-06-29T22:35:18.432+0000] {logging_mixin.py:188} INFO - [2026-06-29T22:35:18.432+0000] {dag.py:3954} INFO - Setting next_dagrun for pipeline_economia_br to 2026-06-28 08:00:00+00:00, run_after=2026-06-29 08:00:00+00:00
[2026-06-29T22:35:18.445+0000] {processor.py:183} INFO - Processing /opt/airflow/dags/pipeline_economia.py took 0.628 seconds
[2026-06-29T22:35:48.661+0000] {processor.py:161} INFO - Started process (PID=1493) to work on /opt/airflow/dags/pipeline_economia.py
[2026-06-29T22:35:48.663+0000] {processor.py:830} INFO - Processing file /opt/airflow/dags/pipeline_economia.py for tasks to queue
[2026-06-29T22:35:48.664+0000] {logging_mixin.py:188} INFO - [2026-06-29T22:35:48.664+0000] {dagbag.py:540} INFO - Filling up the DagBag from /opt/airflow/dags/pipeline_economia.py
[2026-06-29T22:35:49.215+0000] {processor.py:840} INFO - DAG(s) 'pipeline_economia_br' retrieved from /opt/airflow/dags/pipeline_economia.py
[2026-06-29T22:35:49.236+0000] {logging_mixin.py:188} INFO - [2026-06-29T22:35:49.236+0000] {dag.py:3096} INFO - Sync 1 DAGs
[2026-06-29T22:35:49.250+0000] {logging_mixin.py:188} INFO - [2026-06-29T22:35:49.250+0000] {dag.py:3954} INFO - Setting next_dagrun for pipeline_economia_br to 2026-06-28 08:00:00+00:00, run_after=2026-06-29 08:00:00+00:00
[2026-06-29T22:35:49.266+0000] {processor.py:183} INFO - Processing /opt/airflow/dags/pipeline_economia.py took 0.610 seconds
[2026-06-29T22:36:19.495+0000] {processor.py:161} INFO - Started process (PID=1500) to work on /opt/airflow/dags/pipeline_economia.py
[2026-06-29T22:36:19.497+0000] {processor.py:830} INFO - Processing file /opt/airflow/dags/pipeline_economia.py for tasks to queue
[2026-06-29T22:36:19.499+0000] {logging_mixin.py:188} INFO - [2026-06-29T22:36:19.498+0000] {dagbag.py:540} INFO - Filling up the DagBag from /opt/airflow/dags/pipeline_economia.py
[2026-06-29T22:36:20.063+0000] {processor.py:840} INFO - DAG(s) 'pipeline_economia_br' retrieved from /opt/airflow/dags/pipeline_economia.py
[2026-06-29T22:36:20.083+0000] {logging_mixin.py:188} INFO - [2026-06-29T22:36:20.082+0000] {dag.py:3096} INFO - Sync 1 DAGs
[2026-06-29T22:36:20.097+0000] {logging_mixin.py:188} INFO - [2026-06-29T22:36:20.097+0000] {dag.py:3954} INFO - Setting next_dagrun for pipeline_economia_br to 2026-06-28 08:00:00+00:00, run_after=2026-06-29 08:00:00+00:00
[2026-06-29T22:36:20.114+0000] {processor.py:183} INFO - Processing /opt/airflow/dags/pipeline_economia.py took 0.623 seconds
[2026-06-29T22:36:50.365+0000] {processor.py:161} INFO - Started process (PID=1507) to work on /opt/airflow/dags/pipeline_economia.py
[2026-06-29T22:36:50.366+0000] {processor.py:830} INFO - Processing file /opt/airflow/dags/pipeline_economia.py for tasks to queue
[2026-06-29T22:36:50.368+0000] {logging_mixin.py:188} INFO - [2026-06-29T22:36:50.368+0000] {dagbag.py:540} INFO - Filling up the DagBag from /opt/airflow/dags/pipeline_economia.py
[2026-06-29T22:36:50.928+0000] {processor.py:840} INFO - DAG(s) 'pipeline_economia_br' retrieved from /opt/airflow/dags/pipeline_economia.py
[2026-06-29T22:36:50.950+0000] {logging_mixin.py:188} INFO - [2026-06-29T22:36:50.948+0000] {dag.py:3096} INFO - Sync 1 DAGs
[2026-06-29T22:36:50.964+0000] {logging_mixin.py:188} INFO - [2026-06-29T22:36:50.964+0000] {dag.py:3954} INFO - Setting next_dagrun for pipeline_economia_br to 2026-06-28 08:00:00+00:00, run_after=2026-06-29 08:00:00+00:00
[2026-06-29T22:36:50.978+0000] {processor.py:183} INFO - Processing /opt/airflow/dags/pipeline_economia.py took 0.617 seconds
[2026-06-29T22:37:21.240+0000] {processor.py:161} INFO - Started process (PID=1514) to work on /opt/airflow/dags/pipeline_economia.py
[2026-06-29T22:37:21.241+0000] {processor.py:830} INFO - Processing file /opt/airflow/dags/pipeline_economia.py for tasks to queue
[2026-06-29T22:37:21.242+0000] {logging_mixin.py:188} INFO - [2026-06-29T22:37:21.242+0000] {dagbag.py:540} INFO - Filling up the DagBag from /opt/airflow/dags/pipeline_economia.py
[2026-06-29T22:37:21.797+0000] {processor.py:840} INFO - DAG(s) 'pipeline_economia_br' retrieved from /opt/airflow/dags/pipeline_economia.py
[2026-06-29T22:37:21.817+0000] {logging_mixin.py:188} INFO - [2026-06-29T22:37:21.817+0000] {dag.py:3096} INFO - Sync 1 DAGs
[2026-06-29T22:37:21.831+0000] {logging_mixin.py:188} INFO - [2026-06-29T22:37:21.831+0000] {dag.py:3954} INFO - Setting next_dagrun for pipeline_economia_br to 2026-06-28 08:00:00+00:00, run_after=2026-06-29 08:00:00+00:00
[2026-06-29T22:37:21.845+0000] {processor.py:183} INFO - Processing /opt/airflow/dags/pipeline_economia.py took 0.610 seconds
[2026-06-29T22:37:52.088+0000] {processor.py:161} INFO - Started process (PID=1521) to work on /opt/airflow/dags/pipeline_economia.py
[2026-06-29T22:37:52.089+0000] {processor.py:830} INFO - Processing file /opt/airflow/dags/pipeline_economia.py for tasks to queue
[2026-06-29T22:37:52.091+0000] {logging_mixin.py:188} INFO - [2026-06-29T22:37:52.090+0000] {dagbag.py:540} INFO - Filling up the DagBag from /opt/airflow/dags/pipeline_economia.py
[2026-06-29T22:37:52.624+0000] {processor.py:840} INFO - DAG(s) 'pipeline_economia_br' retrieved from /opt/airflow/dags/pipeline_economia.py
[2026-06-29T22:37:52.644+0000] {logging_mixin.py:188} INFO - [2026-06-29T22:37:52.643+0000] {dag.py:3096} INFO - Sync 1 DAGs
[2026-06-29T22:37:52.657+0000] {logging_mixin.py:188} INFO - [2026-06-29T22:37:52.657+0000] {dag.py:3954} INFO - Setting next_dagrun for pipeline_economia_br to 2026-06-28 08:00:00+00:00, run_after=2026-06-29 08:00:00+00:00
[2026-06-29T22:37:52.675+0000] {processor.py:183} INFO - Processing /opt/airflow/dags/pipeline_economia.py took 0.592 seconds
[2026-06-29T22:38:22.932+0000] {processor.py:161} INFO - Started process (PID=1528) to work on /opt/airflow/dags/pipeline_economia.py
[2026-06-29T22:38:22.933+0000] {processor.py:830} INFO - Processing file /opt/airflow/dags/pipeline_economia.py for tasks to queue
[2026-06-29T22:38:22.935+0000] {logging_mixin.py:188} INFO - [2026-06-29T22:38:22.935+0000] {dagbag.py:540} INFO - Filling up the DagBag from /opt/airflow/dags/pipeline_economia.py
[2026-06-29T22:38:23.481+0000] {processor.py:840} INFO - DAG(s) 'pipeline_economia_br' retrieved from /opt/airflow/dags/pipeline_economia.py
[2026-06-29T22:38:23.502+0000] {logging_mixin.py:188} INFO - [2026-06-29T22:38:23.501+0000] {dag.py:3096} INFO - Sync 1 DAGs
[2026-06-29T22:38:23.516+0000] {logging_mixin.py:188} INFO - [2026-06-29T22:38:23.516+0000] {dag.py:3954} INFO - Setting next_dagrun for pipeline_economia_br to 2026-06-28 08:00:00+00:00, run_after=2026-06-29 08:00:00+00:00
[2026-06-29T22:38:23.530+0000] {processor.py:183} INFO - Processing /opt/airflow/dags/pipeline_economia.py took 0.603 seconds
[2026-06-29T22:38:53.795+0000] {processor.py:161} INFO - Started process (PID=1535) to work on /opt/airflow/dags/pipeline_economia.py
[2026-06-29T22:38:53.796+0000] {processor.py:830} INFO - Processing file /opt/airflow/dags/pipeline_economia.py for tasks to queue
[2026-06-29T22:38:53.797+0000] {logging_mixin.py:188} INFO - [2026-06-29T22:38:53.797+0000] {dagbag.py:540} INFO - Filling up the DagBag from /opt/airflow/dags/pipeline_economia.py
[2026-06-29T22:38:54.404+0000] {processor.py:840} INFO - DAG(s) 'pipeline_economia_br' retrieved from /opt/airflow/dags/pipeline_economia.py
[2026-06-29T22:38:54.427+0000] {logging_mixin.py:188} INFO - [2026-06-29T22:38:54.426+0000] {dag.py:3096} INFO - Sync 1 DAGs
[2026-06-29T22:38:54.443+0000] {logging_mixin.py:188} INFO - [2026-06-29T22:38:54.443+0000] {dag.py:3954} INFO - Setting next_dagrun for pipeline_economia_br to 2026-06-28 08:00:00+00:00, run_after=2026-06-29 08:00:00+00:00
[2026-06-29T22:38:54.461+0000] {processor.py:183} INFO - Processing /opt/airflow/dags/pipeline_economia.py took 0.671 seconds
[2026-06-29T22:39:24.693+0000] {processor.py:161} INFO - Started process (PID=1542) to work on /opt/airflow/dags/pipeline_economia.py
[2026-06-29T22:39:24.694+0000] {processor.py:830} INFO - Processing file /opt/airflow/dags/pipeline_economia.py for tasks to queue
[2026-06-29T22:39:24.696+0000] {logging_mixin.py:188} INFO - [2026-06-29T22:39:24.696+0000] {dagbag.py:540} INFO - Filling up the DagBag from /opt/airflow/dags/pipeline_economia.py
[2026-06-29T22:39:25.268+0000] {processor.py:840} INFO - DAG(s) 'pipeline_economia_br' retrieved from /opt/airflow/dags/pipeline_economia.py
[2026-06-29T22:39:25.291+0000] {logging_mixin.py:188} INFO - [2026-06-29T22:39:25.290+0000] {dag.py:3096} INFO - Sync 1 DAGs
[2026-06-29T22:39:25.308+0000] {logging_mixin.py:188} INFO - [2026-06-29T22:39:25.308+0000] {dag.py:3954} INFO - Setting next_dagrun for pipeline_economia_br to 2026-06-28 08:00:00+00:00, run_after=2026-06-29 08:00:00+00:00
[2026-06-29T22:39:25.323+0000] {processor.py:183} INFO - Processing /opt/airflow/dags/pipeline_economia.py took 0.635 seconds
[2026-06-29T22:39:55.583+0000] {processor.py:161} INFO - Started process (PID=1549) to work on /opt/airflow/dags/pipeline_economia.py
[2026-06-29T22:39:55.584+0000] {processor.py:830} INFO - Processing file /opt/airflow/dags/pipeline_economia.py for tasks to queue
[2026-06-29T22:39:55.586+0000] {logging_mixin.py:188} INFO - [2026-06-29T22:39:55.586+0000] {dagbag.py:540} INFO - Filling up the DagBag from /opt/airflow/dags/pipeline_economia.py
[2026-06-29T22:39:56.170+0000] {processor.py:840} INFO - DAG(s) 'pipeline_economia_br' retrieved from /opt/airflow/dags/pipeline_economia.py
[2026-06-29T22:39:56.189+0000] {logging_mixin.py:188} INFO - [2026-06-29T22:39:56.188+0000] {dag.py:3096} INFO - Sync 1 DAGs
[2026-06-29T22:39:56.203+0000] {logging_mixin.py:188} INFO - [2026-06-29T22:39:56.203+0000] {dag.py:3954} INFO - Setting next_dagrun for pipeline_economia_br to 2026-06-28 08:00:00+00:00, run_after=2026-06-29 08:00:00+00:00
[2026-06-29T22:39:56.275+0000] {processor.py:183} INFO - Processing /opt/airflow/dags/pipeline_economia.py took 0.697 seconds
[2026-06-29T22:40:26.548+0000] {processor.py:161} INFO - Started process (PID=1556) to work on /opt/airflow/dags/pipeline_economia.py
[2026-06-29T22:40:26.550+0000] {processor.py:830} INFO - Processing file /opt/airflow/dags/pipeline_economia.py for tasks to queue
[2026-06-29T22:40:26.551+0000] {logging_mixin.py:188} INFO - [2026-06-29T22:40:26.551+0000] {dagbag.py:540} INFO - Filling up the DagBag from /opt/airflow/dags/pipeline_economia.py
[2026-06-29T22:40:27.187+0000] {processor.py:840} INFO - DAG(s) 'pipeline_economia_br' retrieved from /opt/airflow/dags/pipeline_economia.py
[2026-06-29T22:40:27.210+0000] {logging_mixin.py:188} INFO - [2026-06-29T22:40:27.210+0000] {dag.py:3096} INFO - Sync 1 DAGs
[2026-06-29T22:40:27.223+0000] {logging_mixin.py:188} INFO - [2026-06-29T22:40:27.223+0000] {dag.py:3954} INFO - Setting next_dagrun for pipeline_economia_br to 2026-06-28 08:00:00+00:00, run_after=2026-06-29 08:00:00+00:00
[2026-06-29T22:40:27.236+0000] {processor.py:183} INFO - Processing /opt/airflow/dags/pipeline_economia.py took 0.694 seconds
[2026-06-29T22:40:57.493+0000] {processor.py:161} INFO - Started process (PID=1563) to work on /opt/airflow/dags/pipeline_economia.py
[2026-06-29T22:40:57.494+0000] {processor.py:830} INFO - Processing file /opt/airflow/dags/pipeline_economia.py for tasks to queue
[2026-06-29T22:40:57.496+0000] {logging_mixin.py:188} INFO - [2026-06-29T22:40:57.495+0000] {dagbag.py:540} INFO - Filling up the DagBag from /opt/airflow/dags/pipeline_economia.py
[2026-06-29T22:40:58.024+0000] {processor.py:840} INFO - DAG(s) 'pipeline_economia_br' retrieved from /opt/airflow/dags/pipeline_economia.py
[2026-06-29T22:40:58.043+0000] {logging_mixin.py:188} INFO - [2026-06-29T22:40:58.043+0000] {dag.py:3096} INFO - Sync 1 DAGs
[2026-06-29T22:40:58.057+0000] {logging_mixin.py:188} INFO - [2026-06-29T22:40:58.057+0000] {dag.py:3954} INFO - Setting next_dagrun for pipeline_economia_br to 2026-06-28 08:00:00+00:00, run_after=2026-06-29 08:00:00+00:00
[2026-06-29T22:40:58.072+0000] {processor.py:183} INFO - Processing /opt/airflow/dags/pipeline_economia.py took 0.584 seconds
[2026-06-29T22:41:28.290+0000] {processor.py:161} INFO - Started process (PID=1570) to work on /opt/airflow/dags/pipeline_economia.py
[2026-06-29T22:41:28.292+0000] {processor.py:830} INFO - Processing file /opt/airflow/dags/pipeline_economia.py for tasks to queue
[2026-06-29T22:41:28.293+0000] {logging_mixin.py:188} INFO - [2026-06-29T22:41:28.293+0000] {dagbag.py:540} INFO - Filling up the DagBag from /opt/airflow/dags/pipeline_economia.py
[2026-06-29T22:41:28.875+0000] {processor.py:840} INFO - DAG(s) 'pipeline_economia_br' retrieved from /opt/airflow/dags/pipeline_economia.py
[2026-06-29T22:41:28.893+0000] {logging_mixin.py:188} INFO - [2026-06-29T22:41:28.892+0000] {dag.py:3096} INFO - Sync 1 DAGs
[2026-06-29T22:41:28.907+0000] {logging_mixin.py:188} INFO - [2026-06-29T22:41:28.907+0000] {dag.py:3954} INFO - Setting next_dagrun for pipeline_economia_br to 2026-06-28 08:00:00+00:00, run_after=2026-06-29 08:00:00+00:00
[2026-06-29T22:41:28.923+0000] {processor.py:183} INFO - Processing /opt/airflow/dags/pipeline_economia.py took 0.637 seconds
[2026-06-29T22:41:59.185+0000] {processor.py:161} INFO - Started process (PID=1577) to work on /opt/airflow/dags/pipeline_economia.py
[2026-06-29T22:41:59.187+0000] {processor.py:830} INFO - Processing file /opt/airflow/dags/pipeline_economia.py for tasks to queue
[2026-06-29T22:41:59.188+0000] {logging_mixin.py:188} INFO - [2026-06-29T22:41:59.188+0000] {dagbag.py:540} INFO - Filling up the DagBag from /opt/airflow/dags/pipeline_economia.py
[2026-06-29T22:41:59.720+0000] {processor.py:840} INFO - DAG(s) 'pipeline_economia_br' retrieved from /opt/airflow/dags/pipeline_economia.py
[2026-06-29T22:41:59.743+0000] {logging_mixin.py:188} INFO - [2026-06-29T22:41:59.743+0000] {dag.py:3096} INFO - Sync 1 DAGs
[2026-06-29T22:41:59.758+0000] {logging_mixin.py:188} INFO - [2026-06-29T22:41:59.758+0000] {dag.py:3954} INFO - Setting next_dagrun for pipeline_economia_br to 2026-06-28 08:00:00+00:00, run_after=2026-06-29 08:00:00+00:00
[2026-06-29T22:41:59.775+0000] {processor.py:183} INFO - Processing /opt/airflow/dags/pipeline_economia.py took 0.595 seconds
[2026-06-29T22:42:30.011+0000] {processor.py:161} INFO - Started process (PID=1584) to work on /opt/airflow/dags/pipeline_economia.py
[2026-06-29T22:42:30.012+0000] {processor.py:830} INFO - Processing file /opt/airflow/dags/pipeline_economia.py for tasks to queue
[2026-06-29T22:42:30.014+0000] {logging_mixin.py:188} INFO - [2026-06-29T22:42:30.014+0000] {dagbag.py:540} INFO - Filling up the DagBag from /opt/airflow/dags/pipeline_economia.py
[2026-06-29T22:42:30.538+0000] {processor.py:840} INFO - DAG(s) 'pipeline_economia_br' retrieved from /opt/airflow/dags/pipeline_economia.py
[2026-06-29T22:42:30.557+0000] {logging_mixin.py:188} INFO - [2026-06-29T22:42:30.556+0000] {dag.py:3096} INFO - Sync 1 DAGs
[2026-06-29T22:42:30.572+0000] {logging_mixin.py:188} INFO - [2026-06-29T22:42:30.571+0000] {dag.py:3954} INFO - Setting next_dagrun for pipeline_economia_br to 2026-06-28 08:00:00+00:00, run_after=2026-06-29 08:00:00+00:00
[2026-06-29T22:42:30.585+0000] {processor.py:183} INFO - Processing /opt/airflow/dags/pipeline_economia.py took 0.579 seconds
[2026-06-29T22:43:00.839+0000] {processor.py:161} INFO - Started process (PID=1591) to work on /opt/airflow/dags/pipeline_economia.py
[2026-06-29T22:43:00.840+0000] {processor.py:830} INFO - Processing file /opt/airflow/dags/pipeline_economia.py for tasks to queue
[2026-06-29T22:43:00.842+0000] {logging_mixin.py:188} INFO - [2026-06-29T22:43:00.842+0000] {dagbag.py:540} INFO - Filling up the DagBag from /opt/airflow/dags/pipeline_economia.py
[2026-06-29T22:43:01.424+0000] {processor.py:840} INFO - DAG(s) 'pipeline_economia_br' retrieved from /opt/airflow/dags/pipeline_economia.py
[2026-06-29T22:43:01.448+0000] {logging_mixin.py:188} INFO - [2026-06-29T22:43:01.446+0000] {dag.py:3096} INFO - Sync 1 DAGs
[2026-06-29T22:43:01.463+0000] {logging_mixin.py:188} INFO - [2026-06-29T22:43:01.463+0000] {dag.py:3954} INFO - Setting next_dagrun for pipeline_economia_br to 2026-06-28 08:00:00+00:00, run_after=2026-06-29 08:00:00+00:00
[2026-06-29T22:43:01.482+0000] {processor.py:183} INFO - Processing /opt/airflow/dags/pipeline_economia.py took 0.648 seconds
[2026-06-29T22:43:31.723+0000] {processor.py:161} INFO - Started process (PID=1598) to work on /opt/airflow/dags/pipeline_economia.py
[2026-06-29T22:43:31.724+0000] {processor.py:830} INFO - Processing file /opt/airflow/dags/pipeline_economia.py for tasks to queue
[2026-06-29T22:43:31.725+0000] {logging_mixin.py:188} INFO - [2026-06-29T22:43:31.725+0000] {dagbag.py:540} INFO - Filling up the DagBag from /opt/airflow/dags/pipeline_economia.py
[2026-06-29T22:43:32.351+0000] {processor.py:840} INFO - DAG(s) 'pipeline_economia_br' retrieved from /opt/airflow/dags/pipeline_economia.py
[2026-06-29T22:43:32.376+0000] {logging_mixin.py:188} INFO - [2026-06-29T22:43:32.375+0000] {dag.py:3096} INFO - Sync 1 DAGs
[2026-06-29T22:43:32.389+0000] {logging_mixin.py:188} INFO - [2026-06-29T22:43:32.389+0000] {dag.py:3954} INFO - Setting next_dagrun for pipeline_economia_br to 2026-06-28 08:00:00+00:00, run_after=2026-06-29 08:00:00+00:00
[2026-06-29T22:43:32.403+0000] {processor.py:183} INFO - Processing /opt/airflow/dags/pipeline_economia.py took 0.686 seconds
[2026-06-29T22:44:02.667+0000] {processor.py:161} INFO - Started process (PID=1605) to work on /opt/airflow/dags/pipeline_economia.py
[2026-06-29T22:44:02.669+0000] {processor.py:830} INFO - Processing file /opt/airflow/dags/pipeline_economia.py for tasks to queue
[2026-06-29T22:44:02.671+0000] {logging_mixin.py:188} INFO - [2026-06-29T22:44:02.670+0000] {dagbag.py:540} INFO - Filling up the DagBag from /opt/airflow/dags/pipeline_economia.py
[2026-06-29T22:44:03.213+0000] {processor.py:840} INFO - DAG(s) 'pipeline_economia_br' retrieved from /opt/airflow/dags/pipeline_economia.py
[2026-06-29T22:44:03.234+0000] {logging_mixin.py:188} INFO - [2026-06-29T22:44:03.234+0000] {dag.py:3096} INFO - Sync 1 DAGs
[2026-06-29T22:44:03.249+0000] {logging_mixin.py:188} INFO - [2026-06-29T22:44:03.249+0000] {dag.py:3954} INFO - Setting next_dagrun for pipeline_economia_br to 2026-06-28 08:00:00+00:00, run_after=2026-06-29 08:00:00+00:00
[2026-06-29T22:44:03.264+0000] {processor.py:183} INFO - Processing /opt/airflow/dags/pipeline_economia.py took 0.603 seconds
[2026-06-29T22:44:33.514+0000] {processor.py:161} INFO - Started process (PID=1612) to work on /opt/airflow/dags/pipeline_economia.py
[2026-06-29T22:44:33.515+0000] {processor.py:830} INFO - Processing file /opt/airflow/dags/pipeline_economia.py for tasks to queue
[2026-06-29T22:44:33.517+0000] {logging_mixin.py:188} INFO - [2026-06-29T22:44:33.517+0000] {dagbag.py:540} INFO - Filling up the DagBag from /opt/airflow/dags/pipeline_economia.py
[2026-06-29T22:44:34.060+0000] {processor.py:840} INFO - DAG(s) 'pipeline_economia_br' retrieved from /opt/airflow/dags/pipeline_economia.py
[2026-06-29T22:44:34.078+0000] {logging_mixin.py:188} INFO - [2026-06-29T22:44:34.078+0000] {dag.py:3096} INFO - Sync 1 DAGs
[2026-06-29T22:44:34.093+0000] {logging_mixin.py:188} INFO - [2026-06-29T22:44:34.093+0000] {dag.py:3954} INFO - Setting next_dagrun for pipeline_economia_br to 2026-06-28 08:00:00+00:00, run_after=2026-06-29 08:00:00+00:00
[2026-06-29T22:44:34.108+0000] {processor.py:183} INFO - Processing /opt/airflow/dags/pipeline_economia.py took 0.599 seconds
[2026-06-29T22:45:04.389+0000] {processor.py:161} INFO - Started process (PID=1619) to work on /opt/airflow/dags/pipeline_economia.py
[2026-06-29T22:45:04.390+0000] {processor.py:830} INFO - Processing file /opt/airflow/dags/pipeline_economia.py for tasks to queue
[2026-06-29T22:45:04.392+0000] {logging_mixin.py:188} INFO - [2026-06-29T22:45:04.391+0000] {dagbag.py:540} INFO - Filling up the DagBag from /opt/airflow/dags/pipeline_economia.py
[2026-06-29T22:45:04.951+0000] {processor.py:840} INFO - DAG(s) 'pipeline_economia_br' retrieved from /opt/airflow/dags/pipeline_economia.py
[2026-06-29T22:45:04.971+0000] {logging_mixin.py:188} INFO - [2026-06-29T22:45:04.971+0000] {dag.py:3096} INFO - Sync 1 DAGs
[2026-06-29T22:45:04.986+0000] {logging_mixin.py:188} INFO - [2026-06-29T22:45:04.986+0000] {dag.py:3954} INFO - Setting next_dagrun for pipeline_economia_br to 2026-06-28 08:00:00+00:00, run_after=2026-06-29 08:00:00+00:00
[2026-06-29T22:45:05.003+0000] {processor.py:183} INFO - Processing /opt/airflow/dags/pipeline_economia.py took 0.620 seconds
[2026-06-29T22:45:35.267+0000] {processor.py:161} INFO - Started process (PID=1626) to work on /opt/airflow/dags/pipeline_economia.py
[2026-06-29T22:45:35.269+0000] {processor.py:830} INFO - Processing file /opt/airflow/dags/pipeline_economia.py for tasks to queue
[2026-06-29T22:45:35.270+0000] {logging_mixin.py:188} INFO - [2026-06-29T22:45:35.270+0000] {dagbag.py:540} INFO - Filling up the DagBag from /opt/airflow/dags/pipeline_economia.py
[2026-06-29T22:45:35.942+0000] {processor.py:840} INFO - DAG(s) 'pipeline_economia_br' retrieved from /opt/airflow/dags/pipeline_economia.py
[2026-06-29T22:45:35.964+0000] {logging_mixin.py:188} INFO - [2026-06-29T22:45:35.964+0000] {dag.py:3096} INFO - Sync 1 DAGs
[2026-06-29T22:45:35.981+0000] {logging_mixin.py:188} INFO - [2026-06-29T22:45:35.981+0000] {dag.py:3954} INFO - Setting next_dagrun for pipeline_economia_br to 2026-06-28 08:00:00+00:00, run_after=2026-06-29 08:00:00+00:00
[2026-06-29T22:45:35.994+0000] {processor.py:183} INFO - Processing /opt/airflow/dags/pipeline_economia.py took 0.733 seconds
[2026-06-29T22:46:06.205+0000] {processor.py:161} INFO - Started process (PID=1633) to work on /opt/airflow/dags/pipeline_economia.py
[2026-06-29T22:46:06.207+0000] {processor.py:830} INFO - Processing file /opt/airflow/dags/pipeline_economia.py for tasks to queue
[2026-06-29T22:46:06.208+0000] {logging_mixin.py:188} INFO - [2026-06-29T22:46:06.208+0000] {dagbag.py:540} INFO - Filling up the DagBag from /opt/airflow/dags/pipeline_economia.py
[2026-06-29T22:46:06.725+0000] {processor.py:840} INFO - DAG(s) 'pipeline_economia_br' retrieved from /opt/airflow/dags/pipeline_economia.py
[2026-06-29T22:46:06.744+0000] {logging_mixin.py:188} INFO - [2026-06-29T22:46:06.742+0000] {dag.py:3096} INFO - Sync 1 DAGs
[2026-06-29T22:46:06.759+0000] {logging_mixin.py:188} INFO - [2026-06-29T22:46:06.759+0000] {dag.py:3954} INFO - Setting next_dagrun for pipeline_economia_br to 2026-06-28 08:00:00+00:00, run_after=2026-06-29 08:00:00+00:00
[2026-06-29T22:46:06.775+0000] {processor.py:183} INFO - Processing /opt/airflow/dags/pipeline_economia.py took 0.574 seconds
[2026-06-29T22:46:37.026+0000] {processor.py:161} INFO - Started process (PID=1640) to work on /opt/airflow/dags/pipeline_economia.py
[2026-06-29T22:46:37.028+0000] {processor.py:830} INFO - Processing file /opt/airflow/dags/pipeline_economia.py for tasks to queue
[2026-06-29T22:46:37.030+0000] {logging_mixin.py:188} INFO - [2026-06-29T22:46:37.030+0000] {dagbag.py:540} INFO - Filling up the DagBag from /opt/airflow/dags/pipeline_economia.py
[2026-06-29T22:46:37.566+0000] {processor.py:840} INFO - DAG(s) 'pipeline_economia_br' retrieved from /opt/airflow/dags/pipeline_economia.py
[2026-06-29T22:46:37.585+0000] {logging_mixin.py:188} INFO - [2026-06-29T22:46:37.585+0000] {dag.py:3096} INFO - Sync 1 DAGs
[2026-06-29T22:46:37.598+0000] {logging_mixin.py:188} INFO - [2026-06-29T22:46:37.598+0000] {dag.py:3954} INFO - Setting next_dagrun for pipeline_economia_br to 2026-06-28 08:00:00+00:00, run_after=2026-06-29 08:00:00+00:00
[2026-06-29T22:46:37.612+0000] {processor.py:183} INFO - Processing /opt/airflow/dags/pipeline_economia.py took 0.591 seconds
[2026-06-29T22:47:07.861+0000] {processor.py:161} INFO - Started process (PID=1647) to work on /opt/airflow/dags/pipeline_economia.py
[2026-06-29T22:47:07.862+0000] {processor.py:830} INFO - Processing file /opt/airflow/dags/pipeline_economia.py for tasks to queue
[2026-06-29T22:47:07.864+0000] {logging_mixin.py:188} INFO - [2026-06-29T22:47:07.864+0000] {dagbag.py:540} INFO - Filling up the DagBag from /opt/airflow/dags/pipeline_economia.py
[2026-06-29T22:47:08.489+0000] {processor.py:840} INFO - DAG(s) 'pipeline_economia_br' retrieved from /opt/airflow/dags/pipeline_economia.py
[2026-06-29T22:47:08.512+0000] {logging_mixin.py:188} INFO - [2026-06-29T22:47:08.511+0000] {dag.py:3096} INFO - Sync 1 DAGs
[2026-06-29T22:47:08.529+0000] {logging_mixin.py:188} INFO - [2026-06-29T22:47:08.529+0000] {dag.py:3954} INFO - Setting next_dagrun for pipeline_economia_br to 2026-06-28 08:00:00+00:00, run_after=2026-06-29 08:00:00+00:00
[2026-06-29T22:47:08.546+0000] {processor.py:183} INFO - Processing /opt/airflow/dags/pipeline_economia.py took 0.689 seconds
[2026-06-29T22:47:38.786+0000] {processor.py:161} INFO - Started process (PID=1654) to work on /opt/airflow/dags/pipeline_economia.py
[2026-06-29T22:47:38.787+0000] {processor.py:830} INFO - Processing file /opt/airflow/dags/pipeline_economia.py for tasks to queue
[2026-06-29T22:47:38.788+0000] {logging_mixin.py:188} INFO - [2026-06-29T22:47:38.788+0000] {dagbag.py:540} INFO - Filling up the DagBag from /opt/airflow/dags/pipeline_economia.py
[2026-06-29T22:47:39.381+0000] {processor.py:840} INFO - DAG(s) 'pipeline_economia_br' retrieved from /opt/airflow/dags/pipeline_economia.py
[2026-06-29T22:47:39.402+0000] {logging_mixin.py:188} INFO - [2026-06-29T22:47:39.402+0000] {dag.py:3096} INFO - Sync 1 DAGs
[2026-06-29T22:47:39.417+0000] {logging_mixin.py:188} INFO - [2026-06-29T22:47:39.417+0000] {dag.py:3954} INFO - Setting next_dagrun for pipeline_economia_br to 2026-06-28 08:00:00+00:00, run_after=2026-06-29 08:00:00+00:00
[2026-06-29T22:47:39.430+0000] {processor.py:183} INFO - Processing /opt/airflow/dags/pipeline_economia.py took 0.649 seconds
[2026-06-29T22:48:09.681+0000] {processor.py:161} INFO - Started process (PID=1661) to work on /opt/airflow/dags/pipeline_economia.py
[2026-06-29T22:48:09.682+0000] {processor.py:830} INFO - Processing file /opt/airflow/dags/pipeline_economia.py for tasks to queue
[2026-06-29T22:48:09.684+0000] {logging_mixin.py:188} INFO - [2026-06-29T22:48:09.684+0000] {dagbag.py:540} INFO - Filling up the DagBag from /opt/airflow/dags/pipeline_economia.py
[2026-06-29T22:48:10.240+0000] {processor.py:840} INFO - DAG(s) 'pipeline_economia_br' retrieved from /opt/airflow/dags/pipeline_economia.py
[2026-06-29T22:48:10.262+0000] {logging_mixin.py:188} INFO - [2026-06-29T22:48:10.262+0000] {dag.py:3096} INFO - Sync 1 DAGs
[2026-06-29T22:48:10.279+0000] {logging_mixin.py:188} INFO - [2026-06-29T22:48:10.279+0000] {dag.py:3954} INFO - Setting next_dagrun for pipeline_economia_br to 2026-06-28 08:00:00+00:00, run_after=2026-06-29 08:00:00+00:00
[2026-06-29T22:48:10.296+0000] {processor.py:183} INFO - Processing /opt/airflow/dags/pipeline_economia.py took 0.619 seconds
[2026-06-29T22:48:40.532+0000] {processor.py:161} INFO - Started process (PID=1668) to work on /opt/airflow/dags/pipeline_economia.py
[2026-06-29T22:48:40.533+0000] {processor.py:830} INFO - Processing file /opt/airflow/dags/pipeline_economia.py for tasks to queue
[2026-06-29T22:48:40.535+0000] {logging_mixin.py:188} INFO - [2026-06-29T22:48:40.534+0000] {dagbag.py:540} INFO - Filling up the DagBag from /opt/airflow/dags/pipeline_economia.py
[2026-06-29T22:48:41.275+0000] {processor.py:840} INFO - DAG(s) 'pipeline_economia_br' retrieved from /opt/airflow/dags/pipeline_economia.py
[2026-06-29T22:48:41.299+0000] {logging_mixin.py:188} INFO - [2026-06-29T22:48:41.299+0000] {dag.py:3096} INFO - Sync 1 DAGs
[2026-06-29T22:48:41.316+0000] {logging_mixin.py:188} INFO - [2026-06-29T22:48:41.315+0000] {dag.py:3954} INFO - Setting next_dagrun for pipeline_economia_br to 2026-06-28 08:00:00+00:00, run_after=2026-06-29 08:00:00+00:00
[2026-06-29T22:48:41.330+0000] {processor.py:183} INFO - Processing /opt/airflow/dags/pipeline_economia.py took 0.807 seconds
[2026-06-29T22:49:11.611+0000] {processor.py:161} INFO - Started process (PID=1675) to work on /opt/airflow/dags/pipeline_economia.py
[2026-06-29T22:49:11.613+0000] {processor.py:830} INFO - Processing file /opt/airflow/dags/pipeline_economia.py for tasks to queue
[2026-06-29T22:49:11.614+0000] {logging_mixin.py:188} INFO - [2026-06-29T22:49:11.614+0000] {dagbag.py:540} INFO - Filling up the DagBag from /opt/airflow/dags/pipeline_economia.py
[2026-06-29T22:49:12.157+0000] {processor.py:840} INFO - DAG(s) 'pipeline_economia_br' retrieved from /opt/airflow/dags/pipeline_economia.py
[2026-06-29T22:49:12.178+0000] {logging_mixin.py:188} INFO - [2026-06-29T22:49:12.176+0000] {dag.py:3096} INFO - Sync 1 DAGs
[2026-06-29T22:49:12.192+0000] {logging_mixin.py:188} INFO - [2026-06-29T22:49:12.192+0000] {dag.py:3954} INFO - Setting next_dagrun for pipeline_economia_br to 2026-06-28 08:00:00+00:00, run_after=2026-06-29 08:00:00+00:00
[2026-06-29T22:49:12.209+0000] {processor.py:183} INFO - Processing /opt/airflow/dags/pipeline_economia.py took 0.602 seconds
[2026-06-29T22:49:42.450+0000] {processor.py:161} INFO - Started process (PID=1682) to work on /opt/airflow/dags/pipeline_economia.py
[2026-06-29T22:49:42.451+0000] {processor.py:830} INFO - Processing file /opt/airflow/dags/pipeline_economia.py for tasks to queue
[2026-06-29T22:49:42.453+0000] {logging_mixin.py:188} INFO - [2026-06-29T22:49:42.453+0000] {dagbag.py:540} INFO - Filling up the DagBag from /opt/airflow/dags/pipeline_economia.py
[2026-06-29T22:49:43.217+0000] {processor.py:840} INFO - DAG(s) 'pipeline_economia_br' retrieved from /opt/airflow/dags/pipeline_economia.py
[2026-06-29T22:49:43.246+0000] {logging_mixin.py:188} INFO - [2026-06-29T22:49:43.245+0000] {dag.py:3096} INFO - Sync 1 DAGs
[2026-06-29T22:49:43.262+0000] {logging_mixin.py:188} INFO - [2026-06-29T22:49:43.262+0000] {dag.py:3954} INFO - Setting next_dagrun for pipeline_economia_br to 2026-06-28 08:00:00+00:00, run_after=2026-06-29 08:00:00+00:00
[2026-06-29T22:49:43.276+0000] {processor.py:183} INFO - Processing /opt/airflow/dags/pipeline_economia.py took 0.832 seconds
[2026-06-29T22:50:13.521+0000] {processor.py:161} INFO - Started process (PID=1689) to work on /opt/airflow/dags/pipeline_economia.py
[2026-06-29T22:50:13.522+0000] {processor.py:830} INFO - Processing file /opt/airflow/dags/pipeline_economia.py for tasks to queue
[2026-06-29T22:50:13.524+0000] {logging_mixin.py:188} INFO - [2026-06-29T22:50:13.523+0000] {dagbag.py:540} INFO - Filling up the DagBag from /opt/airflow/dags/pipeline_economia.py
[2026-06-29T22:50:14.094+0000] {processor.py:840} INFO - DAG(s) 'pipeline_economia_br' retrieved from /opt/airflow/dags/pipeline_economia.py
[2026-06-29T22:50:14.115+0000] {logging_mixin.py:188} INFO - [2026-06-29T22:50:14.115+0000] {dag.py:3096} INFO - Sync 1 DAGs
[2026-06-29T22:50:14.129+0000] {logging_mixin.py:188} INFO - [2026-06-29T22:50:14.129+0000] {dag.py:3954} INFO - Setting next_dagrun for pipeline_economia_br to 2026-06-28 08:00:00+00:00, run_after=2026-06-29 08:00:00+00:00
[2026-06-29T22:50:14.144+0000] {processor.py:183} INFO - Processing /opt/airflow/dags/pipeline_economia.py took 0.628 seconds
[2026-06-29T22:50:44.398+0000] {processor.py:161} INFO - Started process (PID=1696) to work on /opt/airflow/dags/pipeline_economia.py
[2026-06-29T22:50:44.399+0000] {processor.py:830} INFO - Processing file /opt/airflow/dags/pipeline_economia.py for tasks to queue
[2026-06-29T22:50:44.401+0000] {logging_mixin.py:188} INFO - [2026-06-29T22:50:44.400+0000] {dagbag.py:540} INFO - Filling up the DagBag from /opt/airflow/dags/pipeline_economia.py
[2026-06-29T22:50:45.116+0000] {processor.py:840} INFO - DAG(s) 'pipeline_economia_br' retrieved from /opt/airflow/dags/pipeline_economia.py
[2026-06-29T22:50:45.142+0000] {logging_mixin.py:188} INFO - [2026-06-29T22:50:45.141+0000] {dag.py:3096} INFO - Sync 1 DAGs
[2026-06-29T22:50:45.156+0000] {logging_mixin.py:188} INFO - [2026-06-29T22:50:45.156+0000] {dag.py:3954} INFO - Setting next_dagrun for pipeline_economia_br to 2026-06-28 08:00:00+00:00, run_after=2026-06-29 08:00:00+00:00
[2026-06-29T22:50:45.169+0000] {processor.py:183} INFO - Processing /opt/airflow/dags/pipeline_economia.py took 0.778 seconds
[2026-06-29T22:51:15.424+0000] {processor.py:161} INFO - Started process (PID=1703) to work on /opt/airflow/dags/pipeline_economia.py
[2026-06-29T22:51:15.425+0000] {processor.py:830} INFO - Processing file /opt/airflow/dags/pipeline_economia.py for tasks to queue
[2026-06-29T22:51:15.427+0000] {logging_mixin.py:188} INFO - [2026-06-29T22:51:15.427+0000] {dagbag.py:540} INFO - Filling up the DagBag from /opt/airflow/dags/pipeline_economia.py
[2026-06-29T22:51:15.987+0000] {processor.py:840} INFO - DAG(s) 'pipeline_economia_br' retrieved from /opt/airflow/dags/pipeline_economia.py
[2026-06-29T22:51:16.010+0000] {logging_mixin.py:188} INFO - [2026-06-29T22:51:16.009+0000] {dag.py:3096} INFO - Sync 1 DAGs
[2026-06-29T22:51:16.025+0000] {logging_mixin.py:188} INFO - [2026-06-29T22:51:16.025+0000] {dag.py:3954} INFO - Setting next_dagrun for pipeline_economia_br to 2026-06-28 08:00:00+00:00, run_after=2026-06-29 08:00:00+00:00
[2026-06-29T22:51:16.040+0000] {processor.py:183} INFO - Processing /opt/airflow/dags/pipeline_economia.py took 0.620 seconds
[2026-06-29T22:51:46.156+0000] {processor.py:161} INFO - Started process (PID=1710) to work on /opt/airflow/dags/pipeline_economia.py
[2026-06-29T22:51:46.157+0000] {processor.py:830} INFO - Processing file /opt/airflow/dags/pipeline_economia.py for tasks to queue
[2026-06-29T22:51:46.159+0000] {logging_mixin.py:188} INFO - [2026-06-29T22:51:46.158+0000] {dagbag.py:540} INFO - Filling up the DagBag from /opt/airflow/dags/pipeline_economia.py
[2026-06-29T22:51:46.873+0000] {processor.py:840} INFO - DAG(s) 'pipeline_economia_br' retrieved from /opt/airflow/dags/pipeline_economia.py
[2026-06-29T22:51:46.898+0000] {logging_mixin.py:188} INFO - [2026-06-29T22:51:46.898+0000] {dag.py:3096} INFO - Sync 1 DAGs
[2026-06-29T22:51:46.914+0000] {logging_mixin.py:188} INFO - [2026-06-29T22:51:46.914+0000] {dag.py:3954} INFO - Setting next_dagrun for pipeline_economia_br to 2026-06-28 08:00:00+00:00, run_after=2026-06-29 08:00:00+00:00
[2026-06-29T22:51:46.928+0000] {processor.py:183} INFO - Processing /opt/airflow/dags/pipeline_economia.py took 0.779 seconds
[2026-06-29T22:52:17.161+0000] {processor.py:161} INFO - Started process (PID=1717) to work on /opt/airflow/dags/pipeline_economia.py
[2026-06-29T22:52:17.162+0000] {processor.py:830} INFO - Processing file /opt/airflow/dags/pipeline_economia.py for tasks to queue
[2026-06-29T22:52:17.164+0000] {logging_mixin.py:188} INFO - [2026-06-29T22:52:17.164+0000] {dagbag.py:540} INFO - Filling up the DagBag from /opt/airflow/dags/pipeline_economia.py
[2026-06-29T22:52:17.691+0000] {processor.py:840} INFO - DAG(s) 'pipeline_economia_br' retrieved from /opt/airflow/dags/pipeline_economia.py
[2026-06-29T22:52:17.711+0000] {logging_mixin.py:188} INFO - [2026-06-29T22:52:17.710+0000] {dag.py:3096} INFO - Sync 1 DAGs
[2026-06-29T22:52:17.725+0000] {logging_mixin.py:188} INFO - [2026-06-29T22:52:17.725+0000] {dag.py:3954} INFO - Setting next_dagrun for pipeline_economia_br to 2026-06-28 08:00:00+00:00, run_after=2026-06-29 08:00:00+00:00
[2026-06-29T22:52:17.738+0000] {processor.py:183} INFO - Processing /opt/airflow/dags/pipeline_economia.py took 0.582 seconds
[2026-06-29T22:52:47.980+0000] {processor.py:161} INFO - Started process (PID=1724) to work on /opt/airflow/dags/pipeline_economia.py
[2026-06-29T22:52:47.981+0000] {processor.py:830} INFO - Processing file /opt/airflow/dags/pipeline_economia.py for tasks to queue
[2026-06-29T22:52:47.982+0000] {logging_mixin.py:188} INFO - [2026-06-29T22:52:47.982+0000] {dagbag.py:540} INFO - Filling up the DagBag from /opt/airflow/dags/pipeline_economia.py
[2026-06-29T22:52:48.682+0000] {processor.py:840} INFO - DAG(s) 'pipeline_economia_br' retrieved from /opt/airflow/dags/pipeline_economia.py
[2026-06-29T22:52:48.707+0000] {logging_mixin.py:188} INFO - [2026-06-29T22:52:48.707+0000] {dag.py:3096} INFO - Sync 1 DAGs
[2026-06-29T22:52:48.722+0000] {logging_mixin.py:188} INFO - [2026-06-29T22:52:48.721+0000] {dag.py:3954} INFO - Setting next_dagrun for pipeline_economia_br to 2026-06-28 08:00:00+00:00, run_after=2026-06-29 08:00:00+00:00
[2026-06-29T22:52:48.736+0000] {processor.py:183} INFO - Processing /opt/airflow/dags/pipeline_economia.py took 0.762 seconds
[2026-06-29T22:53:18.902+0000] {processor.py:161} INFO - Started process (PID=1731) to work on /opt/airflow/dags/pipeline_economia.py
[2026-06-29T22:53:18.903+0000] {processor.py:830} INFO - Processing file /opt/airflow/dags/pipeline_economia.py for tasks to queue
[2026-06-29T22:53:18.905+0000] {logging_mixin.py:188} INFO - [2026-06-29T22:53:18.904+0000] {dagbag.py:540} INFO - Filling up the DagBag from /opt/airflow/dags/pipeline_economia.py
[2026-06-29T22:53:19.484+0000] {processor.py:840} INFO - DAG(s) 'pipeline_economia_br' retrieved from /opt/airflow/dags/pipeline_economia.py
[2026-06-29T22:53:19.508+0000] {logging_mixin.py:188} INFO - [2026-06-29T22:53:19.507+0000] {dag.py:3096} INFO - Sync 1 DAGs
[2026-06-29T22:53:19.524+0000] {logging_mixin.py:188} INFO - [2026-06-29T22:53:19.524+0000] {dag.py:3954} INFO - Setting next_dagrun for pipeline_economia_br to 2026-06-28 08:00:00+00:00, run_after=2026-06-29 08:00:00+00:00
[2026-06-29T22:53:19.542+0000] {processor.py:183} INFO - Processing /opt/airflow/dags/pipeline_economia.py took 0.645 seconds
[2026-06-29T22:53:49.801+0000] {processor.py:161} INFO - Started process (PID=1738) to work on /opt/airflow/dags/pipeline_economia.py
[2026-06-29T22:53:49.802+0000] {processor.py:830} INFO - Processing file /opt/airflow/dags/pipeline_economia.py for tasks to queue
[2026-06-29T22:53:49.803+0000] {logging_mixin.py:188} INFO - [2026-06-29T22:53:49.803+0000] {dagbag.py:540} INFO - Filling up the DagBag from /opt/airflow/dags/pipeline_economia.py
[2026-06-29T22:53:50.385+0000] {processor.py:840} INFO - DAG(s) 'pipeline_economia_br' retrieved from /opt/airflow/dags/pipeline_economia.py
[2026-06-29T22:53:50.409+0000] {logging_mixin.py:188} INFO - [2026-06-29T22:53:50.409+0000] {dag.py:3096} INFO - Sync 1 DAGs
[2026-06-29T22:53:50.426+0000] {logging_mixin.py:188} INFO - [2026-06-29T22:53:50.425+0000] {dag.py:3954} INFO - Setting next_dagrun for pipeline_economia_br to 2026-06-28 08:00:00+00:00, run_after=2026-06-29 08:00:00+00:00
[2026-06-29T22:53:50.439+0000] {processor.py:183} INFO - Processing /opt/airflow/dags/pipeline_economia.py took 0.643 seconds
[2026-06-29T22:54:20.708+0000] {processor.py:161} INFO - Started process (PID=1745) to work on /opt/airflow/dags/pipeline_economia.py
[2026-06-29T22:54:20.709+0000] {processor.py:830} INFO - Processing file /opt/airflow/dags/pipeline_economia.py for tasks to queue
[2026-06-29T22:54:20.711+0000] {logging_mixin.py:188} INFO - [2026-06-29T22:54:20.711+0000] {dagbag.py:540} INFO - Filling up the DagBag from /opt/airflow/dags/pipeline_economia.py
[2026-06-29T22:54:21.252+0000] {processor.py:840} INFO - DAG(s) 'pipeline_economia_br' retrieved from /opt/airflow/dags/pipeline_economia.py
[2026-06-29T22:54:21.280+0000] {logging_mixin.py:188} INFO - [2026-06-29T22:54:21.279+0000] {dag.py:3096} INFO - Sync 1 DAGs
[2026-06-29T22:54:21.295+0000] {logging_mixin.py:188} INFO - [2026-06-29T22:54:21.295+0000] {dag.py:3954} INFO - Setting next_dagrun for pipeline_economia_br to 2026-06-28 08:00:00+00:00, run_after=2026-06-29 08:00:00+00:00
[2026-06-29T22:54:21.312+0000] {processor.py:183} INFO - Processing /opt/airflow/dags/pipeline_economia.py took 0.608 seconds
[2026-06-29T22:54:51.579+0000] {processor.py:161} INFO - Started process (PID=1752) to work on /opt/airflow/dags/pipeline_economia.py
[2026-06-29T22:54:51.580+0000] {processor.py:830} INFO - Processing file /opt/airflow/dags/pipeline_economia.py for tasks to queue
[2026-06-29T22:54:51.582+0000] {logging_mixin.py:188} INFO - [2026-06-29T22:54:51.581+0000] {dagbag.py:540} INFO - Filling up the DagBag from /opt/airflow/dags/pipeline_economia.py
[2026-06-29T22:54:52.336+0000] {processor.py:840} INFO - DAG(s) 'pipeline_economia_br' retrieved from /opt/airflow/dags/pipeline_economia.py
[2026-06-29T22:54:52.362+0000] {logging_mixin.py:188} INFO - [2026-06-29T22:54:52.361+0000] {dag.py:3096} INFO - Sync 1 DAGs
[2026-06-29T22:54:52.379+0000] {logging_mixin.py:188} INFO - [2026-06-29T22:54:52.379+0000] {dag.py:3954} INFO - Setting next_dagrun for pipeline_economia_br to 2026-06-28 08:00:00+00:00, run_after=2026-06-29 08:00:00+00:00
[2026-06-29T22:54:52.393+0000] {processor.py:183} INFO - Processing /opt/airflow/dags/pipeline_economia.py took 0.821 seconds
[2026-06-29T22:55:22.618+0000] {processor.py:161} INFO - Started process (PID=1759) to work on /opt/airflow/dags/pipeline_economia.py
[2026-06-29T22:55:22.620+0000] {processor.py:830} INFO - Processing file /opt/airflow/dags/pipeline_economia.py for tasks to queue
[2026-06-29T22:55:22.621+0000] {logging_mixin.py:188} INFO - [2026-06-29T22:55:22.621+0000] {dagbag.py:540} INFO - Filling up the DagBag from /opt/airflow/dags/pipeline_economia.py
[2026-06-29T22:55:23.417+0000] {processor.py:840} INFO - DAG(s) 'pipeline_economia_br' retrieved from /opt/airflow/dags/pipeline_economia.py
[2026-06-29T22:55:23.444+0000] {logging_mixin.py:188} INFO - [2026-06-29T22:55:23.442+0000] {dag.py:3096} INFO - Sync 1 DAGs
[2026-06-29T22:55:23.459+0000] {logging_mixin.py:188} INFO - [2026-06-29T22:55:23.459+0000] {dag.py:3954} INFO - Setting next_dagrun for pipeline_economia_br to 2026-06-28 08:00:00+00:00, run_after=2026-06-29 08:00:00+00:00
[2026-06-29T22:55:23.472+0000] {processor.py:183} INFO - Processing /opt/airflow/dags/pipeline_economia.py took 0.858 seconds
[2026-06-29T22:55:53.723+0000] {processor.py:161} INFO - Started process (PID=1766) to work on /opt/airflow/dags/pipeline_economia.py
[2026-06-29T22:55:53.724+0000] {processor.py:830} INFO - Processing file /opt/airflow/dags/pipeline_economia.py for tasks to queue
[2026-06-29T22:55:53.726+0000] {logging_mixin.py:188} INFO - [2026-06-29T22:55:53.725+0000] {dagbag.py:540} INFO - Filling up the DagBag from /opt/airflow/dags/pipeline_economia.py
[2026-06-29T22:55:54.426+0000] {processor.py:840} INFO - DAG(s) 'pipeline_economia_br' retrieved from /opt/airflow/dags/pipeline_economia.py
[2026-06-29T22:55:54.450+0000] {logging_mixin.py:188} INFO - [2026-06-29T22:55:54.450+0000] {dag.py:3096} INFO - Sync 1 DAGs
[2026-06-29T22:55:54.463+0000] {logging_mixin.py:188} INFO - [2026-06-29T22:55:54.463+0000] {dag.py:3954} INFO - Setting next_dagrun for pipeline_economia_br to 2026-06-28 08:00:00+00:00, run_after=2026-06-29 08:00:00+00:00
[2026-06-29T22:55:54.477+0000] {processor.py:183} INFO - Processing /opt/airflow/dags/pipeline_economia.py took 0.761 seconds
[2026-06-29T22:56:24.560+0000] {processor.py:161} INFO - Started process (PID=1773) to work on /opt/airflow/dags/pipeline_economia.py
[2026-06-29T22:56:24.561+0000] {processor.py:830} INFO - Processing file /opt/airflow/dags/pipeline_economia.py for tasks to queue
[2026-06-29T22:56:24.562+0000] {logging_mixin.py:188} INFO - [2026-06-29T22:56:24.562+0000] {dagbag.py:540} INFO - Filling up the DagBag from /opt/airflow/dags/pipeline_economia.py
[2026-06-29T22:56:25.128+0000] {processor.py:840} INFO - DAG(s) 'pipeline_economia_br' retrieved from /opt/airflow/dags/pipeline_economia.py
[2026-06-29T22:56:25.148+0000] {logging_mixin.py:188} INFO - [2026-06-29T22:56:25.147+0000] {dag.py:3096} INFO - Sync 1 DAGs
[2026-06-29T22:56:25.161+0000] {logging_mixin.py:188} INFO - [2026-06-29T22:56:25.161+0000] {dag.py:3954} INFO - Setting next_dagrun for pipeline_economia_br to 2026-06-28 08:00:00+00:00, run_after=2026-06-29 08:00:00+00:00
[2026-06-29T22:56:25.175+0000] {processor.py:183} INFO - Processing /opt/airflow/dags/pipeline_economia.py took 0.621 seconds
[2026-06-29T22:56:55.436+0000] {processor.py:161} INFO - Started process (PID=1780) to work on /opt/airflow/dags/pipeline_economia.py
[2026-06-29T22:56:55.438+0000] {processor.py:830} INFO - Processing file /opt/airflow/dags/pipeline_economia.py for tasks to queue
[2026-06-29T22:56:55.439+0000] {logging_mixin.py:188} INFO - [2026-06-29T22:56:55.439+0000] {dagbag.py:540} INFO - Filling up the DagBag from /opt/airflow/dags/pipeline_economia.py
[2026-06-29T22:56:56.006+0000] {processor.py:840} INFO - DAG(s) 'pipeline_economia_br' retrieved from /opt/airflow/dags/pipeline_economia.py
[2026-06-29T22:56:56.025+0000] {logging_mixin.py:188} INFO - [2026-06-29T22:56:56.025+0000] {dag.py:3096} INFO - Sync 1 DAGs
[2026-06-29T22:56:56.038+0000] {logging_mixin.py:188} INFO - [2026-06-29T22:56:56.038+0000] {dag.py:3954} INFO - Setting next_dagrun for pipeline_economia_br to 2026-06-28 08:00:00+00:00, run_after=2026-06-29 08:00:00+00:00
[2026-06-29T22:56:56.052+0000] {processor.py:183} INFO - Processing /opt/airflow/dags/pipeline_economia.py took 0.621 seconds
[2026-06-29T22:57:26.194+0000] {processor.py:161} INFO - Started process (PID=1787) to work on /opt/airflow/dags/pipeline_economia.py
[2026-06-29T22:57:26.195+0000] {processor.py:830} INFO - Processing file /opt/airflow/dags/pipeline_economia.py for tasks to queue
[2026-06-29T22:57:26.197+0000] {logging_mixin.py:188} INFO - [2026-06-29T22:57:26.196+0000] {dagbag.py:540} INFO - Filling up the DagBag from /opt/airflow/dags/pipeline_economia.py
[2026-06-29T22:57:26.751+0000] {processor.py:840} INFO - DAG(s) 'pipeline_economia_br' retrieved from /opt/airflow/dags/pipeline_economia.py
[2026-06-29T22:57:26.772+0000] {logging_mixin.py:188} INFO - [2026-06-29T22:57:26.772+0000] {dag.py:3096} INFO - Sync 1 DAGs
[2026-06-29T22:57:26.787+0000] {logging_mixin.py:188} INFO - [2026-06-29T22:57:26.787+0000] {dag.py:3954} INFO - Setting next_dagrun for pipeline_economia_br to 2026-06-28 08:00:00+00:00, run_after=2026-06-29 08:00:00+00:00
[2026-06-29T22:57:26.803+0000] {processor.py:183} INFO - Processing /opt/airflow/dags/pipeline_economia.py took 0.614 seconds
[2026-06-29T22:57:57.061+0000] {processor.py:161} INFO - Started process (PID=1794) to work on /opt/airflow/dags/pipeline_economia.py
[2026-06-29T22:57:57.062+0000] {processor.py:830} INFO - Processing file /opt/airflow/dags/pipeline_economia.py for tasks to queue
[2026-06-29T22:57:57.064+0000] {logging_mixin.py:188} INFO - [2026-06-29T22:57:57.064+0000] {dagbag.py:540} INFO - Filling up the DagBag from /opt/airflow/dags/pipeline_economia.py
[2026-06-29T22:57:57.591+0000] {processor.py:840} INFO - DAG(s) 'pipeline_economia_br' retrieved from /opt/airflow/dags/pipeline_economia.py
[2026-06-29T22:57:57.611+0000] {logging_mixin.py:188} INFO - [2026-06-29T22:57:57.611+0000] {dag.py:3096} INFO - Sync 1 DAGs
[2026-06-29T22:57:57.625+0000] {logging_mixin.py:188} INFO - [2026-06-29T22:57:57.625+0000] {dag.py:3954} INFO - Setting next_dagrun for pipeline_economia_br to 2026-06-28 08:00:00+00:00, run_after=2026-06-29 08:00:00+00:00
[2026-06-29T22:57:57.639+0000] {processor.py:183} INFO - Processing /opt/airflow/dags/pipeline_economia.py took 0.583 seconds
[2026-06-29T22:58:27.771+0000] {processor.py:161} INFO - Started process (PID=1801) to work on /opt/airflow/dags/pipeline_economia.py
[2026-06-29T22:58:27.772+0000] {processor.py:830} INFO - Processing file /opt/airflow/dags/pipeline_economia.py for tasks to queue
[2026-06-29T22:58:27.774+0000] {logging_mixin.py:188} INFO - [2026-06-29T22:58:27.774+0000] {dagbag.py:540} INFO - Filling up the DagBag from /opt/airflow/dags/pipeline_economia.py
[2026-06-29T22:58:28.402+0000] {processor.py:840} INFO - DAG(s) 'pipeline_economia_br' retrieved from /opt/airflow/dags/pipeline_economia.py
[2026-06-29T22:58:28.424+0000] {logging_mixin.py:188} INFO - [2026-06-29T22:58:28.423+0000] {dag.py:3096} INFO - Sync 1 DAGs
[2026-06-29T22:58:28.438+0000] {logging_mixin.py:188} INFO - [2026-06-29T22:58:28.438+0000] {dag.py:3954} INFO - Setting next_dagrun for pipeline_economia_br to 2026-06-28 08:00:00+00:00, run_after=2026-06-29 08:00:00+00:00
[2026-06-29T22:58:28.451+0000] {processor.py:183} INFO - Processing /opt/airflow/dags/pipeline_economia.py took 0.686 seconds
[2026-06-29T22:58:58.743+0000] {processor.py:161} INFO - Started process (PID=1808) to work on /opt/airflow/dags/pipeline_economia.py
[2026-06-29T22:58:58.745+0000] {processor.py:830} INFO - Processing file /opt/airflow/dags/pipeline_economia.py for tasks to queue
[2026-06-29T22:58:58.746+0000] {logging_mixin.py:188} INFO - [2026-06-29T22:58:58.746+0000] {dagbag.py:540} INFO - Filling up the DagBag from /opt/airflow/dags/pipeline_economia.py
[2026-06-29T22:58:59.260+0000] {processor.py:840} INFO - DAG(s) 'pipeline_economia_br' retrieved from /opt/airflow/dags/pipeline_economia.py
[2026-06-29T22:58:59.280+0000] {logging_mixin.py:188} INFO - [2026-06-29T22:58:59.279+0000] {dag.py:3096} INFO - Sync 1 DAGs
[2026-06-29T22:58:59.293+0000] {logging_mixin.py:188} INFO - [2026-06-29T22:58:59.293+0000] {dag.py:3954} INFO - Setting next_dagrun for pipeline_economia_br to 2026-06-28 08:00:00+00:00, run_after=2026-06-29 08:00:00+00:00
[2026-06-29T22:58:59.308+0000] {processor.py:183} INFO - Processing /opt/airflow/dags/pipeline_economia.py took 0.571 seconds
[2026-06-29T22:59:29.535+0000] {processor.py:161} INFO - Started process (PID=1815) to work on /opt/airflow/dags/pipeline_economia.py
[2026-06-29T22:59:29.537+0000] {processor.py:830} INFO - Processing file /opt/airflow/dags/pipeline_economia.py for tasks to queue
[2026-06-29T22:59:29.539+0000] {logging_mixin.py:188} INFO - [2026-06-29T22:59:29.539+0000] {dagbag.py:540} INFO - Filling up the DagBag from /opt/airflow/dags/pipeline_economia.py
[2026-06-29T22:59:30.273+0000] {processor.py:840} INFO - DAG(s) 'pipeline_economia_br' retrieved from /opt/airflow/dags/pipeline_economia.py
[2026-06-29T22:59:30.295+0000] {logging_mixin.py:188} INFO - [2026-06-29T22:59:30.295+0000] {dag.py:3096} INFO - Sync 1 DAGs
[2026-06-29T22:59:30.309+0000] {logging_mixin.py:188} INFO - [2026-06-29T22:59:30.308+0000] {dag.py:3954} INFO - Setting next_dagrun for pipeline_economia_br to 2026-06-28 08:00:00+00:00, run_after=2026-06-29 08:00:00+00:00
[2026-06-29T22:59:30.320+0000] {processor.py:183} INFO - Processing /opt/airflow/dags/pipeline_economia.py took 0.792 seconds
[2026-06-29T23:00:00.483+0000] {processor.py:161} INFO - Started process (PID=1822) to work on /opt/airflow/dags/pipeline_economia.py
[2026-06-29T23:00:00.484+0000] {processor.py:830} INFO - Processing file /opt/airflow/dags/pipeline_economia.py for tasks to queue
[2026-06-29T23:00:00.486+0000] {logging_mixin.py:188} INFO - [2026-06-29T23:00:00.486+0000] {dagbag.py:540} INFO - Filling up the DagBag from /opt/airflow/dags/pipeline_economia.py
[2026-06-29T23:00:01.015+0000] {processor.py:840} INFO - DAG(s) 'pipeline_economia_br' retrieved from /opt/airflow/dags/pipeline_economia.py
[2026-06-29T23:00:01.035+0000] {logging_mixin.py:188} INFO - [2026-06-29T23:00:01.034+0000] {dag.py:3096} INFO - Sync 1 DAGs
[2026-06-29T23:00:01.051+0000] {logging_mixin.py:188} INFO - [2026-06-29T23:00:01.051+0000] {dag.py:3954} INFO - Setting next_dagrun for pipeline_economia_br to 2026-06-28 08:00:00+00:00, run_after=2026-06-29 08:00:00+00:00
[2026-06-29T23:00:01.066+0000] {processor.py:183} INFO - Processing /opt/airflow/dags/pipeline_economia.py took 0.588 seconds
[2026-06-29T23:00:31.312+0000] {processor.py:161} INFO - Started process (PID=1829) to work on /opt/airflow/dags/pipeline_economia.py
[2026-06-29T23:00:31.313+0000] {processor.py:830} INFO - Processing file /opt/airflow/dags/pipeline_economia.py for tasks to queue
[2026-06-29T23:00:31.315+0000] {logging_mixin.py:188} INFO - [2026-06-29T23:00:31.314+0000] {dagbag.py:540} INFO - Filling up the DagBag from /opt/airflow/dags/pipeline_economia.py
[2026-06-29T23:00:31.976+0000] {processor.py:840} INFO - DAG(s) 'pipeline_economia_br' retrieved from /opt/airflow/dags/pipeline_economia.py
[2026-06-29T23:00:31.998+0000] {logging_mixin.py:188} INFO - [2026-06-29T23:00:31.998+0000] {dag.py:3096} INFO - Sync 1 DAGs
[2026-06-29T23:00:32.012+0000] {logging_mixin.py:188} INFO - [2026-06-29T23:00:32.011+0000] {dag.py:3954} INFO - Setting next_dagrun for pipeline_economia_br to 2026-06-28 08:00:00+00:00, run_after=2026-06-29 08:00:00+00:00
[2026-06-29T23:00:32.026+0000] {processor.py:183} INFO - Processing /opt/airflow/dags/pipeline_economia.py took 0.720 seconds
[2026-06-29T23:01:02.288+0000] {processor.py:161} INFO - Started process (PID=1836) to work on /opt/airflow/dags/pipeline_economia.py
[2026-06-29T23:01:02.289+0000] {processor.py:830} INFO - Processing file /opt/airflow/dags/pipeline_economia.py for tasks to queue
[2026-06-29T23:01:02.291+0000] {logging_mixin.py:188} INFO - [2026-06-29T23:01:02.290+0000] {dagbag.py:540} INFO - Filling up the DagBag from /opt/airflow/dags/pipeline_economia.py
[2026-06-29T23:01:02.795+0000] {processor.py:840} INFO - DAG(s) 'pipeline_economia_br' retrieved from /opt/airflow/dags/pipeline_economia.py
[2026-06-29T23:01:02.814+0000] {logging_mixin.py:188} INFO - [2026-06-29T23:01:02.814+0000] {dag.py:3096} INFO - Sync 1 DAGs
[2026-06-29T23:01:02.829+0000] {logging_mixin.py:188} INFO - [2026-06-29T23:01:02.829+0000] {dag.py:3954} INFO - Setting next_dagrun for pipeline_economia_br to 2026-06-28 08:00:00+00:00, run_after=2026-06-29 08:00:00+00:00
[2026-06-29T23:01:02.845+0000] {processor.py:183} INFO - Processing /opt/airflow/dags/pipeline_economia.py took 0.561 seconds
[2026-06-29T23:01:33.091+0000] {processor.py:161} INFO - Started process (PID=1843) to work on /opt/airflow/dags/pipeline_economia.py
[2026-06-29T23:01:33.092+0000] {processor.py:830} INFO - Processing file /opt/airflow/dags/pipeline_economia.py for tasks to queue
[2026-06-29T23:01:33.093+0000] {logging_mixin.py:188} INFO - [2026-06-29T23:01:33.093+0000] {dagbag.py:540} INFO - Filling up the DagBag from /opt/airflow/dags/pipeline_economia.py
[2026-06-29T23:01:33.780+0000] {processor.py:840} INFO - DAG(s) 'pipeline_economia_br' retrieved from /opt/airflow/dags/pipeline_economia.py
[2026-06-29T23:01:33.805+0000] {logging_mixin.py:188} INFO - [2026-06-29T23:01:33.804+0000] {dag.py:3096} INFO - Sync 1 DAGs
[2026-06-29T23:01:33.820+0000] {logging_mixin.py:188} INFO - [2026-06-29T23:01:33.819+0000] {dag.py:3954} INFO - Setting next_dagrun for pipeline_economia_br to 2026-06-28 08:00:00+00:00, run_after=2026-06-29 08:00:00+00:00
[2026-06-29T23:01:33.832+0000] {processor.py:183} INFO - Processing /opt/airflow/dags/pipeline_economia.py took 0.749 seconds
[2026-06-29T23:02:04.075+0000] {processor.py:161} INFO - Started process (PID=1850) to work on /opt/airflow/dags/pipeline_economia.py
[2026-06-29T23:02:04.076+0000] {processor.py:830} INFO - Processing file /opt/airflow/dags/pipeline_economia.py for tasks to queue
[2026-06-29T23:02:04.078+0000] {logging_mixin.py:188} INFO - [2026-06-29T23:02:04.077+0000] {dagbag.py:540} INFO - Filling up the DagBag from /opt/airflow/dags/pipeline_economia.py
[2026-06-29T23:02:04.598+0000] {processor.py:840} INFO - DAG(s) 'pipeline_economia_br' retrieved from /opt/airflow/dags/pipeline_economia.py
[2026-06-29T23:02:04.619+0000] {logging_mixin.py:188} INFO - [2026-06-29T23:02:04.619+0000] {dag.py:3096} INFO - Sync 1 DAGs
[2026-06-29T23:02:04.633+0000] {logging_mixin.py:188} INFO - [2026-06-29T23:02:04.633+0000] {dag.py:3954} INFO - Setting next_dagrun for pipeline_economia_br to 2026-06-28 08:00:00+00:00, run_after=2026-06-29 08:00:00+00:00
[2026-06-29T23:02:04.648+0000] {processor.py:183} INFO - Processing /opt/airflow/dags/pipeline_economia.py took 0.577 seconds
[2026-06-29T23:02:35.064+0000] {processor.py:161} INFO - Started process (PID=1857) to work on /opt/airflow/dags/pipeline_economia.py
[2026-06-29T23:02:35.069+0000] {processor.py:830} INFO - Processing file /opt/airflow/dags/pipeline_economia.py for tasks to queue
[2026-06-29T23:02:35.079+0000] {logging_mixin.py:188} INFO - [2026-06-29T23:02:35.078+0000] {dagbag.py:540} INFO - Filling up the DagBag from /opt/airflow/dags/pipeline_economia.py
[2026-06-29T23:02:36.488+0000] {processor.py:840} INFO - DAG(s) 'pipeline_economia_br' retrieved from /opt/airflow/dags/pipeline_economia.py
[2026-06-29T23:02:36.522+0000] {logging_mixin.py:188} INFO - [2026-06-29T23:02:36.522+0000] {dag.py:3096} INFO - Sync 1 DAGs
[2026-06-29T23:02:36.539+0000] {logging_mixin.py:188} INFO - [2026-06-29T23:02:36.538+0000] {dag.py:3954} INFO - Setting next_dagrun for pipeline_economia_br to 2026-06-28 08:00:00+00:00, run_after=2026-06-29 08:00:00+00:00
[2026-06-29T23:02:36.554+0000] {processor.py:183} INFO - Processing /opt/airflow/dags/pipeline_economia.py took 1.518 seconds
[2026-06-29T23:03:06.799+0000] {processor.py:161} INFO - Started process (PID=1864) to work on /opt/airflow/dags/pipeline_economia.py
[2026-06-29T23:03:06.802+0000] {processor.py:830} INFO - Processing file /opt/airflow/dags/pipeline_economia.py for tasks to queue
[2026-06-29T23:03:06.810+0000] {logging_mixin.py:188} INFO - [2026-06-29T23:03:06.809+0000] {dagbag.py:540} INFO - Filling up the DagBag from /opt/airflow/dags/pipeline_economia.py
[2026-06-29T23:03:07.889+0000] {processor.py:840} INFO - DAG(s) 'pipeline_economia_br' retrieved from /opt/airflow/dags/pipeline_economia.py
[2026-06-29T23:03:07.937+0000] {logging_mixin.py:188} INFO - [2026-06-29T23:03:07.937+0000] {dag.py:3096} INFO - Sync 1 DAGs
[2026-06-29T23:03:07.956+0000] {logging_mixin.py:188} INFO - [2026-06-29T23:03:07.955+0000] {dag.py:3954} INFO - Setting next_dagrun for pipeline_economia_br to 2026-06-28 08:00:00+00:00, run_after=2026-06-29 08:00:00+00:00
[2026-06-29T23:03:07.977+0000] {processor.py:183} INFO - Processing /opt/airflow/dags/pipeline_economia.py took 1.195 seconds
[2026-06-29T23:03:38.185+0000] {processor.py:161} INFO - Started process (PID=1871) to work on /opt/airflow/dags/pipeline_economia.py
[2026-06-29T23:03:38.186+0000] {processor.py:830} INFO - Processing file /opt/airflow/dags/pipeline_economia.py for tasks to queue
[2026-06-29T23:03:38.188+0000] {logging_mixin.py:188} INFO - [2026-06-29T23:03:38.188+0000] {dagbag.py:540} INFO - Filling up the DagBag from /opt/airflow/dags/pipeline_economia.py
[2026-06-29T23:03:38.850+0000] {processor.py:840} INFO - DAG(s) 'pipeline_economia_br' retrieved from /opt/airflow/dags/pipeline_economia.py
[2026-06-29T23:03:38.872+0000] {logging_mixin.py:188} INFO - [2026-06-29T23:03:38.872+0000] {dag.py:3096} INFO - Sync 1 DAGs
[2026-06-29T23:03:38.888+0000] {logging_mixin.py:188} INFO - [2026-06-29T23:03:38.887+0000] {dag.py:3954} INFO - Setting next_dagrun for pipeline_economia_br to 2026-06-28 08:00:00+00:00, run_after=2026-06-29 08:00:00+00:00
[2026-06-29T23:03:38.907+0000] {processor.py:183} INFO - Processing /opt/airflow/dags/pipeline_economia.py took 0.727 seconds
[2026-06-29T23:04:09.236+0000] {processor.py:161} INFO - Started process (PID=1878) to work on /opt/airflow/dags/pipeline_economia.py
[2026-06-29T23:04:09.238+0000] {processor.py:830} INFO - Processing file /opt/airflow/dags/pipeline_economia.py for tasks to queue
[2026-06-29T23:04:09.240+0000] {logging_mixin.py:188} INFO - [2026-06-29T23:04:09.240+0000] {dagbag.py:540} INFO - Filling up the DagBag from /opt/airflow/dags/pipeline_economia.py
[2026-06-29T23:04:09.953+0000] {processor.py:840} INFO - DAG(s) 'pipeline_economia_br' retrieved from /opt/airflow/dags/pipeline_economia.py
[2026-06-29T23:04:09.983+0000] {logging_mixin.py:188} INFO - [2026-06-29T23:04:09.982+0000] {dag.py:3096} INFO - Sync 1 DAGs
[2026-06-29T23:04:10.005+0000] {logging_mixin.py:188} INFO - [2026-06-29T23:04:10.005+0000] {dag.py:3954} INFO - Setting next_dagrun for pipeline_economia_br to 2026-06-28 08:00:00+00:00, run_after=2026-06-29 08:00:00+00:00
[2026-06-29T23:04:10.025+0000] {processor.py:183} INFO - Processing /opt/airflow/dags/pipeline_economia.py took 0.794 seconds
[2026-06-29T23:04:40.268+0000] {processor.py:161} INFO - Started process (PID=1885) to work on /opt/airflow/dags/pipeline_economia.py
[2026-06-29T23:04:40.270+0000] {processor.py:830} INFO - Processing file /opt/airflow/dags/pipeline_economia.py for tasks to queue
[2026-06-29T23:04:40.272+0000] {logging_mixin.py:188} INFO - [2026-06-29T23:04:40.272+0000] {dagbag.py:540} INFO - Filling up the DagBag from /opt/airflow/dags/pipeline_economia.py
[2026-06-29T23:04:40.935+0000] {processor.py:840} INFO - DAG(s) 'pipeline_economia_br' retrieved from /opt/airflow/dags/pipeline_economia.py
[2026-06-29T23:04:40.961+0000] {logging_mixin.py:188} INFO - [2026-06-29T23:04:40.960+0000] {dag.py:3096} INFO - Sync 1 DAGs
[2026-06-29T23:04:40.982+0000] {logging_mixin.py:188} INFO - [2026-06-29T23:04:40.981+0000] {dag.py:3954} INFO - Setting next_dagrun for pipeline_economia_br to 2026-06-28 08:00:00+00:00, run_after=2026-06-29 08:00:00+00:00
[2026-06-29T23:04:41.001+0000] {processor.py:183} INFO - Processing /opt/airflow/dags/pipeline_economia.py took 0.740 seconds
[2026-06-29T23:05:11.248+0000] {processor.py:161} INFO - Started process (PID=1892) to work on /opt/airflow/dags/pipeline_economia.py
[2026-06-29T23:05:11.249+0000] {processor.py:830} INFO - Processing file /opt/airflow/dags/pipeline_economia.py for tasks to queue
[2026-06-29T23:05:11.252+0000] {logging_mixin.py:188} INFO - [2026-06-29T23:05:11.252+0000] {dagbag.py:540} INFO - Filling up the DagBag from /opt/airflow/dags/pipeline_economia.py
[2026-06-29T23:05:12.010+0000] {processor.py:840} INFO - DAG(s) 'pipeline_economia_br' retrieved from /opt/airflow/dags/pipeline_economia.py
[2026-06-29T23:05:12.039+0000] {logging_mixin.py:188} INFO - [2026-06-29T23:05:12.039+0000] {dag.py:3096} INFO - Sync 1 DAGs
[2026-06-29T23:05:12.059+0000] {logging_mixin.py:188} INFO - [2026-06-29T23:05:12.059+0000] {dag.py:3954} INFO - Setting next_dagrun for pipeline_economia_br to 2026-06-28 08:00:00+00:00, run_after=2026-06-29 08:00:00+00:00
[2026-06-29T23:05:12.078+0000] {processor.py:183} INFO - Processing /opt/airflow/dags/pipeline_economia.py took 0.837 seconds
[2026-06-29T23:05:42.301+0000] {processor.py:161} INFO - Started process (PID=1899) to work on /opt/airflow/dags/pipeline_economia.py
[2026-06-29T23:05:42.302+0000] {processor.py:830} INFO - Processing file /opt/airflow/dags/pipeline_economia.py for tasks to queue
[2026-06-29T23:05:42.305+0000] {logging_mixin.py:188} INFO - [2026-06-29T23:05:42.305+0000] {dagbag.py:540} INFO - Filling up the DagBag from /opt/airflow/dags/pipeline_economia.py
[2026-06-29T23:05:43.021+0000] {processor.py:840} INFO - DAG(s) 'pipeline_economia_br' retrieved from /opt/airflow/dags/pipeline_economia.py
[2026-06-29T23:05:43.048+0000] {logging_mixin.py:188} INFO - [2026-06-29T23:05:43.048+0000] {dag.py:3096} INFO - Sync 1 DAGs
[2026-06-29T23:05:43.066+0000] {logging_mixin.py:188} INFO - [2026-06-29T23:05:43.066+0000] {dag.py:3954} INFO - Setting next_dagrun for pipeline_economia_br to 2026-06-28 08:00:00+00:00, run_after=2026-06-29 08:00:00+00:00
[2026-06-29T23:05:43.086+0000] {processor.py:183} INFO - Processing /opt/airflow/dags/pipeline_economia.py took 0.791 seconds
[2026-06-29T23:06:13.334+0000] {processor.py:161} INFO - Started process (PID=1906) to work on /opt/airflow/dags/pipeline_economia.py
[2026-06-29T23:06:13.335+0000] {processor.py:830} INFO - Processing file /opt/airflow/dags/pipeline_economia.py for tasks to queue
[2026-06-29T23:06:13.340+0000] {logging_mixin.py:188} INFO - [2026-06-29T23:06:13.340+0000] {dagbag.py:540} INFO - Filling up the DagBag from /opt/airflow/dags/pipeline_economia.py
[2026-06-29T23:06:14.780+0000] {processor.py:840} INFO - DAG(s) 'pipeline_economia_br' retrieved from /opt/airflow/dags/pipeline_economia.py
[2026-06-29T23:06:14.832+0000] {logging_mixin.py:188} INFO - [2026-06-29T23:06:14.831+0000] {dag.py:3096} INFO - Sync 1 DAGs
[2026-06-29T23:06:14.874+0000] {logging_mixin.py:188} INFO - [2026-06-29T23:06:14.873+0000] {dag.py:3954} INFO - Setting next_dagrun for pipeline_economia_br to 2026-06-28 08:00:00+00:00, run_after=2026-06-29 08:00:00+00:00
[2026-06-29T23:06:14.923+0000] {processor.py:183} INFO - Processing /opt/airflow/dags/pipeline_economia.py took 1.604 seconds
[2026-06-29T23:06:45.155+0000] {processor.py:161} INFO - Started process (PID=1913) to work on /opt/airflow/dags/pipeline_economia.py
[2026-06-29T23:06:45.157+0000] {processor.py:830} INFO - Processing file /opt/airflow/dags/pipeline_economia.py for tasks to queue
[2026-06-29T23:06:45.159+0000] {logging_mixin.py:188} INFO - [2026-06-29T23:06:45.158+0000] {dagbag.py:540} INFO - Filling up the DagBag from /opt/airflow/dags/pipeline_economia.py
[2026-06-29T23:06:45.792+0000] {processor.py:840} INFO - DAG(s) 'pipeline_economia_br' retrieved from /opt/airflow/dags/pipeline_economia.py
[2026-06-29T23:06:45.817+0000] {logging_mixin.py:188} INFO - [2026-06-29T23:06:45.816+0000] {dag.py:3096} INFO - Sync 1 DAGs
[2026-06-29T23:06:45.833+0000] {logging_mixin.py:188} INFO - [2026-06-29T23:06:45.833+0000] {dag.py:3954} INFO - Setting next_dagrun for pipeline_economia_br to 2026-06-28 08:00:00+00:00, run_after=2026-06-29 08:00:00+00:00
[2026-06-29T23:06:45.856+0000] {processor.py:183} INFO - Processing /opt/airflow/dags/pipeline_economia.py took 0.706 seconds
[2026-06-29T23:07:16.053+0000] {processor.py:161} INFO - Started process (PID=1920) to work on /opt/airflow/dags/pipeline_economia.py
[2026-06-29T23:07:16.055+0000] {processor.py:830} INFO - Processing file /opt/airflow/dags/pipeline_economia.py for tasks to queue
[2026-06-29T23:07:16.057+0000] {logging_mixin.py:188} INFO - [2026-06-29T23:07:16.056+0000] {dagbag.py:540} INFO - Filling up the DagBag from /opt/airflow/dags/pipeline_economia.py
[2026-06-29T23:07:16.689+0000] {processor.py:840} INFO - DAG(s) 'pipeline_economia_br' retrieved from /opt/airflow/dags/pipeline_economia.py
[2026-06-29T23:07:16.713+0000] {logging_mixin.py:188} INFO - [2026-06-29T23:07:16.713+0000] {dag.py:3096} INFO - Sync 1 DAGs
[2026-06-29T23:07:16.730+0000] {logging_mixin.py:188} INFO - [2026-06-29T23:07:16.730+0000] {dag.py:3954} INFO - Setting next_dagrun for pipeline_economia_br to 2026-06-28 08:00:00+00:00, run_after=2026-06-29 08:00:00+00:00
[2026-06-29T23:07:16.750+0000] {processor.py:183} INFO - Processing /opt/airflow/dags/pipeline_economia.py took 0.702 seconds
[2026-06-29T23:07:46.982+0000] {processor.py:161} INFO - Started process (PID=1927) to work on /opt/airflow/dags/pipeline_economia.py
[2026-06-29T23:07:46.984+0000] {processor.py:830} INFO - Processing file /opt/airflow/dags/pipeline_economia.py for tasks to queue
[2026-06-29T23:07:46.986+0000] {logging_mixin.py:188} INFO - [2026-06-29T23:07:46.986+0000] {dagbag.py:540} INFO - Filling up the DagBag from /opt/airflow/dags/pipeline_economia.py
[2026-06-29T23:07:47.681+0000] {processor.py:840} INFO - DAG(s) 'pipeline_economia_br' retrieved from /opt/airflow/dags/pipeline_economia.py
[2026-06-29T23:07:47.706+0000] {logging_mixin.py:188} INFO - [2026-06-29T23:07:47.705+0000] {dag.py:3096} INFO - Sync 1 DAGs
[2026-06-29T23:07:47.722+0000] {logging_mixin.py:188} INFO - [2026-06-29T23:07:47.722+0000] {dag.py:3954} INFO - Setting next_dagrun for pipeline_economia_br to 2026-06-28 08:00:00+00:00, run_after=2026-06-29 08:00:00+00:00
[2026-06-29T23:07:47.741+0000] {processor.py:183} INFO - Processing /opt/airflow/dags/pipeline_economia.py took 0.763 seconds
[2026-06-29T23:08:17.959+0000] {processor.py:161} INFO - Started process (PID=1934) to work on /opt/airflow/dags/pipeline_economia.py
[2026-06-29T23:08:17.961+0000] {processor.py:830} INFO - Processing file /opt/airflow/dags/pipeline_economia.py for tasks to queue
[2026-06-29T23:08:17.963+0000] {logging_mixin.py:188} INFO - [2026-06-29T23:08:17.962+0000] {dagbag.py:540} INFO - Filling up the DagBag from /opt/airflow/dags/pipeline_economia.py
[2026-06-29T23:08:18.628+0000] {processor.py:840} INFO - DAG(s) 'pipeline_economia_br' retrieved from /opt/airflow/dags/pipeline_economia.py
[2026-06-29T23:08:18.649+0000] {logging_mixin.py:188} INFO - [2026-06-29T23:08:18.649+0000] {dag.py:3096} INFO - Sync 1 DAGs
[2026-06-29T23:08:18.667+0000] {logging_mixin.py:188} INFO - [2026-06-29T23:08:18.667+0000] {dag.py:3954} INFO - Setting next_dagrun for pipeline_economia_br to 2026-06-28 08:00:00+00:00, run_after=2026-06-29 08:00:00+00:00
[2026-06-29T23:08:18.683+0000] {processor.py:183} INFO - Processing /opt/airflow/dags/pipeline_economia.py took 0.730 seconds
[2026-06-29T23:08:48.911+0000] {processor.py:161} INFO - Started process (PID=1941) to work on /opt/airflow/dags/pipeline_economia.py
[2026-06-29T23:08:48.912+0000] {processor.py:830} INFO - Processing file /opt/airflow/dags/pipeline_economia.py for tasks to queue
[2026-06-29T23:08:48.914+0000] {logging_mixin.py:188} INFO - [2026-06-29T23:08:48.914+0000] {dagbag.py:540} INFO - Filling up the DagBag from /opt/airflow/dags/pipeline_economia.py
[2026-06-29T23:08:49.468+0000] {processor.py:840} INFO - DAG(s) 'pipeline_economia_br' retrieved from /opt/airflow/dags/pipeline_economia.py
[2026-06-29T23:08:49.489+0000] {logging_mixin.py:188} INFO - [2026-06-29T23:08:49.488+0000] {dag.py:3096} INFO - Sync 1 DAGs
[2026-06-29T23:08:49.502+0000] {logging_mixin.py:188} INFO - [2026-06-29T23:08:49.502+0000] {dag.py:3954} INFO - Setting next_dagrun for pipeline_economia_br to 2026-06-28 08:00:00+00:00, run_after=2026-06-29 08:00:00+00:00
[2026-06-29T23:08:49.515+0000] {processor.py:183} INFO - Processing /opt/airflow/dags/pipeline_economia.py took 0.610 seconds
[2026-06-29T23:09:19.791+0000] {processor.py:161} INFO - Started process (PID=1948) to work on /opt/airflow/dags/pipeline_economia.py
[2026-06-29T23:09:19.792+0000] {processor.py:830} INFO - Processing file /opt/airflow/dags/pipeline_economia.py for tasks to queue
[2026-06-29T23:09:19.794+0000] {logging_mixin.py:188} INFO - [2026-06-29T23:09:19.794+0000] {dagbag.py:540} INFO - Filling up the DagBag from /opt/airflow/dags/pipeline_economia.py
[2026-06-29T23:09:20.384+0000] {processor.py:840} INFO - DAG(s) 'pipeline_economia_br' retrieved from /opt/airflow/dags/pipeline_economia.py
[2026-06-29T23:09:20.403+0000] {logging_mixin.py:188} INFO - [2026-06-29T23:09:20.403+0000] {dag.py:3096} INFO - Sync 1 DAGs
[2026-06-29T23:09:20.418+0000] {logging_mixin.py:188} INFO - [2026-06-29T23:09:20.417+0000] {dag.py:3954} INFO - Setting next_dagrun for pipeline_economia_br to 2026-06-28 08:00:00+00:00, run_after=2026-06-29 08:00:00+00:00
[2026-06-29T23:09:20.431+0000] {processor.py:183} INFO - Processing /opt/airflow/dags/pipeline_economia.py took 0.645 seconds
[2026-06-29T23:09:50.702+0000] {processor.py:161} INFO - Started process (PID=1955) to work on /opt/airflow/dags/pipeline_economia.py
[2026-06-29T23:09:50.703+0000] {processor.py:830} INFO - Processing file /opt/airflow/dags/pipeline_economia.py for tasks to queue
[2026-06-29T23:09:50.705+0000] {logging_mixin.py:188} INFO - [2026-06-29T23:09:50.704+0000] {dagbag.py:540} INFO - Filling up the DagBag from /opt/airflow/dags/pipeline_economia.py
[2026-06-29T23:09:51.264+0000] {processor.py:840} INFO - DAG(s) 'pipeline_economia_br' retrieved from /opt/airflow/dags/pipeline_economia.py
[2026-06-29T23:09:51.283+0000] {logging_mixin.py:188} INFO - [2026-06-29T23:09:51.282+0000] {dag.py:3096} INFO - Sync 1 DAGs
[2026-06-29T23:09:51.298+0000] {logging_mixin.py:188} INFO - [2026-06-29T23:09:51.297+0000] {dag.py:3954} INFO - Setting next_dagrun for pipeline_economia_br to 2026-06-28 08:00:00+00:00, run_after=2026-06-29 08:00:00+00:00
[2026-06-29T23:09:51.312+0000] {processor.py:183} INFO - Processing /opt/airflow/dags/pipeline_economia.py took 0.616 seconds
[2026-06-29T23:10:21.588+0000] {processor.py:161} INFO - Started process (PID=1962) to work on /opt/airflow/dags/pipeline_economia.py
[2026-06-29T23:10:21.589+0000] {processor.py:830} INFO - Processing file /opt/airflow/dags/pipeline_economia.py for tasks to queue
[2026-06-29T23:10:21.591+0000] {logging_mixin.py:188} INFO - [2026-06-29T23:10:21.591+0000] {dagbag.py:540} INFO - Filling up the DagBag from /opt/airflow/dags/pipeline_economia.py
[2026-06-29T23:10:22.136+0000] {processor.py:840} INFO - DAG(s) 'pipeline_economia_br' retrieved from /opt/airflow/dags/pipeline_economia.py
[2026-06-29T23:10:22.161+0000] {logging_mixin.py:188} INFO - [2026-06-29T23:10:22.160+0000] {dag.py:3096} INFO - Sync 1 DAGs
[2026-06-29T23:10:22.175+0000] {logging_mixin.py:188} INFO - [2026-06-29T23:10:22.175+0000] {dag.py:3954} INFO - Setting next_dagrun for pipeline_economia_br to 2026-06-28 08:00:00+00:00, run_after=2026-06-29 08:00:00+00:00
[2026-06-29T23:10:22.191+0000] {processor.py:183} INFO - Processing /opt/airflow/dags/pipeline_economia.py took 0.608 seconds
[2026-06-29T23:10:52.443+0000] {processor.py:161} INFO - Started process (PID=1969) to work on /opt/airflow/dags/pipeline_economia.py
[2026-06-29T23:10:52.445+0000] {processor.py:830} INFO - Processing file /opt/airflow/dags/pipeline_economia.py for tasks to queue
[2026-06-29T23:10:52.446+0000] {logging_mixin.py:188} INFO - [2026-06-29T23:10:52.446+0000] {dagbag.py:540} INFO - Filling up the DagBag from /opt/airflow/dags/pipeline_economia.py
[2026-06-29T23:10:52.959+0000] {processor.py:840} INFO - DAG(s) 'pipeline_economia_br' retrieved from /opt/airflow/dags/pipeline_economia.py
[2026-06-29T23:10:52.981+0000] {logging_mixin.py:188} INFO - [2026-06-29T23:10:52.981+0000] {dag.py:3096} INFO - Sync 1 DAGs
[2026-06-29T23:10:52.995+0000] {logging_mixin.py:188} INFO - [2026-06-29T23:10:52.995+0000] {dag.py:3954} INFO - Setting next_dagrun for pipeline_economia_br to 2026-06-28 08:00:00+00:00, run_after=2026-06-29 08:00:00+00:00
[2026-06-29T23:10:53.009+0000] {processor.py:183} INFO - Processing /opt/airflow/dags/pipeline_economia.py took 0.571 seconds
[2026-06-29T23:11:23.262+0000] {processor.py:161} INFO - Started process (PID=1976) to work on /opt/airflow/dags/pipeline_economia.py
[2026-06-29T23:11:23.263+0000] {processor.py:830} INFO - Processing file /opt/airflow/dags/pipeline_economia.py for tasks to queue
[2026-06-29T23:11:23.265+0000] {logging_mixin.py:188} INFO - [2026-06-29T23:11:23.264+0000] {dagbag.py:540} INFO - Filling up the DagBag from /opt/airflow/dags/pipeline_economia.py
[2026-06-29T23:11:23.788+0000] {processor.py:840} INFO - DAG(s) 'pipeline_economia_br' retrieved from /opt/airflow/dags/pipeline_economia.py
[2026-06-29T23:11:23.810+0000] {logging_mixin.py:188} INFO - [2026-06-29T23:11:23.810+0000] {dag.py:3096} INFO - Sync 1 DAGs
[2026-06-29T23:11:23.824+0000] {logging_mixin.py:188} INFO - [2026-06-29T23:11:23.824+0000] {dag.py:3954} INFO - Setting next_dagrun for pipeline_economia_br to 2026-06-28 08:00:00+00:00, run_after=2026-06-29 08:00:00+00:00
[2026-06-29T23:11:23.839+0000] {processor.py:183} INFO - Processing /opt/airflow/dags/pipeline_economia.py took 0.582 seconds
[2026-06-29T23:11:54.060+0000] {processor.py:161} INFO - Started process (PID=1983) to work on /opt/airflow/dags/pipeline_economia.py
[2026-06-29T23:11:54.061+0000] {processor.py:830} INFO - Processing file /opt/airflow/dags/pipeline_economia.py for tasks to queue
[2026-06-29T23:11:54.063+0000] {logging_mixin.py:188} INFO - [2026-06-29T23:11:54.063+0000] {dagbag.py:540} INFO - Filling up the DagBag from /opt/airflow/dags/pipeline_economia.py
[2026-06-29T23:11:54.614+0000] {processor.py:840} INFO - DAG(s) 'pipeline_economia_br' retrieved from /opt/airflow/dags/pipeline_economia.py
[2026-06-29T23:11:54.634+0000] {logging_mixin.py:188} INFO - [2026-06-29T23:11:54.633+0000] {dag.py:3096} INFO - Sync 1 DAGs
[2026-06-29T23:11:54.647+0000] {logging_mixin.py:188} INFO - [2026-06-29T23:11:54.647+0000] {dag.py:3954} INFO - Setting next_dagrun for pipeline_economia_br to 2026-06-28 08:00:00+00:00, run_after=2026-06-29 08:00:00+00:00
[2026-06-29T23:11:54.661+0000] {processor.py:183} INFO - Processing /opt/airflow/dags/pipeline_economia.py took 0.606 seconds
[2026-06-29T23:12:24.931+0000] {processor.py:161} INFO - Started process (PID=1990) to work on /opt/airflow/dags/pipeline_economia.py
[2026-06-29T23:12:24.933+0000] {processor.py:830} INFO - Processing file /opt/airflow/dags/pipeline_economia.py for tasks to queue
[2026-06-29T23:12:24.935+0000] {logging_mixin.py:188} INFO - [2026-06-29T23:12:24.934+0000] {dagbag.py:540} INFO - Filling up the DagBag from /opt/airflow/dags/pipeline_economia.py
[2026-06-29T23:12:25.596+0000] {processor.py:840} INFO - DAG(s) 'pipeline_economia_br' retrieved from /opt/airflow/dags/pipeline_economia.py
[2026-06-29T23:12:25.617+0000] {logging_mixin.py:188} INFO - [2026-06-29T23:12:25.617+0000] {dag.py:3096} INFO - Sync 1 DAGs
[2026-06-29T23:12:25.633+0000] {logging_mixin.py:188} INFO - [2026-06-29T23:12:25.633+0000] {dag.py:3954} INFO - Setting next_dagrun for pipeline_economia_br to 2026-06-28 08:00:00+00:00, run_after=2026-06-29 08:00:00+00:00
[2026-06-29T23:12:25.652+0000] {processor.py:183} INFO - Processing /opt/airflow/dags/pipeline_economia.py took 0.725 seconds
[2026-06-29T23:12:55.920+0000] {processor.py:161} INFO - Started process (PID=1997) to work on /opt/airflow/dags/pipeline_economia.py
[2026-06-29T23:12:55.921+0000] {processor.py:830} INFO - Processing file /opt/airflow/dags/pipeline_economia.py for tasks to queue
[2026-06-29T23:12:55.922+0000] {logging_mixin.py:188} INFO - [2026-06-29T23:12:55.922+0000] {dagbag.py:540} INFO - Filling up the DagBag from /opt/airflow/dags/pipeline_economia.py
[2026-06-29T23:12:56.446+0000] {processor.py:840} INFO - DAG(s) 'pipeline_economia_br' retrieved from /opt/airflow/dags/pipeline_economia.py
[2026-06-29T23:12:56.467+0000] {logging_mixin.py:188} INFO - [2026-06-29T23:12:56.466+0000] {dag.py:3096} INFO - Sync 1 DAGs
[2026-06-29T23:12:56.482+0000] {logging_mixin.py:188} INFO - [2026-06-29T23:12:56.481+0000] {dag.py:3954} INFO - Setting next_dagrun for pipeline_economia_br to 2026-06-28 08:00:00+00:00, run_after=2026-06-29 08:00:00+00:00
[2026-06-29T23:12:56.500+0000] {processor.py:183} INFO - Processing /opt/airflow/dags/pipeline_economia.py took 0.585 seconds
[2026-06-29T23:13:26.768+0000] {processor.py:161} INFO - Started process (PID=2004) to work on /opt/airflow/dags/pipeline_economia.py
[2026-06-29T23:13:26.769+0000] {processor.py:830} INFO - Processing file /opt/airflow/dags/pipeline_economia.py for tasks to queue
[2026-06-29T23:13:26.771+0000] {logging_mixin.py:188} INFO - [2026-06-29T23:13:26.771+0000] {dagbag.py:540} INFO - Filling up the DagBag from /opt/airflow/dags/pipeline_economia.py
[2026-06-29T23:13:27.310+0000] {processor.py:840} INFO - DAG(s) 'pipeline_economia_br' retrieved from /opt/airflow/dags/pipeline_economia.py
[2026-06-29T23:13:27.330+0000] {logging_mixin.py:188} INFO - [2026-06-29T23:13:27.329+0000] {dag.py:3096} INFO - Sync 1 DAGs
[2026-06-29T23:13:27.344+0000] {logging_mixin.py:188} INFO - [2026-06-29T23:13:27.344+0000] {dag.py:3954} INFO - Setting next_dagrun for pipeline_economia_br to 2026-06-28 08:00:00+00:00, run_after=2026-06-29 08:00:00+00:00
[2026-06-29T23:13:27.358+0000] {processor.py:183} INFO - Processing /opt/airflow/dags/pipeline_economia.py took 0.595 seconds
[2026-06-29T23:13:57.626+0000] {processor.py:161} INFO - Started process (PID=2011) to work on /opt/airflow/dags/pipeline_economia.py
[2026-06-29T23:13:57.628+0000] {processor.py:830} INFO - Processing file /opt/airflow/dags/pipeline_economia.py for tasks to queue
[2026-06-29T23:13:57.629+0000] {logging_mixin.py:188} INFO - [2026-06-29T23:13:57.629+0000] {dagbag.py:540} INFO - Filling up the DagBag from /opt/airflow/dags/pipeline_economia.py
[2026-06-29T23:13:58.224+0000] {processor.py:840} INFO - DAG(s) 'pipeline_economia_br' retrieved from /opt/airflow/dags/pipeline_economia.py
[2026-06-29T23:13:58.245+0000] {logging_mixin.py:188} INFO - [2026-06-29T23:13:58.244+0000] {dag.py:3096} INFO - Sync 1 DAGs
[2026-06-29T23:13:58.261+0000] {logging_mixin.py:188} INFO - [2026-06-29T23:13:58.261+0000] {dag.py:3954} INFO - Setting next_dagrun for pipeline_economia_br to 2026-06-28 08:00:00+00:00, run_after=2026-06-29 08:00:00+00:00
[2026-06-29T23:13:58.275+0000] {processor.py:183} INFO - Processing /opt/airflow/dags/pipeline_economia.py took 0.654 seconds
[2026-06-29T23:14:28.537+0000] {processor.py:161} INFO - Started process (PID=2018) to work on /opt/airflow/dags/pipeline_economia.py
[2026-06-29T23:14:28.538+0000] {processor.py:830} INFO - Processing file /opt/airflow/dags/pipeline_economia.py for tasks to queue
[2026-06-29T23:14:28.539+0000] {logging_mixin.py:188} INFO - [2026-06-29T23:14:28.539+0000] {dagbag.py:540} INFO - Filling up the DagBag from /opt/airflow/dags/pipeline_economia.py
[2026-06-29T23:14:29.130+0000] {processor.py:840} INFO - DAG(s) 'pipeline_economia_br' retrieved from /opt/airflow/dags/pipeline_economia.py
[2026-06-29T23:14:29.151+0000] {logging_mixin.py:188} INFO - [2026-06-29T23:14:29.151+0000] {dag.py:3096} INFO - Sync 1 DAGs
[2026-06-29T23:14:29.165+0000] {logging_mixin.py:188} INFO - [2026-06-29T23:14:29.165+0000] {dag.py:3954} INFO - Setting next_dagrun for pipeline_economia_br to 2026-06-28 08:00:00+00:00, run_after=2026-06-29 08:00:00+00:00
[2026-06-29T23:14:29.179+0000] {processor.py:183} INFO - Processing /opt/airflow/dags/pipeline_economia.py took 0.647 seconds
[2026-06-29T23:14:59.472+0000] {processor.py:161} INFO - Started process (PID=2025) to work on /opt/airflow/dags/pipeline_economia.py
[2026-06-29T23:14:59.473+0000] {processor.py:830} INFO - Processing file /opt/airflow/dags/pipeline_economia.py for tasks to queue
[2026-06-29T23:14:59.475+0000] {logging_mixin.py:188} INFO - [2026-06-29T23:14:59.475+0000] {dagbag.py:540} INFO - Filling up the DagBag from /opt/airflow/dags/pipeline_economia.py
[2026-06-29T23:15:00.050+0000] {processor.py:840} INFO - DAG(s) 'pipeline_economia_br' retrieved from /opt/airflow/dags/pipeline_economia.py
[2026-06-29T23:15:00.071+0000] {logging_mixin.py:188} INFO - [2026-06-29T23:15:00.070+0000] {dag.py:3096} INFO - Sync 1 DAGs
[2026-06-29T23:15:00.085+0000] {logging_mixin.py:188} INFO - [2026-06-29T23:15:00.084+0000] {dag.py:3954} INFO - Setting next_dagrun for pipeline_economia_br to 2026-06-28 08:00:00+00:00, run_after=2026-06-29 08:00:00+00:00
[2026-06-29T23:15:00.100+0000] {processor.py:183} INFO - Processing /opt/airflow/dags/pipeline_economia.py took 0.635 seconds
[2026-06-29T23:15:30.363+0000] {processor.py:161} INFO - Started process (PID=2032) to work on /opt/airflow/dags/pipeline_economia.py
[2026-06-29T23:15:30.364+0000] {processor.py:830} INFO - Processing file /opt/airflow/dags/pipeline_economia.py for tasks to queue
[2026-06-29T23:15:30.366+0000] {logging_mixin.py:188} INFO - [2026-06-29T23:15:30.366+0000] {dagbag.py:540} INFO - Filling up the DagBag from /opt/airflow/dags/pipeline_economia.py
[2026-06-29T23:15:30.940+0000] {processor.py:840} INFO - DAG(s) 'pipeline_economia_br' retrieved from /opt/airflow/dags/pipeline_economia.py
[2026-06-29T23:15:30.960+0000] {logging_mixin.py:188} INFO - [2026-06-29T23:15:30.960+0000] {dag.py:3096} INFO - Sync 1 DAGs
[2026-06-29T23:15:30.974+0000] {logging_mixin.py:188} INFO - [2026-06-29T23:15:30.974+0000] {dag.py:3954} INFO - Setting next_dagrun for pipeline_economia_br to 2026-06-28 08:00:00+00:00, run_after=2026-06-29 08:00:00+00:00
[2026-06-29T23:15:30.990+0000] {processor.py:183} INFO - Processing /opt/airflow/dags/pipeline_economia.py took 0.632 seconds
[2026-06-29T23:16:01.217+0000] {processor.py:161} INFO - Started process (PID=2039) to work on /opt/airflow/dags/pipeline_economia.py
[2026-06-29T23:16:01.218+0000] {processor.py:830} INFO - Processing file /opt/airflow/dags/pipeline_economia.py for tasks to queue
[2026-06-29T23:16:01.219+0000] {logging_mixin.py:188} INFO - [2026-06-29T23:16:01.219+0000] {dagbag.py:540} INFO - Filling up the DagBag from /opt/airflow/dags/pipeline_economia.py
[2026-06-29T23:16:01.724+0000] {processor.py:840} INFO - DAG(s) 'pipeline_economia_br' retrieved from /opt/airflow/dags/pipeline_economia.py
[2026-06-29T23:16:01.743+0000] {logging_mixin.py:188} INFO - [2026-06-29T23:16:01.743+0000] {dag.py:3096} INFO - Sync 1 DAGs
[2026-06-29T23:16:01.760+0000] {logging_mixin.py:188} INFO - [2026-06-29T23:16:01.760+0000] {dag.py:3954} INFO - Setting next_dagrun for pipeline_economia_br to 2026-06-28 08:00:00+00:00, run_after=2026-06-29 08:00:00+00:00
[2026-06-29T23:16:01.775+0000] {processor.py:183} INFO - Processing /opt/airflow/dags/pipeline_economia.py took 0.562 seconds
[2026-06-29T23:16:32.009+0000] {processor.py:161} INFO - Started process (PID=2046) to work on /opt/airflow/dags/pipeline_economia.py
[2026-06-29T23:16:32.010+0000] {processor.py:830} INFO - Processing file /opt/airflow/dags/pipeline_economia.py for tasks to queue
[2026-06-29T23:16:32.013+0000] {logging_mixin.py:188} INFO - [2026-06-29T23:16:32.013+0000] {dagbag.py:540} INFO - Filling up the DagBag from /opt/airflow/dags/pipeline_economia.py
[2026-06-29T23:16:32.703+0000] {processor.py:840} INFO - DAG(s) 'pipeline_economia_br' retrieved from /opt/airflow/dags/pipeline_economia.py
[2026-06-29T23:16:32.727+0000] {logging_mixin.py:188} INFO - [2026-06-29T23:16:32.725+0000] {dag.py:3096} INFO - Sync 1 DAGs
[2026-06-29T23:16:32.740+0000] {logging_mixin.py:188} INFO - [2026-06-29T23:16:32.740+0000] {dag.py:3954} INFO - Setting next_dagrun for pipeline_economia_br to 2026-06-28 08:00:00+00:00, run_after=2026-06-29 08:00:00+00:00
[2026-06-29T23:16:32.753+0000] {processor.py:183} INFO - Processing /opt/airflow/dags/pipeline_economia.py took 0.753 seconds
[2026-06-29T23:17:03.004+0000] {processor.py:161} INFO - Started process (PID=2053) to work on /opt/airflow/dags/pipeline_economia.py
[2026-06-29T23:17:03.005+0000] {processor.py:830} INFO - Processing file /opt/airflow/dags/pipeline_economia.py for tasks to queue
[2026-06-29T23:17:03.007+0000] {logging_mixin.py:188} INFO - [2026-06-29T23:17:03.006+0000] {dagbag.py:540} INFO - Filling up the DagBag from /opt/airflow/dags/pipeline_economia.py
[2026-06-29T23:17:03.558+0000] {processor.py:840} INFO - DAG(s) 'pipeline_economia_br' retrieved from /opt/airflow/dags/pipeline_economia.py
[2026-06-29T23:17:03.579+0000] {logging_mixin.py:188} INFO - [2026-06-29T23:17:03.579+0000] {dag.py:3096} INFO - Sync 1 DAGs
[2026-06-29T23:17:03.592+0000] {logging_mixin.py:188} INFO - [2026-06-29T23:17:03.592+0000] {dag.py:3954} INFO - Setting next_dagrun for pipeline_economia_br to 2026-06-28 08:00:00+00:00, run_after=2026-06-29 08:00:00+00:00
[2026-06-29T23:17:03.607+0000] {processor.py:183} INFO - Processing /opt/airflow/dags/pipeline_economia.py took 0.608 seconds
[2026-06-29T23:17:33.892+0000] {processor.py:161} INFO - Started process (PID=2060) to work on /opt/airflow/dags/pipeline_economia.py
[2026-06-29T23:17:33.894+0000] {processor.py:830} INFO - Processing file /opt/airflow/dags/pipeline_economia.py for tasks to queue
[2026-06-29T23:17:33.895+0000] {logging_mixin.py:188} INFO - [2026-06-29T23:17:33.895+0000] {dagbag.py:540} INFO - Filling up the DagBag from /opt/airflow/dags/pipeline_economia.py
[2026-06-29T23:17:34.566+0000] {processor.py:840} INFO - DAG(s) 'pipeline_economia_br' retrieved from /opt/airflow/dags/pipeline_economia.py
[2026-06-29T23:17:34.590+0000] {logging_mixin.py:188} INFO - [2026-06-29T23:17:34.589+0000] {dag.py:3096} INFO - Sync 1 DAGs
[2026-06-29T23:17:34.603+0000] {logging_mixin.py:188} INFO - [2026-06-29T23:17:34.603+0000] {dag.py:3954} INFO - Setting next_dagrun for pipeline_economia_br to 2026-06-28 08:00:00+00:00, run_after=2026-06-29 08:00:00+00:00
[2026-06-29T23:17:34.616+0000] {processor.py:183} INFO - Processing /opt/airflow/dags/pipeline_economia.py took 0.729 seconds
[2026-06-29T23:18:04.852+0000] {processor.py:161} INFO - Started process (PID=2067) to work on /opt/airflow/dags/pipeline_economia.py
[2026-06-29T23:18:04.853+0000] {processor.py:830} INFO - Processing file /opt/airflow/dags/pipeline_economia.py for tasks to queue
[2026-06-29T23:18:04.855+0000] {logging_mixin.py:188} INFO - [2026-06-29T23:18:04.855+0000] {dagbag.py:540} INFO - Filling up the DagBag from /opt/airflow/dags/pipeline_economia.py
[2026-06-29T23:18:05.358+0000] {processor.py:840} INFO - DAG(s) 'pipeline_economia_br' retrieved from /opt/airflow/dags/pipeline_economia.py
[2026-06-29T23:18:05.377+0000] {logging_mixin.py:188} INFO - [2026-06-29T23:18:05.377+0000] {dag.py:3096} INFO - Sync 1 DAGs
[2026-06-29T23:18:05.390+0000] {logging_mixin.py:188} INFO - [2026-06-29T23:18:05.390+0000] {dag.py:3954} INFO - Setting next_dagrun for pipeline_economia_br to 2026-06-28 08:00:00+00:00, run_after=2026-06-29 08:00:00+00:00
[2026-06-29T23:18:05.404+0000] {processor.py:183} INFO - Processing /opt/airflow/dags/pipeline_economia.py took 0.557 seconds
[2026-06-29T23:18:35.654+0000] {processor.py:161} INFO - Started process (PID=2074) to work on /opt/airflow/dags/pipeline_economia.py
[2026-06-29T23:18:35.655+0000] {processor.py:830} INFO - Processing file /opt/airflow/dags/pipeline_economia.py for tasks to queue
[2026-06-29T23:18:35.657+0000] {logging_mixin.py:188} INFO - [2026-06-29T23:18:35.656+0000] {dagbag.py:540} INFO - Filling up the DagBag from /opt/airflow/dags/pipeline_economia.py
[2026-06-29T23:18:36.202+0000] {processor.py:840} INFO - DAG(s) 'pipeline_economia_br' retrieved from /opt/airflow/dags/pipeline_economia.py
[2026-06-29T23:18:36.220+0000] {logging_mixin.py:188} INFO - [2026-06-29T23:18:36.220+0000] {dag.py:3096} INFO - Sync 1 DAGs
[2026-06-29T23:18:36.233+0000] {logging_mixin.py:188} INFO - [2026-06-29T23:18:36.233+0000] {dag.py:3954} INFO - Setting next_dagrun for pipeline_economia_br to 2026-06-28 08:00:00+00:00, run_after=2026-06-29 08:00:00+00:00
[2026-06-29T23:18:36.248+0000] {processor.py:183} INFO - Processing /opt/airflow/dags/pipeline_economia.py took 0.599 seconds
[2026-06-29T23:19:06.486+0000] {processor.py:161} INFO - Started process (PID=2081) to work on /opt/airflow/dags/pipeline_economia.py
[2026-06-29T23:19:06.488+0000] {processor.py:830} INFO - Processing file /opt/airflow/dags/pipeline_economia.py for tasks to queue
[2026-06-29T23:19:06.489+0000] {logging_mixin.py:188} INFO - [2026-06-29T23:19:06.489+0000] {dagbag.py:540} INFO - Filling up the DagBag from /opt/airflow/dags/pipeline_economia.py
[2026-06-29T23:19:07.022+0000] {processor.py:840} INFO - DAG(s) 'pipeline_economia_br' retrieved from /opt/airflow/dags/pipeline_economia.py
[2026-06-29T23:19:07.043+0000] {logging_mixin.py:188} INFO - [2026-06-29T23:19:07.042+0000] {dag.py:3096} INFO - Sync 1 DAGs
[2026-06-29T23:19:07.057+0000] {logging_mixin.py:188} INFO - [2026-06-29T23:19:07.057+0000] {dag.py:3954} INFO - Setting next_dagrun for pipeline_economia_br to 2026-06-28 08:00:00+00:00, run_after=2026-06-29 08:00:00+00:00
[2026-06-29T23:19:07.074+0000] {processor.py:183} INFO - Processing /opt/airflow/dags/pipeline_economia.py took 0.593 seconds
[2026-06-29T23:19:37.339+0000] {processor.py:161} INFO - Started process (PID=2088) to work on /opt/airflow/dags/pipeline_economia.py
[2026-06-29T23:19:37.340+0000] {processor.py:830} INFO - Processing file /opt/airflow/dags/pipeline_economia.py for tasks to queue
[2026-06-29T23:19:37.342+0000] {logging_mixin.py:188} INFO - [2026-06-29T23:19:37.341+0000] {dagbag.py:540} INFO - Filling up the DagBag from /opt/airflow/dags/pipeline_economia.py
[2026-06-29T23:19:37.871+0000] {processor.py:840} INFO - DAG(s) 'pipeline_economia_br' retrieved from /opt/airflow/dags/pipeline_economia.py
[2026-06-29T23:19:37.890+0000] {logging_mixin.py:188} INFO - [2026-06-29T23:19:37.888+0000] {dag.py:3096} INFO - Sync 1 DAGs
[2026-06-29T23:19:37.906+0000] {logging_mixin.py:188} INFO - [2026-06-29T23:19:37.905+0000] {dag.py:3954} INFO - Setting next_dagrun for pipeline_economia_br to 2026-06-28 08:00:00+00:00, run_after=2026-06-29 08:00:00+00:00
[2026-06-29T23:19:37.919+0000] {processor.py:183} INFO - Processing /opt/airflow/dags/pipeline_economia.py took 0.585 seconds
[2026-06-29T23:20:08.151+0000] {processor.py:161} INFO - Started process (PID=2095) to work on /opt/airflow/dags/pipeline_economia.py
[2026-06-29T23:20:08.152+0000] {processor.py:830} INFO - Processing file /opt/airflow/dags/pipeline_economia.py for tasks to queue
[2026-06-29T23:20:08.154+0000] {logging_mixin.py:188} INFO - [2026-06-29T23:20:08.154+0000] {dagbag.py:540} INFO - Filling up the DagBag from /opt/airflow/dags/pipeline_economia.py
[2026-06-29T23:20:08.717+0000] {processor.py:840} INFO - DAG(s) 'pipeline_economia_br' retrieved from /opt/airflow/dags/pipeline_economia.py
[2026-06-29T23:20:08.739+0000] {logging_mixin.py:188} INFO - [2026-06-29T23:20:08.739+0000] {dag.py:3096} INFO - Sync 1 DAGs
[2026-06-29T23:20:08.754+0000] {logging_mixin.py:188} INFO - [2026-06-29T23:20:08.754+0000] {dag.py:3954} INFO - Setting next_dagrun for pipeline_economia_br to 2026-06-28 08:00:00+00:00, run_after=2026-06-29 08:00:00+00:00
[2026-06-29T23:20:08.772+0000] {processor.py:183} INFO - Processing /opt/airflow/dags/pipeline_economia.py took 0.626 seconds
[2026-06-29T23:20:39.048+0000] {processor.py:161} INFO - Started process (PID=2102) to work on /opt/airflow/dags/pipeline_economia.py
[2026-06-29T23:20:39.049+0000] {processor.py:830} INFO - Processing file /opt/airflow/dags/pipeline_economia.py for tasks to queue
[2026-06-29T23:20:39.051+0000] {logging_mixin.py:188} INFO - [2026-06-29T23:20:39.050+0000] {dagbag.py:540} INFO - Filling up the DagBag from /opt/airflow/dags/pipeline_economia.py
[2026-06-29T23:20:39.754+0000] {processor.py:840} INFO - DAG(s) 'pipeline_economia_br' retrieved from /opt/airflow/dags/pipeline_economia.py
[2026-06-29T23:20:39.777+0000] {logging_mixin.py:188} INFO - [2026-06-29T23:20:39.777+0000] {dag.py:3096} INFO - Sync 1 DAGs
[2026-06-29T23:20:39.791+0000] {logging_mixin.py:188} INFO - [2026-06-29T23:20:39.790+0000] {dag.py:3954} INFO - Setting next_dagrun for pipeline_economia_br to 2026-06-28 08:00:00+00:00, run_after=2026-06-29 08:00:00+00:00
[2026-06-29T23:20:39.805+0000] {processor.py:183} INFO - Processing /opt/airflow/dags/pipeline_economia.py took 0.764 seconds
[2026-06-29T23:21:10.071+0000] {processor.py:161} INFO - Started process (PID=2109) to work on /opt/airflow/dags/pipeline_economia.py
[2026-06-29T23:21:10.072+0000] {processor.py:830} INFO - Processing file /opt/airflow/dags/pipeline_economia.py for tasks to queue
[2026-06-29T23:21:10.074+0000] {logging_mixin.py:188} INFO - [2026-06-29T23:21:10.074+0000] {dagbag.py:540} INFO - Filling up the DagBag from /opt/airflow/dags/pipeline_economia.py
[2026-06-29T23:21:10.663+0000] {processor.py:840} INFO - DAG(s) 'pipeline_economia_br' retrieved from /opt/airflow/dags/pipeline_economia.py
[2026-06-29T23:21:10.684+0000] {logging_mixin.py:188} INFO - [2026-06-29T23:21:10.683+0000] {dag.py:3096} INFO - Sync 1 DAGs
[2026-06-29T23:21:10.697+0000] {logging_mixin.py:188} INFO - [2026-06-29T23:21:10.697+0000] {dag.py:3954} INFO - Setting next_dagrun for pipeline_economia_br to 2026-06-28 08:00:00+00:00, run_after=2026-06-29 08:00:00+00:00
[2026-06-29T23:21:10.713+0000] {processor.py:183} INFO - Processing /opt/airflow/dags/pipeline_economia.py took 0.647 seconds
[2026-06-29T23:21:40.859+0000] {processor.py:161} INFO - Started process (PID=2116) to work on /opt/airflow/dags/pipeline_economia.py
[2026-06-29T23:21:40.860+0000] {processor.py:830} INFO - Processing file /opt/airflow/dags/pipeline_economia.py for tasks to queue
[2026-06-29T23:21:40.862+0000] {logging_mixin.py:188} INFO - [2026-06-29T23:21:40.862+0000] {dagbag.py:540} INFO - Filling up the DagBag from /opt/airflow/dags/pipeline_economia.py
[2026-06-29T23:21:41.390+0000] {processor.py:840} INFO - DAG(s) 'pipeline_economia_br' retrieved from /opt/airflow/dags/pipeline_economia.py
[2026-06-29T23:21:41.409+0000] {logging_mixin.py:188} INFO - [2026-06-29T23:21:41.409+0000] {dag.py:3096} INFO - Sync 1 DAGs
[2026-06-29T23:21:41.423+0000] {logging_mixin.py:188} INFO - [2026-06-29T23:21:41.423+0000] {dag.py:3954} INFO - Setting next_dagrun for pipeline_economia_br to 2026-06-28 08:00:00+00:00, run_after=2026-06-29 08:00:00+00:00
[2026-06-29T23:21:41.441+0000] {processor.py:183} INFO - Processing /opt/airflow/dags/pipeline_economia.py took 0.586 seconds
[2026-06-29T23:22:11.718+0000] {processor.py:161} INFO - Started process (PID=2123) to work on /opt/airflow/dags/pipeline_economia.py
[2026-06-29T23:22:11.719+0000] {processor.py:830} INFO - Processing file /opt/airflow/dags/pipeline_economia.py for tasks to queue
[2026-06-29T23:22:11.721+0000] {logging_mixin.py:188} INFO - [2026-06-29T23:22:11.721+0000] {dagbag.py:540} INFO - Filling up the DagBag from /opt/airflow/dags/pipeline_economia.py
[2026-06-29T23:22:12.332+0000] {processor.py:840} INFO - DAG(s) 'pipeline_economia_br' retrieved from /opt/airflow/dags/pipeline_economia.py
[2026-06-29T23:22:12.353+0000] {logging_mixin.py:188} INFO - [2026-06-29T23:22:12.352+0000] {dag.py:3096} INFO - Sync 1 DAGs
[2026-06-29T23:22:12.368+0000] {logging_mixin.py:188} INFO - [2026-06-29T23:22:12.368+0000] {dag.py:3954} INFO - Setting next_dagrun for pipeline_economia_br to 2026-06-28 08:00:00+00:00, run_after=2026-06-29 08:00:00+00:00
[2026-06-29T23:22:12.384+0000] {processor.py:183} INFO - Processing /opt/airflow/dags/pipeline_economia.py took 0.671 seconds
[2026-06-29T23:22:42.619+0000] {processor.py:161} INFO - Started process (PID=2130) to work on /opt/airflow/dags/pipeline_economia.py
[2026-06-29T23:22:42.620+0000] {processor.py:830} INFO - Processing file /opt/airflow/dags/pipeline_economia.py for tasks to queue
[2026-06-29T23:22:42.622+0000] {logging_mixin.py:188} INFO - [2026-06-29T23:22:42.622+0000] {dagbag.py:540} INFO - Filling up the DagBag from /opt/airflow/dags/pipeline_economia.py
[2026-06-29T23:22:43.154+0000] {processor.py:840} INFO - DAG(s) 'pipeline_economia_br' retrieved from /opt/airflow/dags/pipeline_economia.py
[2026-06-29T23:22:43.174+0000] {logging_mixin.py:188} INFO - [2026-06-29T23:22:43.173+0000] {dag.py:3096} INFO - Sync 1 DAGs
[2026-06-29T23:22:43.188+0000] {logging_mixin.py:188} INFO - [2026-06-29T23:22:43.188+0000] {dag.py:3954} INFO - Setting next_dagrun for pipeline_economia_br to 2026-06-28 08:00:00+00:00, run_after=2026-06-29 08:00:00+00:00
[2026-06-29T23:22:43.202+0000] {processor.py:183} INFO - Processing /opt/airflow/dags/pipeline_economia.py took 0.588 seconds
[2026-06-29T23:23:13.472+0000] {processor.py:161} INFO - Started process (PID=2137) to work on /opt/airflow/dags/pipeline_economia.py
[2026-06-29T23:23:13.473+0000] {processor.py:830} INFO - Processing file /opt/airflow/dags/pipeline_economia.py for tasks to queue
[2026-06-29T23:23:13.474+0000] {logging_mixin.py:188} INFO - [2026-06-29T23:23:13.474+0000] {dagbag.py:540} INFO - Filling up the DagBag from /opt/airflow/dags/pipeline_economia.py
[2026-06-29T23:23:14.025+0000] {processor.py:840} INFO - DAG(s) 'pipeline_economia_br' retrieved from /opt/airflow/dags/pipeline_economia.py
[2026-06-29T23:23:14.044+0000] {logging_mixin.py:188} INFO - [2026-06-29T23:23:14.044+0000] {dag.py:3096} INFO - Sync 1 DAGs
[2026-06-29T23:23:14.057+0000] {logging_mixin.py:188} INFO - [2026-06-29T23:23:14.057+0000] {dag.py:3954} INFO - Setting next_dagrun for pipeline_economia_br to 2026-06-28 08:00:00+00:00, run_after=2026-06-29 08:00:00+00:00
[2026-06-29T23:23:14.070+0000] {processor.py:183} INFO - Processing /opt/airflow/dags/pipeline_economia.py took 0.603 seconds
[2026-06-29T23:23:44.306+0000] {processor.py:161} INFO - Started process (PID=2144) to work on /opt/airflow/dags/pipeline_economia.py
[2026-06-29T23:23:44.307+0000] {processor.py:830} INFO - Processing file /opt/airflow/dags/pipeline_economia.py for tasks to queue
[2026-06-29T23:23:44.308+0000] {logging_mixin.py:188} INFO - [2026-06-29T23:23:44.308+0000] {dagbag.py:540} INFO - Filling up the DagBag from /opt/airflow/dags/pipeline_economia.py
[2026-06-29T23:23:44.835+0000] {processor.py:840} INFO - DAG(s) 'pipeline_economia_br' retrieved from /opt/airflow/dags/pipeline_economia.py
[2026-06-29T23:23:44.855+0000] {logging_mixin.py:188} INFO - [2026-06-29T23:23:44.855+0000] {dag.py:3096} INFO - Sync 1 DAGs
[2026-06-29T23:23:44.869+0000] {logging_mixin.py:188} INFO - [2026-06-29T23:23:44.868+0000] {dag.py:3954} INFO - Setting next_dagrun for pipeline_economia_br to 2026-06-28 08:00:00+00:00, run_after=2026-06-29 08:00:00+00:00
[2026-06-29T23:23:44.882+0000] {processor.py:183} INFO - Processing /opt/airflow/dags/pipeline_economia.py took 0.581 seconds
[2026-06-29T23:24:15.140+0000] {processor.py:161} INFO - Started process (PID=2151) to work on /opt/airflow/dags/pipeline_economia.py
[2026-06-29T23:24:15.143+0000] {processor.py:830} INFO - Processing file /opt/airflow/dags/pipeline_economia.py for tasks to queue
[2026-06-29T23:24:15.144+0000] {logging_mixin.py:188} INFO - [2026-06-29T23:24:15.144+0000] {dagbag.py:540} INFO - Filling up the DagBag from /opt/airflow/dags/pipeline_economia.py
[2026-06-29T23:24:15.669+0000] {processor.py:840} INFO - DAG(s) 'pipeline_economia_br' retrieved from /opt/airflow/dags/pipeline_economia.py
[2026-06-29T23:24:15.688+0000] {logging_mixin.py:188} INFO - [2026-06-29T23:24:15.688+0000] {dag.py:3096} INFO - Sync 1 DAGs
[2026-06-29T23:24:15.703+0000] {logging_mixin.py:188} INFO - [2026-06-29T23:24:15.703+0000] {dag.py:3954} INFO - Setting next_dagrun for pipeline_economia_br to 2026-06-28 08:00:00+00:00, run_after=2026-06-29 08:00:00+00:00
[2026-06-29T23:24:15.717+0000] {processor.py:183} INFO - Processing /opt/airflow/dags/pipeline_economia.py took 0.581 seconds
[2026-06-29T23:24:45.775+0000] {processor.py:161} INFO - Started process (PID=2158) to work on /opt/airflow/dags/pipeline_economia.py
[2026-06-29T23:24:45.776+0000] {processor.py:830} INFO - Processing file /opt/airflow/dags/pipeline_economia.py for tasks to queue
[2026-06-29T23:24:45.778+0000] {logging_mixin.py:188} INFO - [2026-06-29T23:24:45.778+0000] {dagbag.py:540} INFO - Filling up the DagBag from /opt/airflow/dags/pipeline_economia.py
[2026-06-29T23:24:46.453+0000] {processor.py:840} INFO - DAG(s) 'pipeline_economia_br' retrieved from /opt/airflow/dags/pipeline_economia.py
[2026-06-29T23:24:46.474+0000] {logging_mixin.py:188} INFO - [2026-06-29T23:24:46.474+0000] {dag.py:3096} INFO - Sync 1 DAGs
[2026-06-29T23:24:46.487+0000] {logging_mixin.py:188} INFO - [2026-06-29T23:24:46.487+0000] {dag.py:3954} INFO - Setting next_dagrun for pipeline_economia_br to 2026-06-28 08:00:00+00:00, run_after=2026-06-29 08:00:00+00:00
[2026-06-29T23:24:46.503+0000] {processor.py:183} INFO - Processing /opt/airflow/dags/pipeline_economia.py took 0.733 seconds
[2026-06-29T23:25:16.793+0000] {processor.py:161} INFO - Started process (PID=2165) to work on /opt/airflow/dags/pipeline_economia.py
[2026-06-29T23:25:16.794+0000] {processor.py:830} INFO - Processing file /opt/airflow/dags/pipeline_economia.py for tasks to queue
[2026-06-29T23:25:16.796+0000] {logging_mixin.py:188} INFO - [2026-06-29T23:25:16.796+0000] {dagbag.py:540} INFO - Filling up the DagBag from /opt/airflow/dags/pipeline_economia.py
[2026-06-29T23:25:17.339+0000] {processor.py:840} INFO - DAG(s) 'pipeline_economia_br' retrieved from /opt/airflow/dags/pipeline_economia.py
[2026-06-29T23:25:17.358+0000] {logging_mixin.py:188} INFO - [2026-06-29T23:25:17.357+0000] {dag.py:3096} INFO - Sync 1 DAGs
[2026-06-29T23:25:17.372+0000] {logging_mixin.py:188} INFO - [2026-06-29T23:25:17.372+0000] {dag.py:3954} INFO - Setting next_dagrun for pipeline_economia_br to 2026-06-28 08:00:00+00:00, run_after=2026-06-29 08:00:00+00:00
[2026-06-29T23:25:17.387+0000] {processor.py:183} INFO - Processing /opt/airflow/dags/pipeline_economia.py took 0.599 seconds
[2026-06-29T23:25:47.629+0000] {processor.py:161} INFO - Started process (PID=2172) to work on /opt/airflow/dags/pipeline_economia.py
[2026-06-29T23:25:47.630+0000] {processor.py:830} INFO - Processing file /opt/airflow/dags/pipeline_economia.py for tasks to queue
[2026-06-29T23:25:47.632+0000] {logging_mixin.py:188} INFO - [2026-06-29T23:25:47.631+0000] {dagbag.py:540} INFO - Filling up the DagBag from /opt/airflow/dags/pipeline_economia.py
[2026-06-29T23:25:48.293+0000] {processor.py:840} INFO - DAG(s) 'pipeline_economia_br' retrieved from /opt/airflow/dags/pipeline_economia.py
[2026-06-29T23:25:48.317+0000] {logging_mixin.py:188} INFO - [2026-06-29T23:25:48.316+0000] {dag.py:3096} INFO - Sync 1 DAGs
[2026-06-29T23:25:48.331+0000] {logging_mixin.py:188} INFO - [2026-06-29T23:25:48.331+0000] {dag.py:3954} INFO - Setting next_dagrun for pipeline_economia_br to 2026-06-28 08:00:00+00:00, run_after=2026-06-29 08:00:00+00:00
[2026-06-29T23:25:48.344+0000] {processor.py:183} INFO - Processing /opt/airflow/dags/pipeline_economia.py took 0.721 seconds
[2026-06-29T23:26:18.600+0000] {processor.py:161} INFO - Started process (PID=2179) to work on /opt/airflow/dags/pipeline_economia.py
[2026-06-29T23:26:18.601+0000] {processor.py:830} INFO - Processing file /opt/airflow/dags/pipeline_economia.py for tasks to queue
[2026-06-29T23:26:18.603+0000] {logging_mixin.py:188} INFO - [2026-06-29T23:26:18.603+0000] {dagbag.py:540} INFO - Filling up the DagBag from /opt/airflow/dags/pipeline_economia.py
[2026-06-29T23:26:19.139+0000] {processor.py:840} INFO - DAG(s) 'pipeline_economia_br' retrieved from /opt/airflow/dags/pipeline_economia.py
[2026-06-29T23:26:19.159+0000] {logging_mixin.py:188} INFO - [2026-06-29T23:26:19.159+0000] {dag.py:3096} INFO - Sync 1 DAGs
[2026-06-29T23:26:19.173+0000] {logging_mixin.py:188} INFO - [2026-06-29T23:26:19.172+0000] {dag.py:3954} INFO - Setting next_dagrun for pipeline_economia_br to 2026-06-28 08:00:00+00:00, run_after=2026-06-29 08:00:00+00:00
[2026-06-29T23:26:19.186+0000] {processor.py:183} INFO - Processing /opt/airflow/dags/pipeline_economia.py took 0.590 seconds
[2026-06-29T23:26:49.448+0000] {processor.py:161} INFO - Started process (PID=2186) to work on /opt/airflow/dags/pipeline_economia.py
[2026-06-29T23:26:49.449+0000] {processor.py:830} INFO - Processing file /opt/airflow/dags/pipeline_economia.py for tasks to queue
[2026-06-29T23:26:49.450+0000] {logging_mixin.py:188} INFO - [2026-06-29T23:26:49.450+0000] {dagbag.py:540} INFO - Filling up the DagBag from /opt/airflow/dags/pipeline_economia.py
[2026-06-29T23:26:50.002+0000] {processor.py:840} INFO - DAG(s) 'pipeline_economia_br' retrieved from /opt/airflow/dags/pipeline_economia.py
[2026-06-29T23:26:50.022+0000] {logging_mixin.py:188} INFO - [2026-06-29T23:26:50.022+0000] {dag.py:3096} INFO - Sync 1 DAGs
[2026-06-29T23:26:50.038+0000] {logging_mixin.py:188} INFO - [2026-06-29T23:26:50.038+0000] {dag.py:3954} INFO - Setting next_dagrun for pipeline_economia_br to 2026-06-28 08:00:00+00:00, run_after=2026-06-29 08:00:00+00:00
[2026-06-29T23:26:50.053+0000] {processor.py:183} INFO - Processing /opt/airflow/dags/pipeline_economia.py took 0.610 seconds
[2026-06-29T23:27:20.292+0000] {processor.py:161} INFO - Started process (PID=2193) to work on /opt/airflow/dags/pipeline_economia.py
[2026-06-29T23:27:20.294+0000] {processor.py:830} INFO - Processing file /opt/airflow/dags/pipeline_economia.py for tasks to queue
[2026-06-29T23:27:20.295+0000] {logging_mixin.py:188} INFO - [2026-06-29T23:27:20.295+0000] {dagbag.py:540} INFO - Filling up the DagBag from /opt/airflow/dags/pipeline_economia.py
[2026-06-29T23:27:20.854+0000] {processor.py:840} INFO - DAG(s) 'pipeline_economia_br' retrieved from /opt/airflow/dags/pipeline_economia.py
[2026-06-29T23:27:20.876+0000] {logging_mixin.py:188} INFO - [2026-06-29T23:27:20.876+0000] {dag.py:3096} INFO - Sync 1 DAGs
[2026-06-29T23:27:20.895+0000] {logging_mixin.py:188} INFO - [2026-06-29T23:27:20.895+0000] {dag.py:3954} INFO - Setting next_dagrun for pipeline_economia_br to 2026-06-28 08:00:00+00:00, run_after=2026-06-29 08:00:00+00:00
[2026-06-29T23:27:20.916+0000] {processor.py:183} INFO - Processing /opt/airflow/dags/pipeline_economia.py took 0.628 seconds
[2026-06-29T23:27:51.169+0000] {processor.py:161} INFO - Started process (PID=2200) to work on /opt/airflow/dags/pipeline_economia.py
[2026-06-29T23:27:51.170+0000] {processor.py:830} INFO - Processing file /opt/airflow/dags/pipeline_economia.py for tasks to queue
[2026-06-29T23:27:51.172+0000] {logging_mixin.py:188} INFO - [2026-06-29T23:27:51.171+0000] {dagbag.py:540} INFO - Filling up the DagBag from /opt/airflow/dags/pipeline_economia.py
[2026-06-29T23:27:51.724+0000] {processor.py:840} INFO - DAG(s) 'pipeline_economia_br' retrieved from /opt/airflow/dags/pipeline_economia.py
[2026-06-29T23:27:51.745+0000] {logging_mixin.py:188} INFO - [2026-06-29T23:27:51.745+0000] {dag.py:3096} INFO - Sync 1 DAGs
[2026-06-29T23:27:51.761+0000] {logging_mixin.py:188} INFO - [2026-06-29T23:27:51.761+0000] {dag.py:3954} INFO - Setting next_dagrun for pipeline_economia_br to 2026-06-28 08:00:00+00:00, run_after=2026-06-29 08:00:00+00:00
[2026-06-29T23:27:51.778+0000] {processor.py:183} INFO - Processing /opt/airflow/dags/pipeline_economia.py took 0.613 seconds
[2026-06-29T23:28:21.989+0000] {processor.py:161} INFO - Started process (PID=2207) to work on /opt/airflow/dags/pipeline_economia.py
[2026-06-29T23:28:21.990+0000] {processor.py:830} INFO - Processing file /opt/airflow/dags/pipeline_economia.py for tasks to queue
[2026-06-29T23:28:21.991+0000] {logging_mixin.py:188} INFO - [2026-06-29T23:28:21.991+0000] {dagbag.py:540} INFO - Filling up the DagBag from /opt/airflow/dags/pipeline_economia.py
[2026-06-29T23:28:22.589+0000] {processor.py:840} INFO - DAG(s) 'pipeline_economia_br' retrieved from /opt/airflow/dags/pipeline_economia.py
[2026-06-29T23:28:22.610+0000] {logging_mixin.py:188} INFO - [2026-06-29T23:28:22.610+0000] {dag.py:3096} INFO - Sync 1 DAGs
[2026-06-29T23:28:22.625+0000] {logging_mixin.py:188} INFO - [2026-06-29T23:28:22.625+0000] {dag.py:3954} INFO - Setting next_dagrun for pipeline_economia_br to 2026-06-28 08:00:00+00:00, run_after=2026-06-29 08:00:00+00:00
[2026-06-29T23:28:22.640+0000] {processor.py:183} INFO - Processing /opt/airflow/dags/pipeline_economia.py took 0.657 seconds
[2026-06-29T23:28:52.886+0000] {processor.py:161} INFO - Started process (PID=2214) to work on /opt/airflow/dags/pipeline_economia.py
[2026-06-29T23:28:52.887+0000] {processor.py:830} INFO - Processing file /opt/airflow/dags/pipeline_economia.py for tasks to queue
[2026-06-29T23:28:52.889+0000] {logging_mixin.py:188} INFO - [2026-06-29T23:28:52.889+0000] {dagbag.py:540} INFO - Filling up the DagBag from /opt/airflow/dags/pipeline_economia.py
[2026-06-29T23:28:53.546+0000] {processor.py:840} INFO - DAG(s) 'pipeline_economia_br' retrieved from /opt/airflow/dags/pipeline_economia.py
[2026-06-29T23:28:53.569+0000] {logging_mixin.py:188} INFO - [2026-06-29T23:28:53.568+0000] {dag.py:3096} INFO - Sync 1 DAGs
[2026-06-29T23:28:53.583+0000] {logging_mixin.py:188} INFO - [2026-06-29T23:28:53.583+0000] {dag.py:3954} INFO - Setting next_dagrun for pipeline_economia_br to 2026-06-28 08:00:00+00:00, run_after=2026-06-29 08:00:00+00:00
[2026-06-29T23:28:53.597+0000] {processor.py:183} INFO - Processing /opt/airflow/dags/pipeline_economia.py took 0.716 seconds
[2026-06-29T23:29:23.858+0000] {processor.py:161} INFO - Started process (PID=2221) to work on /opt/airflow/dags/pipeline_economia.py
[2026-06-29T23:29:23.859+0000] {processor.py:830} INFO - Processing file /opt/airflow/dags/pipeline_economia.py for tasks to queue
[2026-06-29T23:29:23.861+0000] {logging_mixin.py:188} INFO - [2026-06-29T23:29:23.861+0000] {dagbag.py:540} INFO - Filling up the DagBag from /opt/airflow/dags/pipeline_economia.py
[2026-06-29T23:29:24.386+0000] {processor.py:840} INFO - DAG(s) 'pipeline_economia_br' retrieved from /opt/airflow/dags/pipeline_economia.py
[2026-06-29T23:29:24.409+0000] {logging_mixin.py:188} INFO - [2026-06-29T23:29:24.408+0000] {dag.py:3096} INFO - Sync 1 DAGs
[2026-06-29T23:29:24.423+0000] {logging_mixin.py:188} INFO - [2026-06-29T23:29:24.423+0000] {dag.py:3954} INFO - Setting next_dagrun for pipeline_economia_br to 2026-06-28 08:00:00+00:00, run_after=2026-06-29 08:00:00+00:00
[2026-06-29T23:29:24.438+0000] {processor.py:183} INFO - Processing /opt/airflow/dags/pipeline_economia.py took 0.584 seconds
[2026-06-29T23:29:54.717+0000] {processor.py:161} INFO - Started process (PID=2228) to work on /opt/airflow/dags/pipeline_economia.py
[2026-06-29T23:29:54.718+0000] {processor.py:830} INFO - Processing file /opt/airflow/dags/pipeline_economia.py for tasks to queue
[2026-06-29T23:29:54.720+0000] {logging_mixin.py:188} INFO - [2026-06-29T23:29:54.720+0000] {dagbag.py:540} INFO - Filling up the DagBag from /opt/airflow/dags/pipeline_economia.py
[2026-06-29T23:29:55.383+0000] {processor.py:840} INFO - DAG(s) 'pipeline_economia_br' retrieved from /opt/airflow/dags/pipeline_economia.py
[2026-06-29T23:29:55.409+0000] {logging_mixin.py:188} INFO - [2026-06-29T23:29:55.409+0000] {dag.py:3096} INFO - Sync 1 DAGs
[2026-06-29T23:29:55.424+0000] {logging_mixin.py:188} INFO - [2026-06-29T23:29:55.424+0000] {dag.py:3954} INFO - Setting next_dagrun for pipeline_economia_br to 2026-06-28 08:00:00+00:00, run_after=2026-06-29 08:00:00+00:00
[2026-06-29T23:29:55.440+0000] {processor.py:183} INFO - Processing /opt/airflow/dags/pipeline_economia.py took 0.729 seconds
[2026-06-29T23:30:25.690+0000] {processor.py:161} INFO - Started process (PID=2235) to work on /opt/airflow/dags/pipeline_economia.py
[2026-06-29T23:30:25.691+0000] {processor.py:830} INFO - Processing file /opt/airflow/dags/pipeline_economia.py for tasks to queue
[2026-06-29T23:30:25.693+0000] {logging_mixin.py:188} INFO - [2026-06-29T23:30:25.693+0000] {dagbag.py:540} INFO - Filling up the DagBag from /opt/airflow/dags/pipeline_economia.py
[2026-06-29T23:30:26.484+0000] {processor.py:840} INFO - DAG(s) 'pipeline_economia_br' retrieved from /opt/airflow/dags/pipeline_economia.py
[2026-06-29T23:30:26.507+0000] {logging_mixin.py:188} INFO - [2026-06-29T23:30:26.507+0000] {dag.py:3096} INFO - Sync 1 DAGs
[2026-06-29T23:30:26.520+0000] {logging_mixin.py:188} INFO - [2026-06-29T23:30:26.520+0000] {dag.py:3954} INFO - Setting next_dagrun for pipeline_economia_br to 2026-06-28 08:00:00+00:00, run_after=2026-06-29 08:00:00+00:00
[2026-06-29T23:30:26.532+0000] {processor.py:183} INFO - Processing /opt/airflow/dags/pipeline_economia.py took 0.847 seconds
[2026-06-29T23:30:56.786+0000] {processor.py:161} INFO - Started process (PID=2242) to work on /opt/airflow/dags/pipeline_economia.py
[2026-06-29T23:30:56.787+0000] {processor.py:830} INFO - Processing file /opt/airflow/dags/pipeline_economia.py for tasks to queue
[2026-06-29T23:30:56.788+0000] {logging_mixin.py:188} INFO - [2026-06-29T23:30:56.788+0000] {dagbag.py:540} INFO - Filling up the DagBag from /opt/airflow/dags/pipeline_economia.py
[2026-06-29T23:30:57.398+0000] {processor.py:840} INFO - DAG(s) 'pipeline_economia_br' retrieved from /opt/airflow/dags/pipeline_economia.py
[2026-06-29T23:30:57.418+0000] {logging_mixin.py:188} INFO - [2026-06-29T23:30:57.417+0000] {dag.py:3096} INFO - Sync 1 DAGs
[2026-06-29T23:30:57.432+0000] {logging_mixin.py:188} INFO - [2026-06-29T23:30:57.432+0000] {dag.py:3954} INFO - Setting next_dagrun for pipeline_economia_br to 2026-06-28 08:00:00+00:00, run_after=2026-06-29 08:00:00+00:00
[2026-06-29T23:30:57.447+0000] {processor.py:183} INFO - Processing /opt/airflow/dags/pipeline_economia.py took 0.667 seconds
[2026-06-29T23:31:27.695+0000] {processor.py:161} INFO - Started process (PID=2249) to work on /opt/airflow/dags/pipeline_economia.py
[2026-06-29T23:31:27.697+0000] {processor.py:830} INFO - Processing file /opt/airflow/dags/pipeline_economia.py for tasks to queue
[2026-06-29T23:31:27.698+0000] {logging_mixin.py:188} INFO - [2026-06-29T23:31:27.698+0000] {dagbag.py:540} INFO - Filling up the DagBag from /opt/airflow/dags/pipeline_economia.py
[2026-06-29T23:31:28.417+0000] {processor.py:840} INFO - DAG(s) 'pipeline_economia_br' retrieved from /opt/airflow/dags/pipeline_economia.py
[2026-06-29T23:31:28.443+0000] {logging_mixin.py:188} INFO - [2026-06-29T23:31:28.443+0000] {dag.py:3096} INFO - Sync 1 DAGs
[2026-06-29T23:31:28.459+0000] {logging_mixin.py:188} INFO - [2026-06-29T23:31:28.458+0000] {dag.py:3954} INFO - Setting next_dagrun for pipeline_economia_br to 2026-06-28 08:00:00+00:00, run_after=2026-06-29 08:00:00+00:00
[2026-06-29T23:31:28.473+0000] {processor.py:183} INFO - Processing /opt/airflow/dags/pipeline_economia.py took 0.783 seconds
[2026-06-29T23:31:58.563+0000] {processor.py:161} INFO - Started process (PID=2256) to work on /opt/airflow/dags/pipeline_economia.py
[2026-06-29T23:31:58.564+0000] {processor.py:830} INFO - Processing file /opt/airflow/dags/pipeline_economia.py for tasks to queue
[2026-06-29T23:31:58.566+0000] {logging_mixin.py:188} INFO - [2026-06-29T23:31:58.565+0000] {dagbag.py:540} INFO - Filling up the DagBag from /opt/airflow/dags/pipeline_economia.py
[2026-06-29T23:31:59.110+0000] {processor.py:840} INFO - DAG(s) 'pipeline_economia_br' retrieved from /opt/airflow/dags/pipeline_economia.py
[2026-06-29T23:31:59.130+0000] {logging_mixin.py:188} INFO - [2026-06-29T23:31:59.129+0000] {dag.py:3096} INFO - Sync 1 DAGs
[2026-06-29T23:31:59.144+0000] {logging_mixin.py:188} INFO - [2026-06-29T23:31:59.144+0000] {dag.py:3954} INFO - Setting next_dagrun for pipeline_economia_br to 2026-06-28 08:00:00+00:00, run_after=2026-06-29 08:00:00+00:00
[2026-06-29T23:31:59.157+0000] {processor.py:183} INFO - Processing /opt/airflow/dags/pipeline_economia.py took 0.600 seconds
[2026-06-29T23:32:29.435+0000] {processor.py:161} INFO - Started process (PID=2263) to work on /opt/airflow/dags/pipeline_economia.py
[2026-06-29T23:32:29.436+0000] {processor.py:830} INFO - Processing file /opt/airflow/dags/pipeline_economia.py for tasks to queue
[2026-06-29T23:32:29.438+0000] {logging_mixin.py:188} INFO - [2026-06-29T23:32:29.437+0000] {dagbag.py:540} INFO - Filling up the DagBag from /opt/airflow/dags/pipeline_economia.py
[2026-06-29T23:32:30.111+0000] {processor.py:840} INFO - DAG(s) 'pipeline_economia_br' retrieved from /opt/airflow/dags/pipeline_economia.py
[2026-06-29T23:32:30.137+0000] {logging_mixin.py:188} INFO - [2026-06-29T23:32:30.136+0000] {dag.py:3096} INFO - Sync 1 DAGs
[2026-06-29T23:32:30.151+0000] {logging_mixin.py:188} INFO - [2026-06-29T23:32:30.150+0000] {dag.py:3954} INFO - Setting next_dagrun for pipeline_economia_br to 2026-06-28 08:00:00+00:00, run_after=2026-06-29 08:00:00+00:00
[2026-06-29T23:32:30.165+0000] {processor.py:183} INFO - Processing /opt/airflow/dags/pipeline_economia.py took 0.736 seconds
[2026-06-29T23:33:00.382+0000] {processor.py:161} INFO - Started process (PID=2270) to work on /opt/airflow/dags/pipeline_economia.py
[2026-06-29T23:33:00.383+0000] {processor.py:830} INFO - Processing file /opt/airflow/dags/pipeline_economia.py for tasks to queue
[2026-06-29T23:33:00.385+0000] {logging_mixin.py:188} INFO - [2026-06-29T23:33:00.385+0000] {dagbag.py:540} INFO - Filling up the DagBag from /opt/airflow/dags/pipeline_economia.py
[2026-06-29T23:33:00.911+0000] {processor.py:840} INFO - DAG(s) 'pipeline_economia_br' retrieved from /opt/airflow/dags/pipeline_economia.py
[2026-06-29T23:33:00.930+0000] {logging_mixin.py:188} INFO - [2026-06-29T23:33:00.930+0000] {dag.py:3096} INFO - Sync 1 DAGs
[2026-06-29T23:33:00.944+0000] {logging_mixin.py:188} INFO - [2026-06-29T23:33:00.943+0000] {dag.py:3954} INFO - Setting next_dagrun for pipeline_economia_br to 2026-06-28 08:00:00+00:00, run_after=2026-06-29 08:00:00+00:00
[2026-06-29T23:33:00.959+0000] {processor.py:183} INFO - Processing /opt/airflow/dags/pipeline_economia.py took 0.582 seconds
[2026-06-29T23:33:31.224+0000] {processor.py:161} INFO - Started process (PID=2277) to work on /opt/airflow/dags/pipeline_economia.py
[2026-06-29T23:33:31.225+0000] {processor.py:830} INFO - Processing file /opt/airflow/dags/pipeline_economia.py for tasks to queue
[2026-06-29T23:33:31.227+0000] {logging_mixin.py:188} INFO - [2026-06-29T23:33:31.227+0000] {dagbag.py:540} INFO - Filling up the DagBag from /opt/airflow/dags/pipeline_economia.py
[2026-06-29T23:33:31.783+0000] {processor.py:840} INFO - DAG(s) 'pipeline_economia_br' retrieved from /opt/airflow/dags/pipeline_economia.py
[2026-06-29T23:33:31.802+0000] {logging_mixin.py:188} INFO - [2026-06-29T23:33:31.802+0000] {dag.py:3096} INFO - Sync 1 DAGs
[2026-06-29T23:33:31.816+0000] {logging_mixin.py:188} INFO - [2026-06-29T23:33:31.815+0000] {dag.py:3954} INFO - Setting next_dagrun for pipeline_economia_br to 2026-06-28 08:00:00+00:00, run_after=2026-06-29 08:00:00+00:00
[2026-06-29T23:33:31.830+0000] {processor.py:183} INFO - Processing /opt/airflow/dags/pipeline_economia.py took 0.611 seconds
[2026-06-29T23:34:02.070+0000] {processor.py:161} INFO - Started process (PID=2284) to work on /opt/airflow/dags/pipeline_economia.py
[2026-06-29T23:34:02.072+0000] {processor.py:830} INFO - Processing file /opt/airflow/dags/pipeline_economia.py for tasks to queue
[2026-06-29T23:34:02.073+0000] {logging_mixin.py:188} INFO - [2026-06-29T23:34:02.073+0000] {dagbag.py:540} INFO - Filling up the DagBag from /opt/airflow/dags/pipeline_economia.py
[2026-06-29T23:34:02.587+0000] {processor.py:840} INFO - DAG(s) 'pipeline_economia_br' retrieved from /opt/airflow/dags/pipeline_economia.py
[2026-06-29T23:34:02.605+0000] {logging_mixin.py:188} INFO - [2026-06-29T23:34:02.605+0000] {dag.py:3096} INFO - Sync 1 DAGs
[2026-06-29T23:34:02.619+0000] {logging_mixin.py:188} INFO - [2026-06-29T23:34:02.618+0000] {dag.py:3954} INFO - Setting next_dagrun for pipeline_economia_br to 2026-06-28 08:00:00+00:00, run_after=2026-06-29 08:00:00+00:00
[2026-06-29T23:34:02.634+0000] {processor.py:183} INFO - Processing /opt/airflow/dags/pipeline_economia.py took 0.570 seconds
[2026-06-29T23:34:32.894+0000] {processor.py:161} INFO - Started process (PID=2291) to work on /opt/airflow/dags/pipeline_economia.py
[2026-06-29T23:34:32.895+0000] {processor.py:830} INFO - Processing file /opt/airflow/dags/pipeline_economia.py for tasks to queue
[2026-06-29T23:34:32.896+0000] {logging_mixin.py:188} INFO - [2026-06-29T23:34:32.896+0000] {dagbag.py:540} INFO - Filling up the DagBag from /opt/airflow/dags/pipeline_economia.py
[2026-06-29T23:34:33.474+0000] {processor.py:840} INFO - DAG(s) 'pipeline_economia_br' retrieved from /opt/airflow/dags/pipeline_economia.py
[2026-06-29T23:34:33.494+0000] {logging_mixin.py:188} INFO - [2026-06-29T23:34:33.494+0000] {dag.py:3096} INFO - Sync 1 DAGs
[2026-06-29T23:34:33.510+0000] {logging_mixin.py:188} INFO - [2026-06-29T23:34:33.510+0000] {dag.py:3954} INFO - Setting next_dagrun for pipeline_economia_br to 2026-06-28 08:00:00+00:00, run_after=2026-06-29 08:00:00+00:00
[2026-06-29T23:34:33.526+0000] {processor.py:183} INFO - Processing /opt/airflow/dags/pipeline_economia.py took 0.637 seconds
[2026-06-29T23:35:03.783+0000] {processor.py:161} INFO - Started process (PID=2298) to work on /opt/airflow/dags/pipeline_economia.py
[2026-06-29T23:35:03.784+0000] {processor.py:830} INFO - Processing file /opt/airflow/dags/pipeline_economia.py for tasks to queue
[2026-06-29T23:35:03.786+0000] {logging_mixin.py:188} INFO - [2026-06-29T23:35:03.786+0000] {dagbag.py:540} INFO - Filling up the DagBag from /opt/airflow/dags/pipeline_economia.py
[2026-06-29T23:35:04.347+0000] {processor.py:840} INFO - DAG(s) 'pipeline_economia_br' retrieved from /opt/airflow/dags/pipeline_economia.py
[2026-06-29T23:35:04.368+0000] {logging_mixin.py:188} INFO - [2026-06-29T23:35:04.367+0000] {dag.py:3096} INFO - Sync 1 DAGs
[2026-06-29T23:35:04.385+0000] {logging_mixin.py:188} INFO - [2026-06-29T23:35:04.385+0000] {dag.py:3954} INFO - Setting next_dagrun for pipeline_economia_br to 2026-06-28 08:00:00+00:00, run_after=2026-06-29 08:00:00+00:00
[2026-06-29T23:35:04.400+0000] {processor.py:183} INFO - Processing /opt/airflow/dags/pipeline_economia.py took 0.622 seconds
[2026-06-29T23:35:34.685+0000] {processor.py:161} INFO - Started process (PID=2305) to work on /opt/airflow/dags/pipeline_economia.py
[2026-06-29T23:35:34.686+0000] {processor.py:830} INFO - Processing file /opt/airflow/dags/pipeline_economia.py for tasks to queue
[2026-06-29T23:35:34.688+0000] {logging_mixin.py:188} INFO - [2026-06-29T23:35:34.687+0000] {dagbag.py:540} INFO - Filling up the DagBag from /opt/airflow/dags/pipeline_economia.py
[2026-06-29T23:35:35.228+0000] {processor.py:840} INFO - DAG(s) 'pipeline_economia_br' retrieved from /opt/airflow/dags/pipeline_economia.py
[2026-06-29T23:35:35.248+0000] {logging_mixin.py:188} INFO - [2026-06-29T23:35:35.248+0000] {dag.py:3096} INFO - Sync 1 DAGs
[2026-06-29T23:35:35.261+0000] {logging_mixin.py:188} INFO - [2026-06-29T23:35:35.261+0000] {dag.py:3954} INFO - Setting next_dagrun for pipeline_economia_br to 2026-06-28 08:00:00+00:00, run_after=2026-06-29 08:00:00+00:00
[2026-06-29T23:35:35.276+0000] {processor.py:183} INFO - Processing /opt/airflow/dags/pipeline_economia.py took 0.596 seconds
[2026-06-29T23:36:05.502+0000] {processor.py:161} INFO - Started process (PID=2312) to work on /opt/airflow/dags/pipeline_economia.py
[2026-06-29T23:36:05.503+0000] {processor.py:830} INFO - Processing file /opt/airflow/dags/pipeline_economia.py for tasks to queue
[2026-06-29T23:36:05.505+0000] {logging_mixin.py:188} INFO - [2026-06-29T23:36:05.505+0000] {dagbag.py:540} INFO - Filling up the DagBag from /opt/airflow/dags/pipeline_economia.py
[2026-06-29T23:36:06.094+0000] {processor.py:840} INFO - DAG(s) 'pipeline_economia_br' retrieved from /opt/airflow/dags/pipeline_economia.py
[2026-06-29T23:36:06.116+0000] {logging_mixin.py:188} INFO - [2026-06-29T23:36:06.116+0000] {dag.py:3096} INFO - Sync 1 DAGs
[2026-06-29T23:36:06.131+0000] {logging_mixin.py:188} INFO - [2026-06-29T23:36:06.131+0000] {dag.py:3954} INFO - Setting next_dagrun for pipeline_economia_br to 2026-06-28 08:00:00+00:00, run_after=2026-06-29 08:00:00+00:00
[2026-06-29T23:36:06.149+0000] {processor.py:183} INFO - Processing /opt/airflow/dags/pipeline_economia.py took 0.652 seconds
[2026-06-29T23:36:36.414+0000] {processor.py:161} INFO - Started process (PID=2319) to work on /opt/airflow/dags/pipeline_economia.py
[2026-06-29T23:36:36.415+0000] {processor.py:830} INFO - Processing file /opt/airflow/dags/pipeline_economia.py for tasks to queue
[2026-06-29T23:36:36.417+0000] {logging_mixin.py:188} INFO - [2026-06-29T23:36:36.417+0000] {dagbag.py:540} INFO - Filling up the DagBag from /opt/airflow/dags/pipeline_economia.py
[2026-06-29T23:36:36.976+0000] {processor.py:840} INFO - DAG(s) 'pipeline_economia_br' retrieved from /opt/airflow/dags/pipeline_economia.py
[2026-06-29T23:36:36.996+0000] {logging_mixin.py:188} INFO - [2026-06-29T23:36:36.996+0000] {dag.py:3096} INFO - Sync 1 DAGs
[2026-06-29T23:36:37.010+0000] {logging_mixin.py:188} INFO - [2026-06-29T23:36:37.010+0000] {dag.py:3954} INFO - Setting next_dagrun for pipeline_economia_br to 2026-06-28 08:00:00+00:00, run_after=2026-06-29 08:00:00+00:00
[2026-06-29T23:36:37.025+0000] {processor.py:183} INFO - Processing /opt/airflow/dags/pipeline_economia.py took 0.615 seconds
[2026-06-29T23:37:07.283+0000] {processor.py:161} INFO - Started process (PID=2326) to work on /opt/airflow/dags/pipeline_economia.py
[2026-06-29T23:37:07.284+0000] {processor.py:830} INFO - Processing file /opt/airflow/dags/pipeline_economia.py for tasks to queue
[2026-06-29T23:37:07.285+0000] {logging_mixin.py:188} INFO - [2026-06-29T23:37:07.285+0000] {dagbag.py:540} INFO - Filling up the DagBag from /opt/airflow/dags/pipeline_economia.py
[2026-06-29T23:37:07.834+0000] {processor.py:840} INFO - DAG(s) 'pipeline_economia_br' retrieved from /opt/airflow/dags/pipeline_economia.py
[2026-06-29T23:37:07.853+0000] {logging_mixin.py:188} INFO - [2026-06-29T23:37:07.853+0000] {dag.py:3096} INFO - Sync 1 DAGs
[2026-06-29T23:37:07.866+0000] {logging_mixin.py:188} INFO - [2026-06-29T23:37:07.866+0000] {dag.py:3954} INFO - Setting next_dagrun for pipeline_economia_br to 2026-06-28 08:00:00+00:00, run_after=2026-06-29 08:00:00+00:00
[2026-06-29T23:37:07.881+0000] {processor.py:183} INFO - Processing /opt/airflow/dags/pipeline_economia.py took 0.603 seconds
[2026-06-29T23:37:38.151+0000] {processor.py:161} INFO - Started process (PID=2333) to work on /opt/airflow/dags/pipeline_economia.py
[2026-06-29T23:37:38.152+0000] {processor.py:830} INFO - Processing file /opt/airflow/dags/pipeline_economia.py for tasks to queue
[2026-06-29T23:37:38.154+0000] {logging_mixin.py:188} INFO - [2026-06-29T23:37:38.153+0000] {dagbag.py:540} INFO - Filling up the DagBag from /opt/airflow/dags/pipeline_economia.py
[2026-06-29T23:37:38.703+0000] {processor.py:840} INFO - DAG(s) 'pipeline_economia_br' retrieved from /opt/airflow/dags/pipeline_economia.py
[2026-06-29T23:37:38.722+0000] {logging_mixin.py:188} INFO - [2026-06-29T23:37:38.722+0000] {dag.py:3096} INFO - Sync 1 DAGs
[2026-06-29T23:37:38.737+0000] {logging_mixin.py:188} INFO - [2026-06-29T23:37:38.737+0000] {dag.py:3954} INFO - Setting next_dagrun for pipeline_economia_br to 2026-06-28 08:00:00+00:00, run_after=2026-06-29 08:00:00+00:00
[2026-06-29T23:37:38.751+0000] {processor.py:183} INFO - Processing /opt/airflow/dags/pipeline_economia.py took 0.605 seconds
[2026-06-29T23:38:09.003+0000] {processor.py:161} INFO - Started process (PID=2340) to work on /opt/airflow/dags/pipeline_economia.py
[2026-06-29T23:38:09.004+0000] {processor.py:830} INFO - Processing file /opt/airflow/dags/pipeline_economia.py for tasks to queue
[2026-06-29T23:38:09.006+0000] {logging_mixin.py:188} INFO - [2026-06-29T23:38:09.005+0000] {dagbag.py:540} INFO - Filling up the DagBag from /opt/airflow/dags/pipeline_economia.py
[2026-06-29T23:38:09.554+0000] {processor.py:840} INFO - DAG(s) 'pipeline_economia_br' retrieved from /opt/airflow/dags/pipeline_economia.py
[2026-06-29T23:38:09.574+0000] {logging_mixin.py:188} INFO - [2026-06-29T23:38:09.572+0000] {dag.py:3096} INFO - Sync 1 DAGs
[2026-06-29T23:38:09.588+0000] {logging_mixin.py:188} INFO - [2026-06-29T23:38:09.587+0000] {dag.py:3954} INFO - Setting next_dagrun for pipeline_economia_br to 2026-06-28 08:00:00+00:00, run_after=2026-06-29 08:00:00+00:00
[2026-06-29T23:38:09.602+0000] {processor.py:183} INFO - Processing /opt/airflow/dags/pipeline_economia.py took 0.604 seconds
[2026-06-29T23:38:39.864+0000] {processor.py:161} INFO - Started process (PID=2347) to work on /opt/airflow/dags/pipeline_economia.py
[2026-06-29T23:38:39.865+0000] {processor.py:830} INFO - Processing file /opt/airflow/dags/pipeline_economia.py for tasks to queue
[2026-06-29T23:38:39.867+0000] {logging_mixin.py:188} INFO - [2026-06-29T23:38:39.867+0000] {dagbag.py:540} INFO - Filling up the DagBag from /opt/airflow/dags/pipeline_economia.py
[2026-06-29T23:38:40.380+0000] {processor.py:840} INFO - DAG(s) 'pipeline_economia_br' retrieved from /opt/airflow/dags/pipeline_economia.py
[2026-06-29T23:38:40.400+0000] {logging_mixin.py:188} INFO - [2026-06-29T23:38:40.400+0000] {dag.py:3096} INFO - Sync 1 DAGs
[2026-06-29T23:38:40.414+0000] {logging_mixin.py:188} INFO - [2026-06-29T23:38:40.414+0000] {dag.py:3954} INFO - Setting next_dagrun for pipeline_economia_br to 2026-06-28 08:00:00+00:00, run_after=2026-06-29 08:00:00+00:00
[2026-06-29T23:38:40.427+0000] {processor.py:183} INFO - Processing /opt/airflow/dags/pipeline_economia.py took 0.568 seconds
[2026-06-29T23:39:10.656+0000] {processor.py:161} INFO - Started process (PID=2354) to work on /opt/airflow/dags/pipeline_economia.py
[2026-06-29T23:39:10.657+0000] {processor.py:830} INFO - Processing file /opt/airflow/dags/pipeline_economia.py for tasks to queue
[2026-06-29T23:39:10.658+0000] {logging_mixin.py:188} INFO - [2026-06-29T23:39:10.658+0000] {dagbag.py:540} INFO - Filling up the DagBag from /opt/airflow/dags/pipeline_economia.py
[2026-06-29T23:39:11.236+0000] {processor.py:840} INFO - DAG(s) 'pipeline_economia_br' retrieved from /opt/airflow/dags/pipeline_economia.py
[2026-06-29T23:39:11.257+0000] {logging_mixin.py:188} INFO - [2026-06-29T23:39:11.257+0000] {dag.py:3096} INFO - Sync 1 DAGs
[2026-06-29T23:39:11.271+0000] {logging_mixin.py:188} INFO - [2026-06-29T23:39:11.271+0000] {dag.py:3954} INFO - Setting next_dagrun for pipeline_economia_br to 2026-06-28 08:00:00+00:00, run_after=2026-06-29 08:00:00+00:00
[2026-06-29T23:39:11.285+0000] {processor.py:183} INFO - Processing /opt/airflow/dags/pipeline_economia.py took 0.636 seconds
[2026-06-29T23:39:41.548+0000] {processor.py:161} INFO - Started process (PID=2361) to work on /opt/airflow/dags/pipeline_economia.py
[2026-06-29T23:39:41.549+0000] {processor.py:830} INFO - Processing file /opt/airflow/dags/pipeline_economia.py for tasks to queue
[2026-06-29T23:39:41.551+0000] {logging_mixin.py:188} INFO - [2026-06-29T23:39:41.551+0000] {dagbag.py:540} INFO - Filling up the DagBag from /opt/airflow/dags/pipeline_economia.py
[2026-06-29T23:39:42.119+0000] {processor.py:840} INFO - DAG(s) 'pipeline_economia_br' retrieved from /opt/airflow/dags/pipeline_economia.py
[2026-06-29T23:39:42.149+0000] {logging_mixin.py:188} INFO - [2026-06-29T23:39:42.148+0000] {dag.py:3096} INFO - Sync 1 DAGs
[2026-06-29T23:39:42.164+0000] {logging_mixin.py:188} INFO - [2026-06-29T23:39:42.164+0000] {dag.py:3954} INFO - Setting next_dagrun for pipeline_economia_br to 2026-06-28 08:00:00+00:00, run_after=2026-06-29 08:00:00+00:00
[2026-06-29T23:39:42.178+0000] {processor.py:183} INFO - Processing /opt/airflow/dags/pipeline_economia.py took 0.636 seconds
[2026-06-29T23:40:12.423+0000] {processor.py:161} INFO - Started process (PID=2368) to work on /opt/airflow/dags/pipeline_economia.py
[2026-06-29T23:40:12.424+0000] {processor.py:830} INFO - Processing file /opt/airflow/dags/pipeline_economia.py for tasks to queue
[2026-06-29T23:40:12.426+0000] {logging_mixin.py:188} INFO - [2026-06-29T23:40:12.426+0000] {dagbag.py:540} INFO - Filling up the DagBag from /opt/airflow/dags/pipeline_economia.py
[2026-06-29T23:40:12.972+0000] {processor.py:840} INFO - DAG(s) 'pipeline_economia_br' retrieved from /opt/airflow/dags/pipeline_economia.py
[2026-06-29T23:40:12.991+0000] {logging_mixin.py:188} INFO - [2026-06-29T23:40:12.991+0000] {dag.py:3096} INFO - Sync 1 DAGs
[2026-06-29T23:40:13.004+0000] {logging_mixin.py:188} INFO - [2026-06-29T23:40:13.004+0000] {dag.py:3954} INFO - Setting next_dagrun for pipeline_economia_br to 2026-06-28 08:00:00+00:00, run_after=2026-06-29 08:00:00+00:00
[2026-06-29T23:40:13.019+0000] {processor.py:183} INFO - Processing /opt/airflow/dags/pipeline_economia.py took 0.602 seconds
[2026-06-29T23:40:43.296+0000] {processor.py:161} INFO - Started process (PID=2375) to work on /opt/airflow/dags/pipeline_economia.py
[2026-06-29T23:40:43.297+0000] {processor.py:830} INFO - Processing file /opt/airflow/dags/pipeline_economia.py for tasks to queue
[2026-06-29T23:40:43.299+0000] {logging_mixin.py:188} INFO - [2026-06-29T23:40:43.299+0000] {dagbag.py:540} INFO - Filling up the DagBag from /opt/airflow/dags/pipeline_economia.py
[2026-06-29T23:40:44.015+0000] {processor.py:840} INFO - DAG(s) 'pipeline_economia_br' retrieved from /opt/airflow/dags/pipeline_economia.py
[2026-06-29T23:40:44.037+0000] {logging_mixin.py:188} INFO - [2026-06-29T23:40:44.037+0000] {dag.py:3096} INFO - Sync 1 DAGs
[2026-06-29T23:40:44.052+0000] {logging_mixin.py:188} INFO - [2026-06-29T23:40:44.052+0000] {dag.py:3954} INFO - Setting next_dagrun for pipeline_economia_br to 2026-06-28 08:00:00+00:00, run_after=2026-06-29 08:00:00+00:00
[2026-06-29T23:40:44.066+0000] {processor.py:183} INFO - Processing /opt/airflow/dags/pipeline_economia.py took 0.777 seconds
[2026-06-29T23:41:14.328+0000] {processor.py:161} INFO - Started process (PID=2382) to work on /opt/airflow/dags/pipeline_economia.py
[2026-06-29T23:41:14.329+0000] {processor.py:830} INFO - Processing file /opt/airflow/dags/pipeline_economia.py for tasks to queue
[2026-06-29T23:41:14.331+0000] {logging_mixin.py:188} INFO - [2026-06-29T23:41:14.331+0000] {dagbag.py:540} INFO - Filling up the DagBag from /opt/airflow/dags/pipeline_economia.py
[2026-06-29T23:41:14.880+0000] {processor.py:840} INFO - DAG(s) 'pipeline_economia_br' retrieved from /opt/airflow/dags/pipeline_economia.py
[2026-06-29T23:41:14.899+0000] {logging_mixin.py:188} INFO - [2026-06-29T23:41:14.898+0000] {dag.py:3096} INFO - Sync 1 DAGs
[2026-06-29T23:41:14.914+0000] {logging_mixin.py:188} INFO - [2026-06-29T23:41:14.914+0000] {dag.py:3954} INFO - Setting next_dagrun for pipeline_economia_br to 2026-06-28 08:00:00+00:00, run_after=2026-06-29 08:00:00+00:00
[2026-06-29T23:41:14.928+0000] {processor.py:183} INFO - Processing /opt/airflow/dags/pipeline_economia.py took 0.605 seconds
[2026-06-29T23:41:45.104+0000] {processor.py:161} INFO - Started process (PID=2389) to work on /opt/airflow/dags/pipeline_economia.py
[2026-06-29T23:41:45.105+0000] {processor.py:830} INFO - Processing file /opt/airflow/dags/pipeline_economia.py for tasks to queue
[2026-06-29T23:41:45.107+0000] {logging_mixin.py:188} INFO - [2026-06-29T23:41:45.107+0000] {dagbag.py:540} INFO - Filling up the DagBag from /opt/airflow/dags/pipeline_economia.py
[2026-06-29T23:41:45.757+0000] {processor.py:840} INFO - DAG(s) 'pipeline_economia_br' retrieved from /opt/airflow/dags/pipeline_economia.py
[2026-06-29T23:41:45.782+0000] {logging_mixin.py:188} INFO - [2026-06-29T23:41:45.781+0000] {dag.py:3096} INFO - Sync 1 DAGs
[2026-06-29T23:41:45.796+0000] {logging_mixin.py:188} INFO - [2026-06-29T23:41:45.795+0000] {dag.py:3954} INFO - Setting next_dagrun for pipeline_economia_br to 2026-06-28 08:00:00+00:00, run_after=2026-06-29 08:00:00+00:00
[2026-06-29T23:41:45.809+0000] {processor.py:183} INFO - Processing /opt/airflow/dags/pipeline_economia.py took 0.710 seconds
[2026-06-29T23:42:16.074+0000] {processor.py:161} INFO - Started process (PID=2396) to work on /opt/airflow/dags/pipeline_economia.py
[2026-06-29T23:42:16.075+0000] {processor.py:830} INFO - Processing file /opt/airflow/dags/pipeline_economia.py for tasks to queue
[2026-06-29T23:42:16.077+0000] {logging_mixin.py:188} INFO - [2026-06-29T23:42:16.077+0000] {dagbag.py:540} INFO - Filling up the DagBag from /opt/airflow/dags/pipeline_economia.py
[2026-06-29T23:42:16.631+0000] {processor.py:840} INFO - DAG(s) 'pipeline_economia_br' retrieved from /opt/airflow/dags/pipeline_economia.py
[2026-06-29T23:42:16.650+0000] {logging_mixin.py:188} INFO - [2026-06-29T23:42:16.649+0000] {dag.py:3096} INFO - Sync 1 DAGs
[2026-06-29T23:42:16.664+0000] {logging_mixin.py:188} INFO - [2026-06-29T23:42:16.664+0000] {dag.py:3954} INFO - Setting next_dagrun for pipeline_economia_br to 2026-06-28 08:00:00+00:00, run_after=2026-06-29 08:00:00+00:00
[2026-06-29T23:42:16.678+0000] {processor.py:183} INFO - Processing /opt/airflow/dags/pipeline_economia.py took 0.609 seconds
[2026-06-29T23:42:46.918+0000] {processor.py:161} INFO - Started process (PID=2403) to work on /opt/airflow/dags/pipeline_economia.py
[2026-06-29T23:42:46.919+0000] {processor.py:830} INFO - Processing file /opt/airflow/dags/pipeline_economia.py for tasks to queue
[2026-06-29T23:42:46.921+0000] {logging_mixin.py:188} INFO - [2026-06-29T23:42:46.920+0000] {dagbag.py:540} INFO - Filling up the DagBag from /opt/airflow/dags/pipeline_economia.py
[2026-06-29T23:42:47.588+0000] {processor.py:840} INFO - DAG(s) 'pipeline_economia_br' retrieved from /opt/airflow/dags/pipeline_economia.py
[2026-06-29T23:42:47.611+0000] {logging_mixin.py:188} INFO - [2026-06-29T23:42:47.610+0000] {dag.py:3096} INFO - Sync 1 DAGs
[2026-06-29T23:42:47.624+0000] {logging_mixin.py:188} INFO - [2026-06-29T23:42:47.624+0000] {dag.py:3954} INFO - Setting next_dagrun for pipeline_economia_br to 2026-06-28 08:00:00+00:00, run_after=2026-06-29 08:00:00+00:00
[2026-06-29T23:42:47.636+0000] {processor.py:183} INFO - Processing /opt/airflow/dags/pipeline_economia.py took 0.723 seconds
[2026-06-29T23:43:17.851+0000] {processor.py:161} INFO - Started process (PID=2410) to work on /opt/airflow/dags/pipeline_economia.py
[2026-06-29T23:43:17.852+0000] {processor.py:830} INFO - Processing file /opt/airflow/dags/pipeline_economia.py for tasks to queue
[2026-06-29T23:43:17.853+0000] {logging_mixin.py:188} INFO - [2026-06-29T23:43:17.853+0000] {dagbag.py:540} INFO - Filling up the DagBag from /opt/airflow/dags/pipeline_economia.py
[2026-06-29T23:43:18.397+0000] {processor.py:840} INFO - DAG(s) 'pipeline_economia_br' retrieved from /opt/airflow/dags/pipeline_economia.py
[2026-06-29T23:43:18.416+0000] {logging_mixin.py:188} INFO - [2026-06-29T23:43:18.415+0000] {dag.py:3096} INFO - Sync 1 DAGs
[2026-06-29T23:43:18.429+0000] {logging_mixin.py:188} INFO - [2026-06-29T23:43:18.429+0000] {dag.py:3954} INFO - Setting next_dagrun for pipeline_economia_br to 2026-06-28 08:00:00+00:00, run_after=2026-06-29 08:00:00+00:00
[2026-06-29T23:43:18.443+0000] {processor.py:183} INFO - Processing /opt/airflow/dags/pipeline_economia.py took 0.596 seconds
[2026-06-29T23:43:48.700+0000] {processor.py:161} INFO - Started process (PID=2417) to work on /opt/airflow/dags/pipeline_economia.py
[2026-06-29T23:43:48.701+0000] {processor.py:830} INFO - Processing file /opt/airflow/dags/pipeline_economia.py for tasks to queue
[2026-06-29T23:43:48.703+0000] {logging_mixin.py:188} INFO - [2026-06-29T23:43:48.703+0000] {dagbag.py:540} INFO - Filling up the DagBag from /opt/airflow/dags/pipeline_economia.py
[2026-06-29T23:43:49.377+0000] {processor.py:840} INFO - DAG(s) 'pipeline_economia_br' retrieved from /opt/airflow/dags/pipeline_economia.py
[2026-06-29T23:43:49.400+0000] {logging_mixin.py:188} INFO - [2026-06-29T23:43:49.400+0000] {dag.py:3096} INFO - Sync 1 DAGs
[2026-06-29T23:43:49.415+0000] {logging_mixin.py:188} INFO - [2026-06-29T23:43:49.415+0000] {dag.py:3954} INFO - Setting next_dagrun for pipeline_economia_br to 2026-06-28 08:00:00+00:00, run_after=2026-06-29 08:00:00+00:00
[2026-06-29T23:43:49.430+0000] {processor.py:183} INFO - Processing /opt/airflow/dags/pipeline_economia.py took 0.735 seconds
[2026-06-29T23:44:19.666+0000] {processor.py:161} INFO - Started process (PID=2424) to work on /opt/airflow/dags/pipeline_economia.py
[2026-06-29T23:44:19.667+0000] {processor.py:830} INFO - Processing file /opt/airflow/dags/pipeline_economia.py for tasks to queue
[2026-06-29T23:44:19.669+0000] {logging_mixin.py:188} INFO - [2026-06-29T23:44:19.669+0000] {dagbag.py:540} INFO - Filling up the DagBag from /opt/airflow/dags/pipeline_economia.py
[2026-06-29T23:44:20.198+0000] {processor.py:840} INFO - DAG(s) 'pipeline_economia_br' retrieved from /opt/airflow/dags/pipeline_economia.py
[2026-06-29T23:44:20.217+0000] {logging_mixin.py:188} INFO - [2026-06-29T23:44:20.217+0000] {dag.py:3096} INFO - Sync 1 DAGs
[2026-06-29T23:44:20.232+0000] {logging_mixin.py:188} INFO - [2026-06-29T23:44:20.231+0000] {dag.py:3954} INFO - Setting next_dagrun for pipeline_economia_br to 2026-06-28 08:00:00+00:00, run_after=2026-06-29 08:00:00+00:00
[2026-06-29T23:44:20.245+0000] {processor.py:183} INFO - Processing /opt/airflow/dags/pipeline_economia.py took 0.584 seconds
[2026-06-29T23:44:50.543+0000] {processor.py:161} INFO - Started process (PID=2431) to work on /opt/airflow/dags/pipeline_economia.py
[2026-06-29T23:44:50.544+0000] {processor.py:830} INFO - Processing file /opt/airflow/dags/pipeline_economia.py for tasks to queue
[2026-06-29T23:44:50.547+0000] {logging_mixin.py:188} INFO - [2026-06-29T23:44:50.547+0000] {dagbag.py:540} INFO - Filling up the DagBag from /opt/airflow/dags/pipeline_economia.py
[2026-06-29T23:44:51.261+0000] {processor.py:840} INFO - DAG(s) 'pipeline_economia_br' retrieved from /opt/airflow/dags/pipeline_economia.py
[2026-06-29T23:44:51.283+0000] {logging_mixin.py:188} INFO - [2026-06-29T23:44:51.283+0000] {dag.py:3096} INFO - Sync 1 DAGs
[2026-06-29T23:44:51.297+0000] {logging_mixin.py:188} INFO - [2026-06-29T23:44:51.297+0000] {dag.py:3954} INFO - Setting next_dagrun for pipeline_economia_br to 2026-06-28 08:00:00+00:00, run_after=2026-06-29 08:00:00+00:00
[2026-06-29T23:44:51.316+0000] {processor.py:183} INFO - Processing /opt/airflow/dags/pipeline_economia.py took 0.780 seconds
[2026-06-29T23:45:21.601+0000] {processor.py:161} INFO - Started process (PID=2438) to work on /opt/airflow/dags/pipeline_economia.py
[2026-06-29T23:45:21.602+0000] {processor.py:830} INFO - Processing file /opt/airflow/dags/pipeline_economia.py for tasks to queue
[2026-06-29T23:45:21.605+0000] {logging_mixin.py:188} INFO - [2026-06-29T23:45:21.604+0000] {dagbag.py:540} INFO - Filling up the DagBag from /opt/airflow/dags/pipeline_economia.py
[2026-06-29T23:45:22.181+0000] {processor.py:840} INFO - DAG(s) 'pipeline_economia_br' retrieved from /opt/airflow/dags/pipeline_economia.py
[2026-06-29T23:45:22.200+0000] {logging_mixin.py:188} INFO - [2026-06-29T23:45:22.200+0000] {dag.py:3096} INFO - Sync 1 DAGs
[2026-06-29T23:45:22.214+0000] {logging_mixin.py:188} INFO - [2026-06-29T23:45:22.214+0000] {dag.py:3954} INFO - Setting next_dagrun for pipeline_economia_br to 2026-06-28 08:00:00+00:00, run_after=2026-06-29 08:00:00+00:00
[2026-06-29T23:45:22.229+0000] {processor.py:183} INFO - Processing /opt/airflow/dags/pipeline_economia.py took 0.633 seconds
[2026-06-29T23:45:52.313+0000] {processor.py:161} INFO - Started process (PID=2445) to work on /opt/airflow/dags/pipeline_economia.py
[2026-06-29T23:45:52.314+0000] {processor.py:830} INFO - Processing file /opt/airflow/dags/pipeline_economia.py for tasks to queue
[2026-06-29T23:45:52.317+0000] {logging_mixin.py:188} INFO - [2026-06-29T23:45:52.316+0000] {dagbag.py:540} INFO - Filling up the DagBag from /opt/airflow/dags/pipeline_economia.py
[2026-06-29T23:45:52.876+0000] {processor.py:840} INFO - DAG(s) 'pipeline_economia_br' retrieved from /opt/airflow/dags/pipeline_economia.py
[2026-06-29T23:45:52.896+0000] {logging_mixin.py:188} INFO - [2026-06-29T23:45:52.895+0000] {dag.py:3096} INFO - Sync 1 DAGs
[2026-06-29T23:45:52.909+0000] {logging_mixin.py:188} INFO - [2026-06-29T23:45:52.909+0000] {dag.py:3954} INFO - Setting next_dagrun for pipeline_economia_br to 2026-06-28 08:00:00+00:00, run_after=2026-06-29 08:00:00+00:00
[2026-06-29T23:45:52.926+0000] {processor.py:183} INFO - Processing /opt/airflow/dags/pipeline_economia.py took 0.617 seconds
[2026-06-29T23:46:23.180+0000] {processor.py:161} INFO - Started process (PID=2452) to work on /opt/airflow/dags/pipeline_economia.py
[2026-06-29T23:46:23.181+0000] {processor.py:830} INFO - Processing file /opt/airflow/dags/pipeline_economia.py for tasks to queue
[2026-06-29T23:46:23.183+0000] {logging_mixin.py:188} INFO - [2026-06-29T23:46:23.183+0000] {dagbag.py:540} INFO - Filling up the DagBag from /opt/airflow/dags/pipeline_economia.py
[2026-06-29T23:46:23.723+0000] {processor.py:840} INFO - DAG(s) 'pipeline_economia_br' retrieved from /opt/airflow/dags/pipeline_economia.py
[2026-06-29T23:46:23.743+0000] {logging_mixin.py:188} INFO - [2026-06-29T23:46:23.742+0000] {dag.py:3096} INFO - Sync 1 DAGs
[2026-06-29T23:46:23.756+0000] {logging_mixin.py:188} INFO - [2026-06-29T23:46:23.756+0000] {dag.py:3954} INFO - Setting next_dagrun for pipeline_economia_br to 2026-06-28 08:00:00+00:00, run_after=2026-06-29 08:00:00+00:00
[2026-06-29T23:46:23.771+0000] {processor.py:183} INFO - Processing /opt/airflow/dags/pipeline_economia.py took 0.596 seconds
[2026-06-29T23:46:53.966+0000] {processor.py:161} INFO - Started process (PID=2459) to work on /opt/airflow/dags/pipeline_economia.py
[2026-06-29T23:46:53.967+0000] {processor.py:830} INFO - Processing file /opt/airflow/dags/pipeline_economia.py for tasks to queue
[2026-06-29T23:46:53.969+0000] {logging_mixin.py:188} INFO - [2026-06-29T23:46:53.968+0000] {dagbag.py:540} INFO - Filling up the DagBag from /opt/airflow/dags/pipeline_economia.py
[2026-06-29T23:46:54.676+0000] {processor.py:840} INFO - DAG(s) 'pipeline_economia_br' retrieved from /opt/airflow/dags/pipeline_economia.py
[2026-06-29T23:46:54.698+0000] {logging_mixin.py:188} INFO - [2026-06-29T23:46:54.698+0000] {dag.py:3096} INFO - Sync 1 DAGs
[2026-06-29T23:46:54.715+0000] {logging_mixin.py:188} INFO - [2026-06-29T23:46:54.715+0000] {dag.py:3954} INFO - Setting next_dagrun for pipeline_economia_br to 2026-06-28 08:00:00+00:00, run_after=2026-06-29 08:00:00+00:00
[2026-06-29T23:46:54.728+0000] {processor.py:183} INFO - Processing /opt/airflow/dags/pipeline_economia.py took 0.768 seconds
[2026-06-29T23:47:24.974+0000] {processor.py:161} INFO - Started process (PID=2466) to work on /opt/airflow/dags/pipeline_economia.py
[2026-06-29T23:47:24.975+0000] {processor.py:830} INFO - Processing file /opt/airflow/dags/pipeline_economia.py for tasks to queue
[2026-06-29T23:47:24.976+0000] {logging_mixin.py:188} INFO - [2026-06-29T23:47:24.976+0000] {dagbag.py:540} INFO - Filling up the DagBag from /opt/airflow/dags/pipeline_economia.py
[2026-06-29T23:47:25.521+0000] {processor.py:840} INFO - DAG(s) 'pipeline_economia_br' retrieved from /opt/airflow/dags/pipeline_economia.py
[2026-06-29T23:47:25.542+0000] {logging_mixin.py:188} INFO - [2026-06-29T23:47:25.542+0000] {dag.py:3096} INFO - Sync 1 DAGs
[2026-06-29T23:47:25.558+0000] {logging_mixin.py:188} INFO - [2026-06-29T23:47:25.558+0000] {dag.py:3954} INFO - Setting next_dagrun for pipeline_economia_br to 2026-06-28 08:00:00+00:00, run_after=2026-06-29 08:00:00+00:00
[2026-06-29T23:47:25.572+0000] {processor.py:183} INFO - Processing /opt/airflow/dags/pipeline_economia.py took 0.604 seconds
[2026-06-29T23:47:55.812+0000] {processor.py:161} INFO - Started process (PID=2473) to work on /opt/airflow/dags/pipeline_economia.py
[2026-06-29T23:47:55.813+0000] {processor.py:830} INFO - Processing file /opt/airflow/dags/pipeline_economia.py for tasks to queue
[2026-06-29T23:47:55.815+0000] {logging_mixin.py:188} INFO - [2026-06-29T23:47:55.814+0000] {dagbag.py:540} INFO - Filling up the DagBag from /opt/airflow/dags/pipeline_economia.py
[2026-06-29T23:47:56.339+0000] {processor.py:840} INFO - DAG(s) 'pipeline_economia_br' retrieved from /opt/airflow/dags/pipeline_economia.py
[2026-06-29T23:47:56.360+0000] {logging_mixin.py:188} INFO - [2026-06-29T23:47:56.360+0000] {dag.py:3096} INFO - Sync 1 DAGs
[2026-06-29T23:47:56.374+0000] {logging_mixin.py:188} INFO - [2026-06-29T23:47:56.374+0000] {dag.py:3954} INFO - Setting next_dagrun for pipeline_economia_br to 2026-06-28 08:00:00+00:00, run_after=2026-06-29 08:00:00+00:00
[2026-06-29T23:47:56.389+0000] {processor.py:183} INFO - Processing /opt/airflow/dags/pipeline_economia.py took 0.582 seconds
[2026-06-29T23:48:26.655+0000] {processor.py:161} INFO - Started process (PID=2480) to work on /opt/airflow/dags/pipeline_economia.py
[2026-06-29T23:48:26.656+0000] {processor.py:830} INFO - Processing file /opt/airflow/dags/pipeline_economia.py for tasks to queue
[2026-06-29T23:48:26.657+0000] {logging_mixin.py:188} INFO - [2026-06-29T23:48:26.657+0000] {dagbag.py:540} INFO - Filling up the DagBag from /opt/airflow/dags/pipeline_economia.py
[2026-06-29T23:48:27.177+0000] {processor.py:840} INFO - DAG(s) 'pipeline_economia_br' retrieved from /opt/airflow/dags/pipeline_economia.py
[2026-06-29T23:48:27.198+0000] {logging_mixin.py:188} INFO - [2026-06-29T23:48:27.197+0000] {dag.py:3096} INFO - Sync 1 DAGs
[2026-06-29T23:48:27.211+0000] {logging_mixin.py:188} INFO - [2026-06-29T23:48:27.211+0000] {dag.py:3954} INFO - Setting next_dagrun for pipeline_economia_br to 2026-06-28 08:00:00+00:00, run_after=2026-06-29 08:00:00+00:00
[2026-06-29T23:48:27.227+0000] {processor.py:183} INFO - Processing /opt/airflow/dags/pipeline_economia.py took 0.577 seconds
[2026-06-29T23:48:57.469+0000] {processor.py:161} INFO - Started process (PID=2487) to work on /opt/airflow/dags/pipeline_economia.py
[2026-06-29T23:48:57.470+0000] {processor.py:830} INFO - Processing file /opt/airflow/dags/pipeline_economia.py for tasks to queue
[2026-06-29T23:48:57.472+0000] {logging_mixin.py:188} INFO - [2026-06-29T23:48:57.472+0000] {dagbag.py:540} INFO - Filling up the DagBag from /opt/airflow/dags/pipeline_economia.py
[2026-06-29T23:48:58.029+0000] {processor.py:840} INFO - DAG(s) 'pipeline_economia_br' retrieved from /opt/airflow/dags/pipeline_economia.py
[2026-06-29T23:48:58.048+0000] {logging_mixin.py:188} INFO - [2026-06-29T23:48:58.048+0000] {dag.py:3096} INFO - Sync 1 DAGs
[2026-06-29T23:48:58.061+0000] {logging_mixin.py:188} INFO - [2026-06-29T23:48:58.061+0000] {dag.py:3954} INFO - Setting next_dagrun for pipeline_economia_br to 2026-06-28 08:00:00+00:00, run_after=2026-06-29 08:00:00+00:00
[2026-06-29T23:48:58.076+0000] {processor.py:183} INFO - Processing /opt/airflow/dags/pipeline_economia.py took 0.611 seconds
[2026-06-29T23:49:28.145+0000] {processor.py:161} INFO - Started process (PID=2494) to work on /opt/airflow/dags/pipeline_economia.py
[2026-06-29T23:49:28.146+0000] {processor.py:830} INFO - Processing file /opt/airflow/dags/pipeline_economia.py for tasks to queue
[2026-06-29T23:49:28.147+0000] {logging_mixin.py:188} INFO - [2026-06-29T23:49:28.147+0000] {dagbag.py:540} INFO - Filling up the DagBag from /opt/airflow/dags/pipeline_economia.py
[2026-06-29T23:49:28.702+0000] {processor.py:840} INFO - DAG(s) 'pipeline_economia_br' retrieved from /opt/airflow/dags/pipeline_economia.py
[2026-06-29T23:49:28.721+0000] {logging_mixin.py:188} INFO - [2026-06-29T23:49:28.720+0000] {dag.py:3096} INFO - Sync 1 DAGs
[2026-06-29T23:49:28.736+0000] {logging_mixin.py:188} INFO - [2026-06-29T23:49:28.736+0000] {dag.py:3954} INFO - Setting next_dagrun for pipeline_economia_br to 2026-06-28 08:00:00+00:00, run_after=2026-06-29 08:00:00+00:00
[2026-06-29T23:49:28.753+0000] {processor.py:183} INFO - Processing /opt/airflow/dags/pipeline_economia.py took 0.613 seconds
[2026-06-29T23:49:59.044+0000] {processor.py:161} INFO - Started process (PID=2501) to work on /opt/airflow/dags/pipeline_economia.py
[2026-06-29T23:49:59.045+0000] {processor.py:830} INFO - Processing file /opt/airflow/dags/pipeline_economia.py for tasks to queue
[2026-06-29T23:49:59.047+0000] {logging_mixin.py:188} INFO - [2026-06-29T23:49:59.047+0000] {dagbag.py:540} INFO - Filling up the DagBag from /opt/airflow/dags/pipeline_economia.py
[2026-06-29T23:49:59.652+0000] {processor.py:840} INFO - DAG(s) 'pipeline_economia_br' retrieved from /opt/airflow/dags/pipeline_economia.py
[2026-06-29T23:49:59.670+0000] {logging_mixin.py:188} INFO - [2026-06-29T23:49:59.670+0000] {dag.py:3096} INFO - Sync 1 DAGs
[2026-06-29T23:49:59.686+0000] {logging_mixin.py:188} INFO - [2026-06-29T23:49:59.686+0000] {dag.py:3954} INFO - Setting next_dagrun for pipeline_economia_br to 2026-06-28 08:00:00+00:00, run_after=2026-06-29 08:00:00+00:00
[2026-06-29T23:49:59.700+0000] {processor.py:183} INFO - Processing /opt/airflow/dags/pipeline_economia.py took 0.661 seconds
[2026-06-29T23:50:29.770+0000] {processor.py:161} INFO - Started process (PID=2508) to work on /opt/airflow/dags/pipeline_economia.py
[2026-06-29T23:50:29.771+0000] {processor.py:830} INFO - Processing file /opt/airflow/dags/pipeline_economia.py for tasks to queue
[2026-06-29T23:50:29.773+0000] {logging_mixin.py:188} INFO - [2026-06-29T23:50:29.772+0000] {dagbag.py:540} INFO - Filling up the DagBag from /opt/airflow/dags/pipeline_economia.py
[2026-06-29T23:50:30.480+0000] {processor.py:840} INFO - DAG(s) 'pipeline_economia_br' retrieved from /opt/airflow/dags/pipeline_economia.py
[2026-06-29T23:50:30.503+0000] {logging_mixin.py:188} INFO - [2026-06-29T23:50:30.502+0000] {dag.py:3096} INFO - Sync 1 DAGs
[2026-06-29T23:50:30.519+0000] {logging_mixin.py:188} INFO - [2026-06-29T23:50:30.519+0000] {dag.py:3954} INFO - Setting next_dagrun for pipeline_economia_br to 2026-06-28 08:00:00+00:00, run_after=2026-06-29 08:00:00+00:00
[2026-06-29T23:50:30.535+0000] {processor.py:183} INFO - Processing /opt/airflow/dags/pipeline_economia.py took 0.770 seconds
[2026-06-29T23:51:00.777+0000] {processor.py:161} INFO - Started process (PID=2515) to work on /opt/airflow/dags/pipeline_economia.py
[2026-06-29T23:51:00.778+0000] {processor.py:830} INFO - Processing file /opt/airflow/dags/pipeline_economia.py for tasks to queue
[2026-06-29T23:51:00.781+0000] {logging_mixin.py:188} INFO - [2026-06-29T23:51:00.780+0000] {dagbag.py:540} INFO - Filling up the DagBag from /opt/airflow/dags/pipeline_economia.py
[2026-06-29T23:51:01.352+0000] {processor.py:840} INFO - DAG(s) 'pipeline_economia_br' retrieved from /opt/airflow/dags/pipeline_economia.py
[2026-06-29T23:51:01.374+0000] {logging_mixin.py:188} INFO - [2026-06-29T23:51:01.373+0000] {dag.py:3096} INFO - Sync 1 DAGs
[2026-06-29T23:51:01.389+0000] {logging_mixin.py:188} INFO - [2026-06-29T23:51:01.389+0000] {dag.py:3954} INFO - Setting next_dagrun for pipeline_economia_br to 2026-06-28 08:00:00+00:00, run_after=2026-06-29 08:00:00+00:00
[2026-06-29T23:51:01.404+0000] {processor.py:183} INFO - Processing /opt/airflow/dags/pipeline_economia.py took 0.632 seconds
[2026-06-29T23:51:31.655+0000] {processor.py:161} INFO - Started process (PID=2522) to work on /opt/airflow/dags/pipeline_economia.py
[2026-06-29T23:51:31.656+0000] {processor.py:830} INFO - Processing file /opt/airflow/dags/pipeline_economia.py for tasks to queue
[2026-06-29T23:51:31.658+0000] {logging_mixin.py:188} INFO - [2026-06-29T23:51:31.658+0000] {dagbag.py:540} INFO - Filling up the DagBag from /opt/airflow/dags/pipeline_economia.py
[2026-06-29T23:51:32.340+0000] {processor.py:840} INFO - DAG(s) 'pipeline_economia_br' retrieved from /opt/airflow/dags/pipeline_economia.py
[2026-06-29T23:51:32.364+0000] {logging_mixin.py:188} INFO - [2026-06-29T23:51:32.364+0000] {dag.py:3096} INFO - Sync 1 DAGs
[2026-06-29T23:51:32.377+0000] {logging_mixin.py:188} INFO - [2026-06-29T23:51:32.377+0000] {dag.py:3954} INFO - Setting next_dagrun for pipeline_economia_br to 2026-06-28 08:00:00+00:00, run_after=2026-06-29 08:00:00+00:00
[2026-06-29T23:51:32.389+0000] {processor.py:183} INFO - Processing /opt/airflow/dags/pipeline_economia.py took 0.741 seconds
[2026-06-29T23:52:02.620+0000] {processor.py:161} INFO - Started process (PID=2529) to work on /opt/airflow/dags/pipeline_economia.py
[2026-06-29T23:52:02.621+0000] {processor.py:830} INFO - Processing file /opt/airflow/dags/pipeline_economia.py for tasks to queue
[2026-06-29T23:52:02.623+0000] {logging_mixin.py:188} INFO - [2026-06-29T23:52:02.623+0000] {dagbag.py:540} INFO - Filling up the DagBag from /opt/airflow/dags/pipeline_economia.py
[2026-06-29T23:52:03.237+0000] {processor.py:840} INFO - DAG(s) 'pipeline_economia_br' retrieved from /opt/airflow/dags/pipeline_economia.py
[2026-06-29T23:52:03.258+0000] {logging_mixin.py:188} INFO - [2026-06-29T23:52:03.257+0000] {dag.py:3096} INFO - Sync 1 DAGs
[2026-06-29T23:52:03.272+0000] {logging_mixin.py:188} INFO - [2026-06-29T23:52:03.272+0000] {dag.py:3954} INFO - Setting next_dagrun for pipeline_economia_br to 2026-06-28 08:00:00+00:00, run_after=2026-06-29 08:00:00+00:00
[2026-06-29T23:52:03.287+0000] {processor.py:183} INFO - Processing /opt/airflow/dags/pipeline_economia.py took 0.673 seconds
[2026-06-29T23:52:33.560+0000] {processor.py:161} INFO - Started process (PID=2536) to work on /opt/airflow/dags/pipeline_economia.py
[2026-06-29T23:52:33.561+0000] {processor.py:830} INFO - Processing file /opt/airflow/dags/pipeline_economia.py for tasks to queue
[2026-06-29T23:52:33.564+0000] {logging_mixin.py:188} INFO - [2026-06-29T23:52:33.563+0000] {dagbag.py:540} INFO - Filling up the DagBag from /opt/airflow/dags/pipeline_economia.py
[2026-06-29T23:52:34.334+0000] {processor.py:840} INFO - DAG(s) 'pipeline_economia_br' retrieved from /opt/airflow/dags/pipeline_economia.py
[2026-06-29T23:52:34.358+0000] {logging_mixin.py:188} INFO - [2026-06-29T23:52:34.358+0000] {dag.py:3096} INFO - Sync 1 DAGs
[2026-06-29T23:52:34.373+0000] {logging_mixin.py:188} INFO - [2026-06-29T23:52:34.373+0000] {dag.py:3954} INFO - Setting next_dagrun for pipeline_economia_br to 2026-06-28 08:00:00+00:00, run_after=2026-06-29 08:00:00+00:00
[2026-06-29T23:52:34.388+0000] {processor.py:183} INFO - Processing /opt/airflow/dags/pipeline_economia.py took 0.833 seconds
[2026-06-29T23:53:04.674+0000] {processor.py:161} INFO - Started process (PID=2543) to work on /opt/airflow/dags/pipeline_economia.py
[2026-06-29T23:53:04.675+0000] {processor.py:830} INFO - Processing file /opt/airflow/dags/pipeline_economia.py for tasks to queue
[2026-06-29T23:53:04.677+0000] {logging_mixin.py:188} INFO - [2026-06-29T23:53:04.677+0000] {dagbag.py:540} INFO - Filling up the DagBag from /opt/airflow/dags/pipeline_economia.py
[2026-06-29T23:53:05.295+0000] {processor.py:840} INFO - DAG(s) 'pipeline_economia_br' retrieved from /opt/airflow/dags/pipeline_economia.py
[2026-06-29T23:53:05.317+0000] {logging_mixin.py:188} INFO - [2026-06-29T23:53:05.317+0000] {dag.py:3096} INFO - Sync 1 DAGs
[2026-06-29T23:53:05.335+0000] {logging_mixin.py:188} INFO - [2026-06-29T23:53:05.335+0000] {dag.py:3954} INFO - Setting next_dagrun for pipeline_economia_br to 2026-06-28 08:00:00+00:00, run_after=2026-06-29 08:00:00+00:00
[2026-06-29T23:53:05.352+0000] {processor.py:183} INFO - Processing /opt/airflow/dags/pipeline_economia.py took 0.683 seconds
[2026-06-29T23:53:35.634+0000] {processor.py:161} INFO - Started process (PID=2550) to work on /opt/airflow/dags/pipeline_economia.py
[2026-06-29T23:53:35.635+0000] {processor.py:830} INFO - Processing file /opt/airflow/dags/pipeline_economia.py for tasks to queue
[2026-06-29T23:53:35.638+0000] {logging_mixin.py:188} INFO - [2026-06-29T23:53:35.638+0000] {dagbag.py:540} INFO - Filling up the DagBag from /opt/airflow/dags/pipeline_economia.py
[2026-06-29T23:53:36.346+0000] {processor.py:840} INFO - DAG(s) 'pipeline_economia_br' retrieved from /opt/airflow/dags/pipeline_economia.py
[2026-06-29T23:53:36.368+0000] {logging_mixin.py:188} INFO - [2026-06-29T23:53:36.368+0000] {dag.py:3096} INFO - Sync 1 DAGs
[2026-06-29T23:53:36.383+0000] {logging_mixin.py:188} INFO - [2026-06-29T23:53:36.382+0000] {dag.py:3954} INFO - Setting next_dagrun for pipeline_economia_br to 2026-06-28 08:00:00+00:00, run_after=2026-06-29 08:00:00+00:00
[2026-06-29T23:53:36.397+0000] {processor.py:183} INFO - Processing /opt/airflow/dags/pipeline_economia.py took 0.770 seconds
[2026-06-29T23:54:06.483+0000] {processor.py:161} INFO - Started process (PID=2557) to work on /opt/airflow/dags/pipeline_economia.py
[2026-06-29T23:54:06.484+0000] {processor.py:830} INFO - Processing file /opt/airflow/dags/pipeline_economia.py for tasks to queue
[2026-06-29T23:54:06.486+0000] {logging_mixin.py:188} INFO - [2026-06-29T23:54:06.486+0000] {dagbag.py:540} INFO - Filling up the DagBag from /opt/airflow/dags/pipeline_economia.py
[2026-06-29T23:54:07.018+0000] {processor.py:840} INFO - DAG(s) 'pipeline_economia_br' retrieved from /opt/airflow/dags/pipeline_economia.py
[2026-06-29T23:54:07.038+0000] {logging_mixin.py:188} INFO - [2026-06-29T23:54:07.038+0000] {dag.py:3096} INFO - Sync 1 DAGs
[2026-06-29T23:54:07.051+0000] {logging_mixin.py:188} INFO - [2026-06-29T23:54:07.051+0000] {dag.py:3954} INFO - Setting next_dagrun for pipeline_economia_br to 2026-06-28 08:00:00+00:00, run_after=2026-06-29 08:00:00+00:00
[2026-06-29T23:54:07.068+0000] {processor.py:183} INFO - Processing /opt/airflow/dags/pipeline_economia.py took 0.590 seconds
[2026-06-29T23:54:37.318+0000] {processor.py:161} INFO - Started process (PID=2564) to work on /opt/airflow/dags/pipeline_economia.py
[2026-06-29T23:54:37.319+0000] {processor.py:830} INFO - Processing file /opt/airflow/dags/pipeline_economia.py for tasks to queue
[2026-06-29T23:54:37.321+0000] {logging_mixin.py:188} INFO - [2026-06-29T23:54:37.321+0000] {dagbag.py:540} INFO - Filling up the DagBag from /opt/airflow/dags/pipeline_economia.py
[2026-06-29T23:54:38.012+0000] {processor.py:840} INFO - DAG(s) 'pipeline_economia_br' retrieved from /opt/airflow/dags/pipeline_economia.py
[2026-06-29T23:54:38.035+0000] {logging_mixin.py:188} INFO - [2026-06-29T23:54:38.034+0000] {dag.py:3096} INFO - Sync 1 DAGs
[2026-06-29T23:54:38.049+0000] {logging_mixin.py:188} INFO - [2026-06-29T23:54:38.049+0000] {dag.py:3954} INFO - Setting next_dagrun for pipeline_economia_br to 2026-06-28 08:00:00+00:00, run_after=2026-06-29 08:00:00+00:00
[2026-06-29T23:54:38.063+0000] {processor.py:183} INFO - Processing /opt/airflow/dags/pipeline_economia.py took 0.751 seconds
[2026-06-29T23:55:08.148+0000] {processor.py:161} INFO - Started process (PID=2571) to work on /opt/airflow/dags/pipeline_economia.py
[2026-06-29T23:55:08.149+0000] {processor.py:830} INFO - Processing file /opt/airflow/dags/pipeline_economia.py for tasks to queue
[2026-06-29T23:55:08.151+0000] {logging_mixin.py:188} INFO - [2026-06-29T23:55:08.151+0000] {dagbag.py:540} INFO - Filling up the DagBag from /opt/airflow/dags/pipeline_economia.py
[2026-06-29T23:55:08.715+0000] {processor.py:840} INFO - DAG(s) 'pipeline_economia_br' retrieved from /opt/airflow/dags/pipeline_economia.py
[2026-06-29T23:55:08.732+0000] {logging_mixin.py:188} INFO - [2026-06-29T23:55:08.732+0000] {dag.py:3096} INFO - Sync 1 DAGs
[2026-06-29T23:55:08.745+0000] {logging_mixin.py:188} INFO - [2026-06-29T23:55:08.745+0000] {dag.py:3954} INFO - Setting next_dagrun for pipeline_economia_br to 2026-06-28 08:00:00+00:00, run_after=2026-06-29 08:00:00+00:00
[2026-06-29T23:55:08.759+0000] {processor.py:183} INFO - Processing /opt/airflow/dags/pipeline_economia.py took 0.617 seconds
[2026-06-29T23:55:38.998+0000] {processor.py:161} INFO - Started process (PID=2578) to work on /opt/airflow/dags/pipeline_economia.py
[2026-06-29T23:55:38.999+0000] {processor.py:830} INFO - Processing file /opt/airflow/dags/pipeline_economia.py for tasks to queue
[2026-06-29T23:55:39.002+0000] {logging_mixin.py:188} INFO - [2026-06-29T23:55:39.001+0000] {dagbag.py:540} INFO - Filling up the DagBag from /opt/airflow/dags/pipeline_economia.py
[2026-06-29T23:55:39.688+0000] {processor.py:840} INFO - DAG(s) 'pipeline_economia_br' retrieved from /opt/airflow/dags/pipeline_economia.py
[2026-06-29T23:55:39.709+0000] {logging_mixin.py:188} INFO - [2026-06-29T23:55:39.709+0000] {dag.py:3096} INFO - Sync 1 DAGs
[2026-06-29T23:55:39.722+0000] {logging_mixin.py:188} INFO - [2026-06-29T23:55:39.722+0000] {dag.py:3954} INFO - Setting next_dagrun for pipeline_economia_br to 2026-06-28 08:00:00+00:00, run_after=2026-06-29 08:00:00+00:00
[2026-06-29T23:55:39.735+0000] {processor.py:183} INFO - Processing /opt/airflow/dags/pipeline_economia.py took 0.743 seconds
[2026-06-29T23:56:09.784+0000] {processor.py:161} INFO - Started process (PID=2585) to work on /opt/airflow/dags/pipeline_economia.py
[2026-06-29T23:56:09.785+0000] {processor.py:830} INFO - Processing file /opt/airflow/dags/pipeline_economia.py for tasks to queue
[2026-06-29T23:56:09.788+0000] {logging_mixin.py:188} INFO - [2026-06-29T23:56:09.787+0000] {dagbag.py:540} INFO - Filling up the DagBag from /opt/airflow/dags/pipeline_economia.py
[2026-06-29T23:56:10.329+0000] {processor.py:840} INFO - DAG(s) 'pipeline_economia_br' retrieved from /opt/airflow/dags/pipeline_economia.py
[2026-06-29T23:56:10.347+0000] {logging_mixin.py:188} INFO - [2026-06-29T23:56:10.347+0000] {dag.py:3096} INFO - Sync 1 DAGs
[2026-06-29T23:56:10.362+0000] {logging_mixin.py:188} INFO - [2026-06-29T23:56:10.362+0000] {dag.py:3954} INFO - Setting next_dagrun for pipeline_economia_br to 2026-06-28 08:00:00+00:00, run_after=2026-06-29 08:00:00+00:00
[2026-06-29T23:56:10.375+0000] {processor.py:183} INFO - Processing /opt/airflow/dags/pipeline_economia.py took 0.596 seconds
[2026-06-29T23:56:40.640+0000] {processor.py:161} INFO - Started process (PID=2592) to work on /opt/airflow/dags/pipeline_economia.py
[2026-06-29T23:56:40.641+0000] {processor.py:830} INFO - Processing file /opt/airflow/dags/pipeline_economia.py for tasks to queue
[2026-06-29T23:56:40.643+0000] {logging_mixin.py:188} INFO - [2026-06-29T23:56:40.643+0000] {dagbag.py:540} INFO - Filling up the DagBag from /opt/airflow/dags/pipeline_economia.py
[2026-06-29T23:56:41.350+0000] {processor.py:840} INFO - DAG(s) 'pipeline_economia_br' retrieved from /opt/airflow/dags/pipeline_economia.py
[2026-06-29T23:56:41.371+0000] {logging_mixin.py:188} INFO - [2026-06-29T23:56:41.371+0000] {dag.py:3096} INFO - Sync 1 DAGs
[2026-06-29T23:56:41.386+0000] {logging_mixin.py:188} INFO - [2026-06-29T23:56:41.385+0000] {dag.py:3954} INFO - Setting next_dagrun for pipeline_economia_br to 2026-06-28 08:00:00+00:00, run_after=2026-06-29 08:00:00+00:00
[2026-06-29T23:56:41.399+0000] {processor.py:183} INFO - Processing /opt/airflow/dags/pipeline_economia.py took 0.766 seconds
[2026-06-29T23:57:11.629+0000] {processor.py:161} INFO - Started process (PID=2599) to work on /opt/airflow/dags/pipeline_economia.py
[2026-06-29T23:57:11.630+0000] {processor.py:830} INFO - Processing file /opt/airflow/dags/pipeline_economia.py for tasks to queue
[2026-06-29T23:57:11.632+0000] {logging_mixin.py:188} INFO - [2026-06-29T23:57:11.631+0000] {dagbag.py:540} INFO - Filling up the DagBag from /opt/airflow/dags/pipeline_economia.py
[2026-06-29T23:57:12.183+0000] {processor.py:840} INFO - DAG(s) 'pipeline_economia_br' retrieved from /opt/airflow/dags/pipeline_economia.py
[2026-06-29T23:57:12.209+0000] {logging_mixin.py:188} INFO - [2026-06-29T23:57:12.208+0000] {dag.py:3096} INFO - Sync 1 DAGs
[2026-06-29T23:57:12.225+0000] {logging_mixin.py:188} INFO - [2026-06-29T23:57:12.225+0000] {dag.py:3954} INFO - Setting next_dagrun for pipeline_economia_br to 2026-06-28 08:00:00+00:00, run_after=2026-06-29 08:00:00+00:00
[2026-06-29T23:57:12.244+0000] {processor.py:183} INFO - Processing /opt/airflow/dags/pipeline_economia.py took 0.621 seconds
[2026-06-29T23:57:42.543+0000] {processor.py:161} INFO - Started process (PID=2606) to work on /opt/airflow/dags/pipeline_economia.py
[2026-06-29T23:57:42.545+0000] {processor.py:830} INFO - Processing file /opt/airflow/dags/pipeline_economia.py for tasks to queue
[2026-06-29T23:57:42.547+0000] {logging_mixin.py:188} INFO - [2026-06-29T23:57:42.547+0000] {dagbag.py:540} INFO - Filling up the DagBag from /opt/airflow/dags/pipeline_economia.py
[2026-06-29T23:57:43.090+0000] {processor.py:840} INFO - DAG(s) 'pipeline_economia_br' retrieved from /opt/airflow/dags/pipeline_economia.py
[2026-06-29T23:57:43.111+0000] {logging_mixin.py:188} INFO - [2026-06-29T23:57:43.111+0000] {dag.py:3096} INFO - Sync 1 DAGs
[2026-06-29T23:57:43.126+0000] {logging_mixin.py:188} INFO - [2026-06-29T23:57:43.125+0000] {dag.py:3954} INFO - Setting next_dagrun for pipeline_economia_br to 2026-06-28 08:00:00+00:00, run_after=2026-06-29 08:00:00+00:00
[2026-06-29T23:57:43.141+0000] {processor.py:183} INFO - Processing /opt/airflow/dags/pipeline_economia.py took 0.603 seconds
[2026-06-29T23:58:13.417+0000] {processor.py:161} INFO - Started process (PID=2613) to work on /opt/airflow/dags/pipeline_economia.py
[2026-06-29T23:58:13.419+0000] {processor.py:830} INFO - Processing file /opt/airflow/dags/pipeline_economia.py for tasks to queue
[2026-06-29T23:58:13.421+0000] {logging_mixin.py:188} INFO - [2026-06-29T23:58:13.421+0000] {dagbag.py:540} INFO - Filling up the DagBag from /opt/airflow/dags/pipeline_economia.py
[2026-06-29T23:58:13.963+0000] {processor.py:840} INFO - DAG(s) 'pipeline_economia_br' retrieved from /opt/airflow/dags/pipeline_economia.py
[2026-06-29T23:58:13.983+0000] {logging_mixin.py:188} INFO - [2026-06-29T23:58:13.982+0000] {dag.py:3096} INFO - Sync 1 DAGs
[2026-06-29T23:58:13.997+0000] {logging_mixin.py:188} INFO - [2026-06-29T23:58:13.997+0000] {dag.py:3954} INFO - Setting next_dagrun for pipeline_economia_br to 2026-06-28 08:00:00+00:00, run_after=2026-06-29 08:00:00+00:00
[2026-06-29T23:58:14.011+0000] {processor.py:183} INFO - Processing /opt/airflow/dags/pipeline_economia.py took 0.599 seconds
[2026-06-29T23:58:44.213+0000] {processor.py:161} INFO - Started process (PID=2620) to work on /opt/airflow/dags/pipeline_economia.py
[2026-06-29T23:58:44.214+0000] {processor.py:830} INFO - Processing file /opt/airflow/dags/pipeline_economia.py for tasks to queue
[2026-06-29T23:58:44.216+0000] {logging_mixin.py:188} INFO - [2026-06-29T23:58:44.216+0000] {dagbag.py:540} INFO - Filling up the DagBag from /opt/airflow/dags/pipeline_economia.py
[2026-06-29T23:58:44.899+0000] {processor.py:840} INFO - DAG(s) 'pipeline_economia_br' retrieved from /opt/airflow/dags/pipeline_economia.py
[2026-06-29T23:58:44.925+0000] {logging_mixin.py:188} INFO - [2026-06-29T23:58:44.925+0000] {dag.py:3096} INFO - Sync 1 DAGs
[2026-06-29T23:58:44.939+0000] {logging_mixin.py:188} INFO - [2026-06-29T23:58:44.939+0000] {dag.py:3954} INFO - Setting next_dagrun for pipeline_economia_br to 2026-06-28 08:00:00+00:00, run_after=2026-06-29 08:00:00+00:00
[2026-06-29T23:58:44.955+0000] {processor.py:183} INFO - Processing /opt/airflow/dags/pipeline_economia.py took 0.748 seconds
[2026-06-29T23:59:15.247+0000] {processor.py:161} INFO - Started process (PID=2627) to work on /opt/airflow/dags/pipeline_economia.py
[2026-06-29T23:59:15.249+0000] {processor.py:830} INFO - Processing file /opt/airflow/dags/pipeline_economia.py for tasks to queue
[2026-06-29T23:59:15.251+0000] {logging_mixin.py:188} INFO - [2026-06-29T23:59:15.251+0000] {dagbag.py:540} INFO - Filling up the DagBag from /opt/airflow/dags/pipeline_economia.py
[2026-06-29T23:59:15.864+0000] {processor.py:840} INFO - DAG(s) 'pipeline_economia_br' retrieved from /opt/airflow/dags/pipeline_economia.py
[2026-06-29T23:59:15.888+0000] {logging_mixin.py:188} INFO - [2026-06-29T23:59:15.887+0000] {dag.py:3096} INFO - Sync 1 DAGs
[2026-06-29T23:59:15.909+0000] {logging_mixin.py:188} INFO - [2026-06-29T23:59:15.909+0000] {dag.py:3954} INFO - Setting next_dagrun for pipeline_economia_br to 2026-06-28 08:00:00+00:00, run_after=2026-06-29 08:00:00+00:00
[2026-06-29T23:59:15.928+0000] {processor.py:183} INFO - Processing /opt/airflow/dags/pipeline_economia.py took 0.686 seconds
[2026-06-29T23:59:46.320+0000] {processor.py:161} INFO - Started process (PID=2634) to work on /opt/airflow/dags/pipeline_economia.py
[2026-06-29T23:59:46.322+0000] {processor.py:830} INFO - Processing file /opt/airflow/dags/pipeline_economia.py for tasks to queue
[2026-06-29T23:59:46.324+0000] {logging_mixin.py:188} INFO - [2026-06-29T23:59:46.324+0000] {dagbag.py:540} INFO - Filling up the DagBag from /opt/airflow/dags/pipeline_economia.py
[2026-06-29T23:59:47.021+0000] {processor.py:840} INFO - DAG(s) 'pipeline_economia_br' retrieved from /opt/airflow/dags/pipeline_economia.py
[2026-06-29T23:59:47.043+0000] {logging_mixin.py:188} INFO - [2026-06-29T23:59:47.042+0000] {dag.py:3096} INFO - Sync 1 DAGs
[2026-06-29T23:59:47.058+0000] {logging_mixin.py:188} INFO - [2026-06-29T23:59:47.057+0000] {dag.py:3954} INFO - Setting next_dagrun for pipeline_economia_br to 2026-06-28 08:00:00+00:00, run_after=2026-06-29 08:00:00+00:00
[2026-06-29T23:59:47.071+0000] {processor.py:183} INFO - Processing /opt/airflow/dags/pipeline_economia.py took 0.758 seconds
